case_id,type,arity,n_distinct_roots,gt_roots,method,feature_set,top1,top5,hit@1,hit@3,hit@5,recall@R,fullhit@1,fullhit@3,fullhit@5,ndcg@1,ndcg@3,ndcg@5,avg@1,avg@3,avg@5,mrr
mr1_single_res-host_cpu_single-k8s-v2-formal-r1-20260817142302,s05,single,1,host,BARO,full,search,search;cart;checkout;user;rec-agent,0.0,0.0,0.0,0.0,0.0,0.0,0.0,0.0,0.0,0.0,0.0,0.0,0.0,0.07142857142857142
mr1_single_res-host_cpu_single-k8s-v2-formal-r1-20260817142302,s05,single,1,host,RCD_seed0,full,order,order;backend,0.0,0.0,0.0,0.0,0.0,0.0,0.0,0.0,0.0,0.0,0.0,0.0,0.0,0.0
mr1_single_res-host_cpu_single-k8s-v2-formal-r1-20260817142302,s05,single,1,host,RCD_seed1,full,order,order,0.0,0.0,0.0,0.0,0.0,0.0,0.0,0.0,0.0,0.0,0.0,0.0,0.0,0.0
mr1_single_res-host_cpu_single-k8s-v2-formal-r1-20260817142302,s05,single,1,host,RCD_seed2,full,sasrec,sasrec;user,0.0,0.0,0.0,0.0,0.0,0.0,0.0,0.0,0.0,0.0,0.0,0.0,0.0,0.0
mr1_single_res-host_cpu_single-k8s-v2-formal-r1-20260817142302,s05,single,1,host,RCD_seed3,full,inventory,inventory;checkout,0.0,0.0,0.0,0.0,0.0,0.0,0.0,0.0,0.0,0.0,0.0,0.0,0.0,0.0
mr1_single_res-host_cpu_single-k8s-v2-formal-r1-20260817142302,s05,single,1,host,RCD_seed4,full,sasrec,sasrec;inventory,0.0,0.0,0.0,0.0,0.0,0.0,0.0,0.0,0.0,0.0,0.0,0.0,0.0,0.0
mr1_single_res-host_cpu_single-k8s-v2-formal-r1-20260817142302,s05,single,1,host,delta_ratio,full,host,host;checkout;pricing;catalog;user,1.0,1.0,1.0,1.0,1.0,1.0,1.0,1.0,1.0,1.0,1.0,1.0,1.0,1.0
mr1_single_res-host_cpu_single-k8s-v2-formal-r1-20260817142302,s05,single,1,host,delta_z,full,review-query,review-query;user;host;sasrec;order,0.0,1.0,1.0,0.0,0.0,1.0,1.0,0.0,0.5,0.5,0.0,1.0,1.0,0.3333333333333333
mr1_single_res-host_cpu_single-k8s-v2-formal-r1-20260817142302,s05,single,1,host,BARO,resource,search,search;user;review-query;cart;pricing,0.0,0.0,0.0,0.0,0.0,0.0,0.0,0.0,0.0,0.0,0.0,0.0,0.0,0.07692307692307693
mr1_single_res-host_cpu_single-k8s-v2-formal-r1-20260817142302,s05,single,1,host,RCD_seed0,resource,cart,cart;user,0.0,0.0,0.0,0.0,0.0,0.0,0.0,0.0,0.0,0.0,0.0,0.0,0.0,0.0
mr1_single_res-host_cpu_single-k8s-v2-formal-r1-20260817142302,s05,single,1,host,RCD_seed1,resource,order,order;catalog-gw,0.0,0.0,0.0,0.0,0.0,0.0,0.0,0.0,0.0,0.0,0.0,0.0,0.0,0.0
mr1_single_res-host_cpu_single-k8s-v2-formal-r1-20260817142302,s05,single,1,host,RCD_seed2,resource,inventory,inventory;user,0.0,0.0,0.0,0.0,0.0,0.0,0.0,0.0,0.0,0.0,0.0,0.0,0.0,0.0
mr1_single_res-host_cpu_single-k8s-v2-formal-r1-20260817142302,s05,single,1,host,RCD_seed3,resource,sasrec,sasrec;order,0.0,0.0,0.0,0.0,0.0,0.0,0.0,0.0,0.0,0.0,0.0,0.0,0.0,0.0
mr1_single_res-host_cpu_single-k8s-v2-formal-r1-20260817142302,s05,single,1,host,RCD_seed4,resource,cart,cart;search,0.0,0.0,0.0,0.0,0.0,0.0,0.0,0.0,0.0,0.0,0.0,0.0,0.0,0.0
mr1_single_res-host_cpu_single-k8s-v2-formal-r1-20260817142302,s05,single,1,host,delta_ratio,resource,host,host;catalog-gw;order;catalog;checkout,1.0,1.0,1.0,1.0,1.0,1.0,1.0,1.0,1.0,1.0,1.0,1.0,1.0,1.0
mr1_single_res-host_cpu_single-k8s-v2-formal-r1-20260817142302,s05,single,1,host,delta_z,resource,review-query,review-query;user;host;sasrec;order,0.0,1.0,1.0,0.0,0.0,1.0,1.0,0.0,0.5,0.5,0.0,1.0,1.0,0.3333333333333333
mr2_cross_res-sasrec_cpu_x_catalog_netdelay-k8s-v2-formal-r1-20260817142711,d09,dual,2,sasrec;catalog-gw,BARO,full,pricing,pricing;sasrec;checkout;host;cart,0.0,1.0,1.0,0.5,0.0,0.0,0.0,0.0,0.38685280723454163,0.38685280723454163,0.0,0.5,0.5,0.3
mr2_cross_res-sasrec_cpu_x_catalog_netdelay-k8s-v2-formal-r1-20260817142711,d09,dual,2,sasrec;catalog-gw,RCD_seed0,full,review-query,review-query;pricing,0.0,0.0,0.0,0.0,0.0,0.0,0.0,0.0,0.0,0.0,0.0,0.0,0.0,0.0
mr2_cross_res-sasrec_cpu_x_catalog_netdelay-k8s-v2-formal-r1-20260817142711,d09,dual,2,sasrec;catalog-gw,RCD_seed1,full,pricing,pricing;review-query,0.0,0.0,0.0,0.0,0.0,0.0,0.0,0.0,0.0,0.0,0.0,0.0,0.0,0.0
mr2_cross_res-sasrec_cpu_x_catalog_netdelay-k8s-v2-formal-r1-20260817142711,d09,dual,2,sasrec;catalog-gw,RCD_seed2,full,review-query,review-query,0.0,0.0,0.0,0.0,0.0,0.0,0.0,0.0,0.0,0.0,0.0,0.0,0.0,0.0
mr2_cross_res-sasrec_cpu_x_catalog_netdelay-k8s-v2-formal-r1-20260817142711,d09,dual,2,sasrec;catalog-gw,RCD_seed3,full,review-query,review-query,0.0,0.0,0.0,0.0,0.0,0.0,0.0,0.0,0.0,0.0,0.0,0.0,0.0,0.0
mr2_cross_res-sasrec_cpu_x_catalog_netdelay-k8s-v2-formal-r1-20260817142711,d09,dual,2,sasrec;catalog-gw,RCD_seed4,full,pricing,pricing;search,0.0,0.0,0.0,0.0,0.0,0.0,0.0,0.0,0.0,0.0,0.0,0.0,0.0,0.0
mr2_cross_res-sasrec_cpu_x_catalog_netdelay-k8s-v2-formal-r1-20260817142711,d09,dual,2,sasrec;catalog-gw,delta_ratio,full,sasrec,sasrec;host;backend;checkout;order,1.0,1.0,1.0,0.5,0.0,0.0,0.0,1.0,0.6131471927654584,0.6131471927654584,0.5,0.5,0.5,0.5833333333333334
mr2_cross_res-sasrec_cpu_x_catalog_netdelay-k8s-v2-formal-r1-20260817142711,d09,dual,2,sasrec;catalog-gw,delta_z,full,sasrec,sasrec;mysql;host;user;cart,1.0,1.0,1.0,0.5,0.0,0.0,0.0,1.0,0.6131471927654584,0.6131471927654584,0.5,0.5,0.5,0.5384615384615384
mr2_cross_res-sasrec_cpu_x_catalog_netdelay-k8s-v2-formal-r1-20260817142711,d09,dual,2,sasrec;catalog-gw,BARO,resource,sasrec,sasrec;host;catalog-gw;cart;catalog,1.0,1.0,1.0,0.5,0.0,1.0,1.0,1.0,0.9197207891481876,0.9197207891481876,0.5,1.0,1.0,0.6666666666666666
mr2_cross_res-sasrec_cpu_x_catalog_netdelay-k8s-v2-formal-r1-20260817142711,d09,dual,2,sasrec;catalog-gw,RCD_seed0,resource,search,search,0.0,0.0,0.0,0.0,0.0,0.0,0.0,0.0,0.0,0.0,0.0,0.0,0.0,0.0
mr2_cross_res-sasrec_cpu_x_catalog_netdelay-k8s-v2-formal-r1-20260817142711,d09,dual,2,sasrec;catalog-gw,RCD_seed1,resource,review-query,review-query,0.0,0.0,0.0,0.0,0.0,0.0,0.0,0.0,0.0,0.0,0.0,0.0,0.0,0.0
mr2_cross_res-sasrec_cpu_x_catalog_netdelay-k8s-v2-formal-r1-20260817142711,d09,dual,2,sasrec;catalog-gw,RCD_seed2,resource,review-query,review-query,0.0,0.0,0.0,0.0,0.0,0.0,0.0,0.0,0.0,0.0,0.0,0.0,0.0,0.0
mr2_cross_res-sasrec_cpu_x_catalog_netdelay-k8s-v2-formal-r1-20260817142711,d09,dual,2,sasrec;catalog-gw,RCD_seed3,resource,pricing,pricing,0.0,0.0,0.0,0.0,0.0,0.0,0.0,0.0,0.0,0.0,0.0,0.0,0.0,0.0
mr2_cross_res-sasrec_cpu_x_catalog_netdelay-k8s-v2-formal-r1-20260817142711,d09,dual,2,sasrec;catalog-gw,RCD_seed4,resource,pricing,pricing;review-query;search,0.0,0.0,0.0,0.0,0.0,0.0,0.0,0.0,0.0,0.0,0.0,0.0,0.0,0.0
mr2_cross_res-sasrec_cpu_x_catalog_netdelay-k8s-v2-formal-r1-20260817142711,d09,dual,2,sasrec;catalog-gw,delta_ratio,resource,sasrec,sasrec;host;order;cart;mysql,1.0,1.0,1.0,0.5,0.0,0.0,0.0,1.0,0.6131471927654584,0.6131471927654584,0.5,0.5,0.5,0.5384615384615384
mr2_cross_res-sasrec_cpu_x_catalog_netdelay-k8s-v2-formal-r1-20260817142711,d09,dual,2,sasrec;catalog-gw,delta_z,resource,sasrec,sasrec;mysql;host;user;pricing,1.0,1.0,1.0,0.5,0.0,0.0,0.0,1.0,0.6131471927654584,0.6131471927654584,0.5,0.5,0.5,0.5384615384615384
mr1_single_net-net_delay_single-k8s-v2-formal-r1-20260817142955,s01,single,1,catalog-gw,BARO,full,cart,cart;checkout;pricing;backend;user,0.0,0.0,0.0,0.0,0.0,0.0,0.0,0.0,0.0,0.0,0.0,0.0,0.0,0.07692307692307693
mr1_single_net-net_delay_single-k8s-v2-formal-r1-20260817142955,s01,single,1,catalog-gw,RCD_seed0,full,checkout,checkout,0.0,0.0,0.0,0.0,0.0,0.0,0.0,0.0,0.0,0.0,0.0,0.0,0.0,0.0
mr1_single_net-net_delay_single-k8s-v2-formal-r1-20260817142955,s01,single,1,catalog-gw,RCD_seed1,full,checkout,checkout;catalog,0.0,0.0,0.0,0.0,0.0,0.0,0.0,0.0,0.0,0.0,0.0,0.0,0.0,0.0
mr1_single_net-net_delay_single-k8s-v2-formal-r1-20260817142955,s01,single,1,catalog-gw,RCD_seed2,full,order,order;pricing,0.0,0.0,0.0,0.0,0.0,0.0,0.0,0.0,0.0,0.0,0.0,0.0,0.0,0.0
mr1_single_net-net_delay_single-k8s-v2-formal-r1-20260817142955,s01,single,1,catalog-gw,RCD_seed3,full,checkout,checkout;cart,0.0,0.0,0.0,0.0,0.0,0.0,0.0,0.0,0.0,0.0,0.0,0.0,0.0,0.0
mr1_single_net-net_delay_single-k8s-v2-formal-r1-20260817142955,s01,single,1,catalog-gw,RCD_seed4,full,catalog-gw,catalog-gw;cart,1.0,1.0,1.0,1.0,1.0,1.0,1.0,1.0,1.0,1.0,1.0,1.0,1.0,1.0
mr1_single_net-net_delay_single-k8s-v2-formal-r1-20260817142955,s01,single,1,catalog-gw,delta_ratio,full,pricing,pricing;checkout;review-query;catalog;cart,0.0,0.0,0.0,0.0,0.0,0.0,0.0,0.0,0.0,0.0,0.0,0.0,0.0,0.16666666666666666
mr1_single_net-net_delay_single-k8s-v2-formal-r1-20260817142955,s01,single,1,catalog-gw,delta_z,full,backend,backend;checkout;cart;review-query;catalog,0.0,0.0,0.0,0.0,0.0,0.0,0.0,0.0,0.0,0.0,0.0,0.0,0.0,0.1111111111111111
mr1_single_net-net_delay_single-k8s-v2-formal-r1-20260817142955,s01,single,1,catalog-gw,BARO,resource,pricing,pricing;checkout;user;review-query;cart,0.0,0.0,0.0,0.0,0.0,0.0,0.0,0.0,0.0,0.0,0.0,0.0,0.0,0.09090909090909091
mr1_single_net-net_delay_single-k8s-v2-formal-r1-20260817142955,s01,single,1,catalog-gw,RCD_seed0,resource,cart,cart;catalog-gw,0.0,1.0,1.0,0.0,0.0,1.0,1.0,0.0,0.6309297535714575,0.6309297535714575,0.0,1.0,1.0,0.5
mr1_single_net-net_delay_single-k8s-v2-formal-r1-20260817142955,s01,single,1,catalog-gw,RCD_seed1,resource,pricing,pricing;user,0.0,0.0,0.0,0.0,0.0,0.0,0.0,0.0,0.0,0.0,0.0,0.0,0.0,0.0
mr1_single_net-net_delay_single-k8s-v2-formal-r1-20260817142955,s01,single,1,catalog-gw,RCD_seed2,resource,order,order;catalog-gw,0.0,1.0,1.0,0.0,0.0,1.0,1.0,0.0,0.6309297535714575,0.6309297535714575,0.0,1.0,1.0,0.5
mr1_single_net-net_delay_single-k8s-v2-formal-r1-20260817142955,s01,single,1,catalog-gw,RCD_seed3,resource,cart,cart;checkout,0.0,0.0,0.0,0.0,0.0,0.0,0.0,0.0,0.0,0.0,0.0,0.0,0.0,0.0
mr1_single_net-net_delay_single-k8s-v2-formal-r1-20260817142955,s01,single,1,catalog-gw,RCD_seed4,resource,pricing,pricing;checkout,0.0,0.0,0.0,0.0,0.0,0.0,0.0,0.0,0.0,0.0,0.0,0.0,0.0,0.0
mr1_single_net-net_delay_single-k8s-v2-formal-r1-20260817142955,s01,single,1,catalog-gw,delta_ratio,resource,cart,cart;catalog-gw;catalog;host;checkout,0.0,1.0,1.0,0.0,0.0,1.0,1.0,0.0,0.6309297535714575,0.6309297535714575,0.0,1.0,1.0,0.5
mr1_single_net-net_delay_single-k8s-v2-formal-r1-20260817142955,s01,single,1,catalog-gw,delta_z,resource,backend,backend;checkout;cart;review-query;user,0.0,0.0,0.0,0.0,0.0,0.0,0.0,0.0,0.0,0.0,0.0,0.0,0.0,0.14285714285714285
mr1_single_lif-pod_failure_single-k8s-v2-formal-r1-20260817143309,s15,single,1,cart,BARO,full,cart,cart;order;sasrec;rec-agent;backend,1.0,1.0,1.0,1.0,1.0,1.0,1.0,1.0,1.0,1.0,1.0,1.0,1.0,1.0
mr1_single_lif-pod_failure_single-k8s-v2-formal-r1-20260817143309,s15,single,1,cart,RCD_seed0,full,search,search;cart,0.0,1.0,1.0,0.0,0.0,1.0,1.0,0.0,0.6309297535714575,0.6309297535714575,0.0,1.0,1.0,0.5
mr1_single_lif-pod_failure_single-k8s-v2-formal-r1-20260817143309,s15,single,1,cart,RCD_seed1,full,search,search,0.0,0.0,0.0,0.0,0.0,0.0,0.0,0.0,0.0,0.0,0.0,0.0,0.0,0.0
mr1_single_lif-pod_failure_single-k8s-v2-formal-r1-20260817143309,s15,single,1,cart,RCD_seed2,full,inventory,inventory,0.0,0.0,0.0,0.0,0.0,0.0,0.0,0.0,0.0,0.0,0.0,0.0,0.0,0.0
mr1_single_lif-pod_failure_single-k8s-v2-formal-r1-20260817143309,s15,single,1,cart,RCD_seed3,full,search,search,0.0,0.0,0.0,0.0,0.0,0.0,0.0,0.0,0.0,0.0,0.0,0.0,0.0,0.0
mr1_single_lif-pod_failure_single-k8s-v2-formal-r1-20260817143309,s15,single,1,cart,RCD_seed4,full,catalog-gw,catalog-gw;checkout,0.0,0.0,0.0,0.0,0.0,0.0,0.0,0.0,0.0,0.0,0.0,0.0,0.0,0.0
mr1_single_lif-pod_failure_single-k8s-v2-formal-r1-20260817143309,s15,single,1,cart,delta_ratio,full,cart,cart;catalog;review-query;search;order,1.0,1.0,1.0,1.0,1.0,1.0,1.0,1.0,1.0,1.0,1.0,1.0,1.0,1.0
mr1_single_lif-pod_failure_single-k8s-v2-formal-r1-20260817143309,s15,single,1,cart,delta_z,full,cart,cart;backend;pricing;search;inventory,1.0,1.0,1.0,1.0,1.0,1.0,1.0,1.0,1.0,1.0,1.0,1.0,1.0,1.0
mr1_single_lif-pod_failure_single-k8s-v2-formal-r1-20260817143309,s15,single,1,cart,BARO,resource,cart,cart;order;checkout;search;user,1.0,1.0,1.0,1.0,1.0,1.0,1.0,1.0,1.0,1.0,1.0,1.0,1.0,1.0
mr1_single_lif-pod_failure_single-k8s-v2-formal-r1-20260817143309,s15,single,1,cart,RCD_seed0,resource,checkout,checkout;cart,0.0,1.0,1.0,0.0,0.0,1.0,1.0,0.0,0.6309297535714575,0.6309297535714575,0.0,1.0,1.0,0.5
mr1_single_lif-pod_failure_single-k8s-v2-formal-r1-20260817143309,s15,single,1,cart,RCD_seed1,resource,review-query,review-query;search,0.0,0.0,0.0,0.0,0.0,0.0,0.0,0.0,0.0,0.0,0.0,0.0,0.0,0.0
mr1_single_lif-pod_failure_single-k8s-v2-formal-r1-20260817143309,s15,single,1,cart,RCD_seed2,resource,inventory,inventory;checkout;cart,0.0,1.0,1.0,0.0,0.0,1.0,1.0,0.0,0.5,0.5,0.0,1.0,1.0,0.3333333333333333
mr1_single_lif-pod_failure_single-k8s-v2-formal-r1-20260817143309,s15,single,1,cart,RCD_seed3,resource,cart,cart;checkout,1.0,1.0,1.0,1.0,1.0,1.0,1.0,1.0,1.0,1.0,1.0,1.0,1.0,1.0
mr1_single_lif-pod_failure_single-k8s-v2-formal-r1-20260817143309,s15,single,1,cart,RCD_seed4,resource,pricing,pricing;checkout,0.0,0.0,0.0,0.0,0.0,0.0,0.0,0.0,0.0,0.0,0.0,0.0,0.0,0.0
mr1_single_lif-pod_failure_single-k8s-v2-formal-r1-20260817143309,s15,single,1,cart,delta_ratio,resource,cart,cart;checkout;catalog-gw;pricing;search,1.0,1.0,1.0,1.0,1.0,1.0,1.0,1.0,1.0,1.0,1.0,1.0,1.0,1.0
mr1_single_lif-pod_failure_single-k8s-v2-formal-r1-20260817143309,s15,single,1,cart,delta_z,resource,cart,cart;pricing;search;inventory;host,1.0,1.0,1.0,1.0,1.0,1.0,1.0,1.0,1.0,1.0,1.0,1.0,1.0,1.0
mr1_single_dependency-catalog_latency_single-k8s-v2-formal-r1-20260817143650,s08,single,1,catalog,BARO,full,catalog,catalog;review-query;checkout;pricing;search,1.0,1.0,1.0,1.0,1.0,1.0,1.0,1.0,1.0,1.0,1.0,1.0,1.0,1.0
mr1_single_dependency-catalog_latency_single-k8s-v2-formal-r1-20260817143650,s08,single,1,catalog,RCD_seed0,full,catalog-gw,catalog-gw;pricing;checkout,0.0,0.0,0.0,0.0,0.0,0.0,0.0,0.0,0.0,0.0,0.0,0.0,0.0,0.0
mr1_single_dependency-catalog_latency_single-k8s-v2-formal-r1-20260817143650,s08,single,1,catalog,RCD_seed1,full,catalog-gw,catalog-gw,0.0,0.0,0.0,0.0,0.0,0.0,0.0,0.0,0.0,0.0,0.0,0.0,0.0,0.0
mr1_single_dependency-catalog_latency_single-k8s-v2-formal-r1-20260817143650,s08,single,1,catalog,RCD_seed2,full,catalog,catalog,1.0,1.0,1.0,1.0,1.0,1.0,1.0,1.0,1.0,1.0,1.0,1.0,1.0,1.0
mr1_single_dependency-catalog_latency_single-k8s-v2-formal-r1-20260817143650,s08,single,1,catalog,RCD_seed3,full,catalog-gw,catalog-gw;catalog,0.0,1.0,1.0,0.0,0.0,1.0,1.0,0.0,0.6309297535714575,0.6309297535714575,0.0,1.0,1.0,0.5
mr1_single_dependency-catalog_latency_single-k8s-v2-formal-r1-20260817143650,s08,single,1,catalog,RCD_seed4,full,catalog-gw,catalog-gw,0.0,0.0,0.0,0.0,0.0,0.0,0.0,0.0,0.0,0.0,0.0,0.0,0.0,0.0
mr1_single_dependency-catalog_latency_single-k8s-v2-formal-r1-20260817143650,s08,single,1,catalog,delta_ratio,full,search,search;catalog;pricing;review-query;checkout,0.0,1.0,1.0,0.0,0.0,1.0,1.0,0.0,0.6309297535714575,0.6309297535714575,0.0,1.0,1.0,0.5
mr1_single_dependency-catalog_latency_single-k8s-v2-formal-r1-20260817143650,s08,single,1,catalog,delta_z,full,catalog,catalog;catalog-gw;search;host;pricing,1.0,1.0,1.0,1.0,1.0,1.0,1.0,1.0,1.0,1.0,1.0,1.0,1.0,1.0
mr1_single_dependency-catalog_latency_single-k8s-v2-formal-r1-20260817143650,s08,single,1,catalog,BARO,resource,catalog,catalog;pricing;mysql;catalog-gw;host,1.0,1.0,1.0,1.0,1.0,1.0,1.0,1.0,1.0,1.0,1.0,1.0,1.0,1.0
mr1_single_dependency-catalog_latency_single-k8s-v2-formal-r1-20260817143650,s08,single,1,catalog,RCD_seed0,resource,catalog-gw,catalog-gw;catalog,0.0,1.0,1.0,0.0,0.0,1.0,1.0,0.0,0.6309297535714575,0.6309297535714575,0.0,1.0,1.0,0.5
mr1_single_dependency-catalog_latency_single-k8s-v2-formal-r1-20260817143650,s08,single,1,catalog,RCD_seed1,resource,catalog-gw,catalog-gw;catalog,0.0,1.0,1.0,0.0,0.0,1.0,1.0,0.0,0.6309297535714575,0.6309297535714575,0.0,1.0,1.0,0.5
mr1_single_dependency-catalog_latency_single-k8s-v2-formal-r1-20260817143650,s08,single,1,catalog,RCD_seed2,resource,catalog,catalog,1.0,1.0,1.0,1.0,1.0,1.0,1.0,1.0,1.0,1.0,1.0,1.0,1.0,1.0
mr1_single_dependency-catalog_latency_single-k8s-v2-formal-r1-20260817143650,s08,single,1,catalog,RCD_seed3,resource,catalog,catalog;catalog-gw,1.0,1.0,1.0,1.0,1.0,1.0,1.0,1.0,1.0,1.0,1.0,1.0,1.0,1.0
mr1_single_dependency-catalog_latency_single-k8s-v2-formal-r1-20260817143650,s08,single,1,catalog,RCD_seed4,resource,catalog,catalog;catalog-gw,1.0,1.0,1.0,1.0,1.0,1.0,1.0,1.0,1.0,1.0,1.0,1.0,1.0,1.0
mr1_single_dependency-catalog_latency_single-k8s-v2-formal-r1-20260817143650,s08,single,1,catalog,delta_ratio,resource,catalog-gw,catalog-gw;catalog;host;pricing;mysql,0.0,1.0,1.0,0.0,0.0,1.0,1.0,0.0,0.6309297535714575,0.6309297535714575,0.0,1.0,1.0,0.5
mr1_single_dependency-catalog_latency_single-k8s-v2-formal-r1-20260817143650,s08,single,1,catalog,delta_z,resource,catalog,catalog;catalog-gw;host;pricing;mysql,1.0,1.0,1.0,1.0,1.0,1.0,1.0,1.0,1.0,1.0,1.0,1.0,1.0,1.0
mr2_cross_res-db_lock_x_netdelay-k8s-v2-formal-r1-20260817143931,d10,dual,2,mysql;catalog-gw,BARO,full,order,order;review-query;catalog;checkout;pricing,0.0,0.0,0.0,0.0,0.0,0.0,0.0,0.0,0.0,0.0,0.0,0.0,0.0,0.08116883116883117
mr2_cross_res-db_lock_x_netdelay-k8s-v2-formal-r1-20260817143931,d10,dual,2,mysql;catalog-gw,RCD_seed0,full,user,user;checkout,0.0,0.0,0.0,0.0,0.0,0.0,0.0,0.0,0.0,0.0,0.0,0.0,0.0,0.0
mr2_cross_res-db_lock_x_netdelay-k8s-v2-formal-r1-20260817143931,d10,dual,2,mysql;catalog-gw,RCD_seed1,full,user,user,0.0,0.0,0.0,0.0,0.0,0.0,0.0,0.0,0.0,0.0,0.0,0.0,0.0,0.0
mr2_cross_res-db_lock_x_netdelay-k8s-v2-formal-r1-20260817143931,d10,dual,2,mysql;catalog-gw,RCD_seed2,full,inventory,inventory;pricing,0.0,0.0,0.0,0.0,0.0,0.0,0.0,0.0,0.0,0.0,0.0,0.0,0.0,0.0
mr2_cross_res-db_lock_x_netdelay-k8s-v2-formal-r1-20260817143931,d10,dual,2,mysql;catalog-gw,RCD_seed3,full,user,user,0.0,0.0,0.0,0.0,0.0,0.0,0.0,0.0,0.0,0.0,0.0,0.0,0.0,0.0
mr2_cross_res-db_lock_x_netdelay-k8s-v2-formal-r1-20260817143931,d10,dual,2,mysql;catalog-gw,RCD_seed4,full,order,order,0.0,0.0,0.0,0.0,0.0,0.0,0.0,0.0,0.0,0.0,0.0,0.0,0.0,0.0
mr2_cross_res-db_lock_x_netdelay-k8s-v2-formal-r1-20260817143931,d10,dual,2,mysql;catalog-gw,delta_ratio,full,pricing,pricing;cart;catalog;checkout;order,0.0,0.0,0.0,0.0,0.0,0.0,0.0,0.0,0.0,0.0,0.0,0.0,0.0,0.10416666666666666
mr2_cross_res-db_lock_x_netdelay-k8s-v2-formal-r1-20260817143931,d10,dual,2,mysql;catalog-gw,delta_z,full,order,order;pricing;search;cart;catalog,0.0,0.0,0.0,0.0,0.0,0.0,0.0,0.0,0.0,0.0,0.0,0.0,0.0,0.07179487179487179
mr2_cross_res-db_lock_x_netdelay-k8s-v2-formal-r1-20260817143931,d10,dual,2,mysql;catalog-gw,BARO,resource,cart,cart;user;review-query;checkout;pricing,0.0,0.0,0.0,0.0,0.0,0.0,0.0,0.0,0.0,0.0,0.0,0.0,0.0,0.09401709401709402
mr2_cross_res-db_lock_x_netdelay-k8s-v2-formal-r1-20260817143931,d10,dual,2,mysql;catalog-gw,RCD_seed0,resource,inventory,inventory,0.0,0.0,0.0,0.0,0.0,0.0,0.0,0.0,0.0,0.0,0.0,0.0,0.0,0.0
mr2_cross_res-db_lock_x_netdelay-k8s-v2-formal-r1-20260817143931,d10,dual,2,mysql;catalog-gw,RCD_seed1,resource,search,search,0.0,0.0,0.0,0.0,0.0,0.0,0.0,0.0,0.0,0.0,0.0,0.0,0.0,0.0
mr2_cross_res-db_lock_x_netdelay-k8s-v2-formal-r1-20260817143931,d10,dual,2,mysql;catalog-gw,RCD_seed2,resource,review-query,review-query;cart,0.0,0.0,0.0,0.0,0.0,0.0,0.0,0.0,0.0,0.0,0.0,0.0,0.0,0.0
mr2_cross_res-db_lock_x_netdelay-k8s-v2-formal-r1-20260817143931,d10,dual,2,mysql;catalog-gw,RCD_seed3,resource,checkout,checkout,0.0,0.0,0.0,0.0,0.0,0.0,0.0,0.0,0.0,0.0,0.0,0.0,0.0,0.0
mr2_cross_res-db_lock_x_netdelay-k8s-v2-formal-r1-20260817143931,d10,dual,2,mysql;catalog-gw,RCD_seed4,resource,checkout,checkout;user;search,0.0,0.0,0.0,0.0,0.0,0.0,0.0,0.0,0.0,0.0,0.0,0.0,0.0,0.0
mr2_cross_res-db_lock_x_netdelay-k8s-v2-formal-r1-20260817143931,d10,dual,2,mysql;catalog-gw,delta_ratio,resource,catalog-gw,catalog-gw;catalog;host;pricing;backend,1.0,1.0,1.0,0.5,0.0,0.0,0.0,1.0,0.6131471927654584,0.6131471927654584,0.5,0.5,0.5,0.5625
mr2_cross_res-db_lock_x_netdelay-k8s-v2-formal-r1-20260817143931,d10,dual,2,mysql;catalog-gw,delta_z,resource,search,search;user;review-query;backend;inventory,0.0,0.0,0.0,0.0,0.0,0.0,0.0,0.0,0.0,0.0,0.0,0.0,0.0,0.08012820512820512
mr1_single_net-net_loss_single-k8s-v2-formal-r1-20260817144535,s02,single,1,catalog-gw,BARO,full,checkout,checkout;pricing;sasrec;rec-agent;catalog-gw,0.0,0.0,1.0,0.0,0.0,0.0,1.0,0.0,0.0,0.38685280723454163,0.0,0.0,1.0,0.2
mr1_single_net-net_loss_single-k8s-v2-formal-r1-20260817144535,s02,single,1,catalog-gw,RCD_seed0,full,pricing,pricing,0.0,0.0,0.0,0.0,0.0,0.0,0.0,0.0,0.0,0.0,0.0,0.0,0.0,0.0
mr1_single_net-net_loss_single-k8s-v2-formal-r1-20260817144535,s02,single,1,catalog-gw,RCD_seed1,full,search,search;backend,0.0,0.0,0.0,0.0,0.0,0.0,0.0,0.0,0.0,0.0,0.0,0.0,0.0,0.0
mr1_single_net-net_loss_single-k8s-v2-formal-r1-20260817144535,s02,single,1,catalog-gw,RCD_seed2,full,catalog,catalog;review-query;pricing,0.0,0.0,0.0,0.0,0.0,0.0,0.0,0.0,0.0,0.0,0.0,0.0,0.0,0.0
mr1_single_net-net_loss_single-k8s-v2-formal-r1-20260817144535,s02,single,1,catalog-gw,RCD_seed3,full,backend,backend;pricing,0.0,0.0,0.0,0.0,0.0,0.0,0.0,0.0,0.0,0.0,0.0,0.0,0.0,0.0
mr1_single_net-net_loss_single-k8s-v2-formal-r1-20260817144535,s02,single,1,catalog-gw,RCD_seed4,full,pricing,pricing;backend,0.0,0.0,0.0,0.0,0.0,0.0,0.0,0.0,0.0,0.0,0.0,0.0,0.0,0.0
mr1_single_net-net_loss_single-k8s-v2-formal-r1-20260817144535,s02,single,1,catalog-gw,delta_ratio,full,checkout,checkout;pricing;catalog;catalog-gw;backend,0.0,0.0,1.0,0.0,0.0,0.0,1.0,0.0,0.0,0.43067655807339306,0.0,0.0,1.0,0.25
mr1_single_net-net_loss_single-k8s-v2-formal-r1-20260817144535,s02,single,1,catalog-gw,delta_z,full,checkout,checkout;pricing;review-query;host;catalog,0.0,0.0,0.0,0.0,0.0,0.0,0.0,0.0,0.0,0.0,0.0,0.0,0.0,0.09090909090909091
mr1_single_net-net_loss_single-k8s-v2-formal-r1-20260817144535,s02,single,1,catalog-gw,BARO,resource,sasrec,sasrec;catalog-gw;checkout;review-query;backend,0.0,1.0,1.0,0.0,0.0,1.0,1.0,0.0,0.6309297535714575,0.6309297535714575,0.0,1.0,1.0,0.5
mr1_single_net-net_loss_single-k8s-v2-formal-r1-20260817144535,s02,single,1,catalog-gw,RCD_seed0,resource,review-query,review-query;backend,0.0,0.0,0.0,0.0,0.0,0.0,0.0,0.0,0.0,0.0,0.0,0.0,0.0,0.0
mr1_single_net-net_loss_single-k8s-v2-formal-r1-20260817144535,s02,single,1,catalog-gw,RCD_seed1,resource,search,search,0.0,0.0,0.0,0.0,0.0,0.0,0.0,0.0,0.0,0.0,0.0,0.0,0.0,0.0
mr1_single_net-net_loss_single-k8s-v2-formal-r1-20260817144535,s02,single,1,catalog-gw,RCD_seed2,resource,pricing,pricing,0.0,0.0,0.0,0.0,0.0,0.0,0.0,0.0,0.0,0.0,0.0,0.0,0.0,0.0
mr1_single_net-net_loss_single-k8s-v2-formal-r1-20260817144535,s02,single,1,catalog-gw,RCD_seed3,resource,search,search;review-query,0.0,0.0,0.0,0.0,0.0,0.0,0.0,0.0,0.0,0.0,0.0,0.0,0.0,0.0
mr1_single_net-net_loss_single-k8s-v2-formal-r1-20260817144535,s02,single,1,catalog-gw,RCD_seed4,resource,search,search;backend,0.0,0.0,0.0,0.0,0.0,0.0,0.0,0.0,0.0,0.0,0.0,0.0,0.0,0.0
mr1_single_net-net_loss_single-k8s-v2-formal-r1-20260817144535,s02,single,1,catalog-gw,delta_ratio,resource,catalog-gw,catalog-gw;catalog;pricing;host;checkout,1.0,1.0,1.0,1.0,1.0,1.0,1.0,1.0,1.0,1.0,1.0,1.0,1.0,1.0
mr1_single_net-net_loss_single-k8s-v2-formal-r1-20260817144535,s02,single,1,catalog-gw,delta_z,resource,checkout,checkout;review-query;host;catalog;search,0.0,0.0,0.0,0.0,0.0,0.0,0.0,0.0,0.0,0.0,0.0,0.0,0.0,0.16666666666666666
mr1_single_lif-pod_failure_single-k8s-v2-formal-r1-20260817144854,s19,single,1,search,BARO,full,search,search;sasrec;rec-agent;catalog;pricing,1.0,1.0,1.0,1.0,1.0,1.0,1.0,1.0,1.0,1.0,1.0,1.0,1.0,1.0
mr1_single_lif-pod_failure_single-k8s-v2-formal-r1-20260817144854,s19,single,1,search,RCD_seed0,full,search,search,1.0,1.0,1.0,1.0,1.0,1.0,1.0,1.0,1.0,1.0,1.0,1.0,1.0,1.0
mr1_single_lif-pod_failure_single-k8s-v2-formal-r1-20260817144854,s19,single,1,search,RCD_seed1,full,cart,cart;checkout,0.0,0.0,0.0,0.0,0.0,0.0,0.0,0.0,0.0,0.0,0.0,0.0,0.0,0.0
mr1_single_lif-pod_failure_single-k8s-v2-formal-r1-20260817144854,s19,single,1,search,RCD_seed2,full,catalog,catalog;catalog-gw,0.0,0.0,0.0,0.0,0.0,0.0,0.0,0.0,0.0,0.0,0.0,0.0,0.0,0.0
mr1_single_lif-pod_failure_single-k8s-v2-formal-r1-20260817144854,s19,single,1,search,RCD_seed3,full,user,user;review-query,0.0,0.0,0.0,0.0,0.0,0.0,0.0,0.0,0.0,0.0,0.0,0.0,0.0,0.0
mr1_single_lif-pod_failure_single-k8s-v2-formal-r1-20260817144854,s19,single,1,search,RCD_seed4,full,inventory,inventory;cart,0.0,0.0,0.0,0.0,0.0,0.0,0.0,0.0,0.0,0.0,0.0,0.0,0.0,0.0
mr1_single_lif-pod_failure_single-k8s-v2-formal-r1-20260817144854,s19,single,1,search,delta_ratio,full,search,search;review-query;pricing;mysql;catalog-gw,1.0,1.0,1.0,1.0,1.0,1.0,1.0,1.0,1.0,1.0,1.0,1.0,1.0,1.0
mr1_single_lif-pod_failure_single-k8s-v2-formal-r1-20260817144854,s19,single,1,search,delta_z,full,search,search;review-query;mysql;pricing;checkout,1.0,1.0,1.0,1.0,1.0,1.0,1.0,1.0,1.0,1.0,1.0,1.0,1.0,1.0
mr1_single_lif-pod_failure_single-k8s-v2-formal-r1-20260817144854,s19,single,1,search,BARO,resource,search,search;order;cart;review-query;pricing,1.0,1.0,1.0,1.0,1.0,1.0,1.0,1.0,1.0,1.0,1.0,1.0,1.0,1.0
mr1_single_lif-pod_failure_single-k8s-v2-formal-r1-20260817144854,s19,single,1,search,RCD_seed0,resource,user,user;pricing,0.0,0.0,0.0,0.0,0.0,0.0,0.0,0.0,0.0,0.0,0.0,0.0,0.0,0.0
mr1_single_lif-pod_failure_single-k8s-v2-formal-r1-20260817144854,s19,single,1,search,RCD_seed1,resource,cart,cart,0.0,0.0,0.0,0.0,0.0,0.0,0.0,0.0,0.0,0.0,0.0,0.0,0.0,0.0
mr1_single_lif-pod_failure_single-k8s-v2-formal-r1-20260817144854,s19,single,1,search,RCD_seed2,resource,mysql,mysql;search,0.0,1.0,1.0,0.0,0.0,1.0,1.0,0.0,0.6309297535714575,0.6309297535714575,0.0,1.0,1.0,0.5
mr1_single_lif-pod_failure_single-k8s-v2-formal-r1-20260817144854,s19,single,1,search,RCD_seed3,resource,catalog-gw,catalog-gw;user,0.0,0.0,0.0,0.0,0.0,0.0,0.0,0.0,0.0,0.0,0.0,0.0,0.0,0.0
mr1_single_lif-pod_failure_single-k8s-v2-formal-r1-20260817144854,s19,single,1,search,RCD_seed4,resource,search,search;pricing,1.0,1.0,1.0,1.0,1.0,1.0,1.0,1.0,1.0,1.0,1.0,1.0,1.0,1.0
mr1_single_lif-pod_failure_single-k8s-v2-formal-r1-20260817144854,s19,single,1,search,delta_ratio,resource,mysql,mysql;search;catalog-gw;review-query;catalog,0.0,1.0,1.0,0.0,0.0,1.0,1.0,0.0,0.6309297535714575,0.6309297535714575,0.0,1.0,1.0,0.5
mr1_single_lif-pod_failure_single-k8s-v2-formal-r1-20260817144854,s19,single,1,search,delta_z,resource,search,search;mysql;pricing;checkout;backend,1.0,1.0,1.0,1.0,1.0,1.0,1.0,1.0,1.0,1.0,1.0,1.0,1.0,1.0
mr2_intra_net-net_delay_x_net_loss-k8s-v2-formal-r1-20260817145310,d02,single,1,catalog-gw,BARO,full,checkout,checkout;pricing;cart;sasrec;search,0.0,0.0,0.0,0.0,0.0,0.0,0.0,0.0,0.0,0.0,0.0,0.0,0.0,0.07142857142857142
mr2_intra_net-net_delay_x_net_loss-k8s-v2-formal-r1-20260817145310,d02,single,1,catalog-gw,RCD_seed0,full,pricing,pricing;user,0.0,0.0,0.0,0.0,0.0,0.0,0.0,0.0,0.0,0.0,0.0,0.0,0.0,0.0
mr2_intra_net-net_delay_x_net_loss-k8s-v2-formal-r1-20260817145310,d02,single,1,catalog-gw,RCD_seed1,full,sasrec,sasrec;pricing;user;search,0.0,0.0,0.0,0.0,0.0,0.0,0.0,0.0,0.0,0.0,0.0,0.0,0.0,0.0
mr2_intra_net-net_delay_x_net_loss-k8s-v2-formal-r1-20260817145310,d02,single,1,catalog-gw,RCD_seed2,full,pricing,pricing;catalog;search,0.0,0.0,0.0,0.0,0.0,0.0,0.0,0.0,0.0,0.0,0.0,0.0,0.0,0.0
mr2_intra_net-net_delay_x_net_loss-k8s-v2-formal-r1-20260817145310,d02,single,1,catalog-gw,RCD_seed3,full,sasrec,sasrec;user,0.0,0.0,0.0,0.0,0.0,0.0,0.0,0.0,0.0,0.0,0.0,0.0,0.0,0.0
mr2_intra_net-net_delay_x_net_loss-k8s-v2-formal-r1-20260817145310,d02,single,1,catalog-gw,RCD_seed4,full,catalog,catalog;pricing,0.0,0.0,0.0,0.0,0.0,0.0,0.0,0.0,0.0,0.0,0.0,0.0,0.0,0.0
mr2_intra_net-net_delay_x_net_loss-k8s-v2-formal-r1-20260817145310,d02,single,1,catalog-gw,delta_ratio,full,mysql,mysql;pricing;checkout;catalog;catalog-gw,0.0,0.0,1.0,0.0,0.0,0.0,1.0,0.0,0.0,0.38685280723454163,0.0,0.0,1.0,0.2
mr2_intra_net-net_delay_x_net_loss-k8s-v2-formal-r1-20260817145310,d02,single,1,catalog-gw,delta_z,full,mysql,mysql;backend;checkout;pricing;host,0.0,0.0,0.0,0.0,0.0,0.0,0.0,0.0,0.0,0.0,0.0,0.0,0.0,0.125
mr2_intra_net-net_delay_x_net_loss-k8s-v2-formal-r1-20260817145310,d02,single,1,catalog-gw,BARO,resource,cart,cart;pricing;review-query;checkout;order,0.0,0.0,0.0,0.0,0.0,0.0,0.0,0.0,0.0,0.0,0.0,0.0,0.0,0.09090909090909091
mr2_intra_net-net_delay_x_net_loss-k8s-v2-formal-r1-20260817145310,d02,single,1,catalog-gw,RCD_seed0,resource,pricing,pricing;user,0.0,0.0,0.0,0.0,0.0,0.0,0.0,0.0,0.0,0.0,0.0,0.0,0.0,0.0
mr2_intra_net-net_delay_x_net_loss-k8s-v2-formal-r1-20260817145310,d02,single,1,catalog-gw,RCD_seed1,resource,pricing,pricing;search,0.0,0.0,0.0,0.0,0.0,0.0,0.0,0.0,0.0,0.0,0.0,0.0,0.0,0.0
mr2_intra_net-net_delay_x_net_loss-k8s-v2-formal-r1-20260817145310,d02,single,1,catalog-gw,RCD_seed2,resource,user,user;sasrec,0.0,0.0,0.0,0.0,0.0,0.0,0.0,0.0,0.0,0.0,0.0,0.0,0.0,0.0
mr2_intra_net-net_delay_x_net_loss-k8s-v2-formal-r1-20260817145310,d02,single,1,catalog-gw,RCD_seed3,resource,sasrec,sasrec;search,0.0,0.0,0.0,0.0,0.0,0.0,0.0,0.0,0.0,0.0,0.0,0.0,0.0,0.0
mr2_intra_net-net_delay_x_net_loss-k8s-v2-formal-r1-20260817145310,d02,single,1,catalog-gw,RCD_seed4,resource,user,user;sasrec,0.0,0.0,0.0,0.0,0.0,0.0,0.0,0.0,0.0,0.0,0.0,0.0,0.0,0.0
mr2_intra_net-net_delay_x_net_loss-k8s-v2-formal-r1-20260817145310,d02,single,1,catalog-gw,delta_ratio,resource,mysql,mysql;catalog-gw;catalog;pricing;order,0.0,1.0,1.0,0.0,0.0,1.0,1.0,0.0,0.6309297535714575,0.6309297535714575,0.0,1.0,1.0,0.5
mr2_intra_net-net_delay_x_net_loss-k8s-v2-formal-r1-20260817145310,d02,single,1,catalog-gw,delta_z,resource,mysql,mysql;backend;host;sasrec;pricing,0.0,0.0,0.0,0.0,0.0,0.0,0.0,0.0,0.0,0.0,0.0,0.0,0.0,0.16666666666666666
mr2_cross_res-catalog_latency_x_svc_cpu-k8s-v2-formal-r1-20260817150031,d15,single,1,catalog,BARO,full,catalog,catalog;checkout;pricing;review-query;catalog-gw,1.0,1.0,1.0,1.0,1.0,1.0,1.0,1.0,1.0,1.0,1.0,1.0,1.0,1.0
mr2_cross_res-catalog_latency_x_svc_cpu-k8s-v2-formal-r1-20260817150031,d15,single,1,catalog,RCD_seed0,full,pricing,pricing;catalog,0.0,1.0,1.0,0.0,0.0,1.0,1.0,0.0,0.6309297535714575,0.6309297535714575,0.0,1.0,1.0,0.5
mr2_cross_res-catalog_latency_x_svc_cpu-k8s-v2-formal-r1-20260817150031,d15,single,1,catalog,RCD_seed1,full,pricing,pricing;catalog,0.0,1.0,1.0,0.0,0.0,1.0,1.0,0.0,0.6309297535714575,0.6309297535714575,0.0,1.0,1.0,0.5
mr2_cross_res-catalog_latency_x_svc_cpu-k8s-v2-formal-r1-20260817150031,d15,single,1,catalog,RCD_seed2,full,checkout,checkout;search;catalog,0.0,1.0,1.0,0.0,0.0,1.0,1.0,0.0,0.5,0.5,0.0,1.0,1.0,0.3333333333333333
mr2_cross_res-catalog_latency_x_svc_cpu-k8s-v2-formal-r1-20260817150031,d15,single,1,catalog,RCD_seed3,full,search,search;review-query,0.0,0.0,0.0,0.0,0.0,0.0,0.0,0.0,0.0,0.0,0.0,0.0,0.0,0.0
mr2_cross_res-catalog_latency_x_svc_cpu-k8s-v2-formal-r1-20260817150031,d15,single,1,catalog,RCD_seed4,full,review-query,review-query;catalog,0.0,1.0,1.0,0.0,0.0,1.0,1.0,0.0,0.6309297535714575,0.6309297535714575,0.0,1.0,1.0,0.5
mr2_cross_res-catalog_latency_x_svc_cpu-k8s-v2-formal-r1-20260817150031,d15,single,1,catalog,delta_ratio,full,catalog,catalog;search;host;pricing;review-query,1.0,1.0,1.0,1.0,1.0,1.0,1.0,1.0,1.0,1.0,1.0,1.0,1.0,1.0
mr2_cross_res-catalog_latency_x_svc_cpu-k8s-v2-formal-r1-20260817150031,d15,single,1,catalog,delta_z,full,catalog,catalog;search;host;review-query;checkout,1.0,1.0,1.0,1.0,1.0,1.0,1.0,1.0,1.0,1.0,1.0,1.0,1.0,1.0
mr2_cross_res-catalog_latency_x_svc_cpu-k8s-v2-formal-r1-20260817150031,d15,single,1,catalog,BARO,resource,catalog,catalog;catalog-gw;host;cart;review-query,1.0,1.0,1.0,1.0,1.0,1.0,1.0,1.0,1.0,1.0,1.0,1.0,1.0,1.0
mr2_cross_res-catalog_latency_x_svc_cpu-k8s-v2-formal-r1-20260817150031,d15,single,1,catalog,RCD_seed0,resource,catalog,catalog,1.0,1.0,1.0,1.0,1.0,1.0,1.0,1.0,1.0,1.0,1.0,1.0,1.0,1.0
mr2_cross_res-catalog_latency_x_svc_cpu-k8s-v2-formal-r1-20260817150031,d15,single,1,catalog,RCD_seed1,resource,catalog,catalog,1.0,1.0,1.0,1.0,1.0,1.0,1.0,1.0,1.0,1.0,1.0,1.0,1.0,1.0
mr2_cross_res-catalog_latency_x_svc_cpu-k8s-v2-formal-r1-20260817150031,d15,single,1,catalog,RCD_seed2,resource,catalog,catalog,1.0,1.0,1.0,1.0,1.0,1.0,1.0,1.0,1.0,1.0,1.0,1.0,1.0,1.0
mr2_cross_res-catalog_latency_x_svc_cpu-k8s-v2-formal-r1-20260817150031,d15,single,1,catalog,RCD_seed3,resource,catalog,catalog,1.0,1.0,1.0,1.0,1.0,1.0,1.0,1.0,1.0,1.0,1.0,1.0,1.0,1.0
mr2_cross_res-catalog_latency_x_svc_cpu-k8s-v2-formal-r1-20260817150031,d15,single,1,catalog,RCD_seed4,resource,catalog,catalog,1.0,1.0,1.0,1.0,1.0,1.0,1.0,1.0,1.0,1.0,1.0,1.0,1.0,1.0
mr2_cross_res-catalog_latency_x_svc_cpu-k8s-v2-formal-r1-20260817150031,d15,single,1,catalog,delta_ratio,resource,catalog,catalog;host;search;review-query;checkout,1.0,1.0,1.0,1.0,1.0,1.0,1.0,1.0,1.0,1.0,1.0,1.0,1.0,1.0
mr2_cross_res-catalog_latency_x_svc_cpu-k8s-v2-formal-r1-20260817150031,d15,single,1,catalog,delta_z,resource,catalog,catalog;host;sasrec;pricing;catalog-gw,1.0,1.0,1.0,1.0,1.0,1.0,1.0,1.0,1.0,1.0,1.0,1.0,1.0,1.0
mr1_single_lif-pod_failure_single-k8s-v2-formal-r1-20260817150432,s22,single,1,rec-agent,BARO,full,search,search;cart;rec-agent;order;sasrec,0.0,1.0,1.0,0.0,0.0,1.0,1.0,0.0,0.5,0.5,0.0,1.0,1.0,0.3333333333333333
mr1_single_lif-pod_failure_single-k8s-v2-formal-r1-20260817150432,s22,single,1,rec-agent,RCD_seed0,full,rec-agent,rec-agent;user,1.0,1.0,1.0,1.0,1.0,1.0,1.0,1.0,1.0,1.0,1.0,1.0,1.0,1.0
mr1_single_lif-pod_failure_single-k8s-v2-formal-r1-20260817150432,s22,single,1,rec-agent,RCD_seed1,full,rec-agent,rec-agent;search,1.0,1.0,1.0,1.0,1.0,1.0,1.0,1.0,1.0,1.0,1.0,1.0,1.0,1.0
mr1_single_lif-pod_failure_single-k8s-v2-formal-r1-20260817150432,s22,single,1,rec-agent,RCD_seed2,full,order,order;inventory,0.0,0.0,0.0,0.0,0.0,0.0,0.0,0.0,0.0,0.0,0.0,0.0,0.0,0.0
mr1_single_lif-pod_failure_single-k8s-v2-formal-r1-20260817150432,s22,single,1,rec-agent,RCD_seed3,full,inventory,inventory;checkout,0.0,0.0,0.0,0.0,0.0,0.0,0.0,0.0,0.0,0.0,0.0,0.0,0.0,0.0
mr1_single_lif-pod_failure_single-k8s-v2-formal-r1-20260817150432,s22,single,1,rec-agent,RCD_seed4,full,review-query,review-query;backend,0.0,0.0,0.0,0.0,0.0,0.0,0.0,0.0,0.0,0.0,0.0,0.0,0.0,0.0
mr1_single_lif-pod_failure_single-k8s-v2-formal-r1-20260817150432,s22,single,1,rec-agent,delta_ratio,full,rec-agent,rec-agent;inventory;catalog-gw;search;checkout,1.0,1.0,1.0,1.0,1.0,1.0,1.0,1.0,1.0,1.0,1.0,1.0,1.0,1.0
mr1_single_lif-pod_failure_single-k8s-v2-formal-r1-20260817150432,s22,single,1,rec-agent,delta_z,full,rec-agent,rec-agent;sasrec;catalog-gw;order;pricing,1.0,1.0,1.0,1.0,1.0,1.0,1.0,1.0,1.0,1.0,1.0,1.0,1.0,1.0
mr1_single_lif-pod_failure_single-k8s-v2-formal-r1-20260817150432,s22,single,1,rec-agent,BARO,resource,search,search;cart;rec-agent;order;catalog-gw,0.0,1.0,1.0,0.0,0.0,1.0,1.0,0.0,0.5,0.5,0.0,1.0,1.0,0.3333333333333333
mr1_single_lif-pod_failure_single-k8s-v2-formal-r1-20260817150432,s22,single,1,rec-agent,RCD_seed0,resource,user,user;backend;search,0.0,0.0,0.0,0.0,0.0,0.0,0.0,0.0,0.0,0.0,0.0,0.0,0.0,0.0
mr1_single_lif-pod_failure_single-k8s-v2-formal-r1-20260817150432,s22,single,1,rec-agent,RCD_seed1,resource,backend,backend;search;pricing,0.0,0.0,0.0,0.0,0.0,0.0,0.0,0.0,0.0,0.0,0.0,0.0,0.0,0.0
mr1_single_lif-pod_failure_single-k8s-v2-formal-r1-20260817150432,s22,single,1,rec-agent,RCD_seed2,resource,cart,cart;catalog,0.0,0.0,0.0,0.0,0.0,0.0,0.0,0.0,0.0,0.0,0.0,0.0,0.0,0.0
mr1_single_lif-pod_failure_single-k8s-v2-formal-r1-20260817150432,s22,single,1,rec-agent,RCD_seed3,resource,inventory,inventory;sasrec;order,0.0,0.0,0.0,0.0,0.0,0.0,0.0,0.0,0.0,0.0,0.0,0.0,0.0,0.0
mr1_single_lif-pod_failure_single-k8s-v2-formal-r1-20260817150432,s22,single,1,rec-agent,RCD_seed4,resource,search,search;order;inventory,0.0,0.0,0.0,0.0,0.0,0.0,0.0,0.0,0.0,0.0,0.0,0.0,0.0,0.0
mr1_single_lif-pod_failure_single-k8s-v2-formal-r1-20260817150432,s22,single,1,rec-agent,delta_ratio,resource,rec-agent,rec-agent;catalog-gw;catalog;host;backend,1.0,1.0,1.0,1.0,1.0,1.0,1.0,1.0,1.0,1.0,1.0,1.0,1.0,1.0
mr1_single_lif-pod_failure_single-k8s-v2-formal-r1-20260817150432,s22,single,1,rec-agent,delta_z,resource,rec-agent,rec-agent;sasrec;catalog-gw;order;pricing,1.0,1.0,1.0,1.0,1.0,1.0,1.0,1.0,1.0,1.0,1.0,1.0,1.0,1.0
mr2_cross_net-net_delay_x_podfail-k8s-v2-formal-r1-20260817151302,d08,dual,2,catalog-gw;user,BARO,full,checkout,checkout;pricing;cart;rec-agent;catalog-gw,0.0,0.0,1.0,0.0,0.0,0.0,0.0,0.0,0.0,0.23719771276929622,0.0,0.0,0.5,0.18333333333333335
mr2_cross_net-net_delay_x_podfail-k8s-v2-formal-r1-20260817151302,d08,dual,2,catalog-gw;user,RCD_seed0,full,sasrec,sasrec;pricing,0.0,0.0,0.0,0.0,0.0,0.0,0.0,0.0,0.0,0.0,0.0,0.0,0.0,0.0
mr2_cross_net-net_delay_x_podfail-k8s-v2-formal-r1-20260817151302,d08,dual,2,catalog-gw;user,RCD_seed1,full,sasrec,sasrec;cart;pricing,0.0,0.0,0.0,0.0,0.0,0.0,0.0,0.0,0.0,0.0,0.0,0.0,0.0,0.0
mr2_cross_net-net_delay_x_podfail-k8s-v2-formal-r1-20260817151302,d08,dual,2,catalog-gw;user,RCD_seed2,full,pricing,pricing;sasrec,0.0,0.0,0.0,0.0,0.0,0.0,0.0,0.0,0.0,0.0,0.0,0.0,0.0,0.0
mr2_cross_net-net_delay_x_podfail-k8s-v2-formal-r1-20260817151302,d08,dual,2,catalog-gw;user,RCD_seed3,full,sasrec,sasrec,0.0,0.0,0.0,0.0,0.0,0.0,0.0,0.0,0.0,0.0,0.0,0.0,0.0,0.0
mr2_cross_net-net_delay_x_podfail-k8s-v2-formal-r1-20260817151302,d08,dual,2,catalog-gw;user,RCD_seed4,full,pricing,pricing,0.0,0.0,0.0,0.0,0.0,0.0,0.0,0.0,0.0,0.0,0.0,0.0,0.0,0.0
mr2_cross_net-net_delay_x_podfail-k8s-v2-formal-r1-20260817151302,d08,dual,2,catalog-gw;user,delta_ratio,full,pricing,pricing;checkout;mysql;review-query;order,0.0,0.0,0.0,0.0,0.0,0.0,0.0,0.0,0.0,0.0,0.0,0.0,0.0,0.11805555555555555
mr2_cross_net-net_delay_x_podfail-k8s-v2-formal-r1-20260817151302,d08,dual,2,catalog-gw;user,delta_z,full,mysql,mysql;sasrec;checkout;review-query;pricing,0.0,0.0,0.0,0.0,0.0,0.0,0.0,0.0,0.0,0.0,0.0,0.0,0.0,0.12179487179487179
mr2_cross_net-net_delay_x_podfail-k8s-v2-formal-r1-20260817151302,d08,dual,2,catalog-gw;user,BARO,resource,catalog-gw,catalog-gw;user;catalog;order;cart,1.0,1.0,1.0,1.0,0.0,1.0,1.0,1.0,1.0,1.0,0.5,1.0,1.0,0.75
mr2_cross_net-net_delay_x_podfail-k8s-v2-formal-r1-20260817151302,d08,dual,2,catalog-gw;user,RCD_seed0,resource,sasrec,sasrec;cart,0.0,0.0,0.0,0.0,0.0,0.0,0.0,0.0,0.0,0.0,0.0,0.0,0.0,0.0
mr2_cross_net-net_delay_x_podfail-k8s-v2-formal-r1-20260817151302,d08,dual,2,catalog-gw;user,RCD_seed1,resource,pricing,pricing,0.0,0.0,0.0,0.0,0.0,0.0,0.0,0.0,0.0,0.0,0.0,0.0,0.0,0.0
mr2_cross_net-net_delay_x_podfail-k8s-v2-formal-r1-20260817151302,d08,dual,2,catalog-gw;user,RCD_seed2,resource,pricing,pricing,0.0,0.0,0.0,0.0,0.0,0.0,0.0,0.0,0.0,0.0,0.0,0.0,0.0,0.0
mr2_cross_net-net_delay_x_podfail-k8s-v2-formal-r1-20260817151302,d08,dual,2,catalog-gw;user,RCD_seed3,resource,pricing,pricing,0.0,0.0,0.0,0.0,0.0,0.0,0.0,0.0,0.0,0.0,0.0,0.0,0.0,0.0
mr2_cross_net-net_delay_x_podfail-k8s-v2-formal-r1-20260817151302,d08,dual,2,catalog-gw;user,RCD_seed4,resource,cart,cart;pricing,0.0,0.0,0.0,0.0,0.0,0.0,0.0,0.0,0.0,0.0,0.0,0.0,0.0,0.0
mr2_cross_net-net_delay_x_podfail-k8s-v2-formal-r1-20260817151302,d08,dual,2,catalog-gw;user,delta_ratio,resource,mysql,mysql;checkout;backend;catalog-gw;search,0.0,0.0,1.0,0.0,0.0,0.0,0.0,0.0,0.0,0.2640681225725909,0.0,0.0,0.5,0.19642857142857142
mr2_cross_net-net_delay_x_podfail-k8s-v2-formal-r1-20260817151302,d08,dual,2,catalog-gw;user,delta_z,resource,mysql,mysql;sasrec;catalog-gw;search;cart,0.0,1.0,1.0,0.0,0.0,0.0,0.0,0.0,0.3065735963827292,0.3065735963827292,0.0,0.5,0.5,0.20833333333333331
mr2_cross_net-pod_failure_x_net_delay-k8s-v2-formal-r1-20260817152425,d16,dual,2,catalog-gw;catalog,BARO,full,pricing,pricing;checkout;inventory;catalog;cart,0.0,0.0,1.0,0.0,0.0,0.0,0.0,0.0,0.0,0.2640681225725909,0.0,0.0,0.5,0.18055555555555555
mr2_cross_net-pod_failure_x_net_delay-k8s-v2-formal-r1-20260817152425,d16,dual,2,catalog-gw;catalog,RCD_seed0,full,checkout,checkout,0.0,0.0,0.0,0.0,0.0,0.0,0.0,0.0,0.0,0.0,0.0,0.0,0.0,0.0
mr2_cross_net-pod_failure_x_net_delay-k8s-v2-formal-r1-20260817152425,d16,dual,2,catalog-gw;catalog,RCD_seed1,full,pricing,pricing,0.0,0.0,0.0,0.0,0.0,0.0,0.0,0.0,0.0,0.0,0.0,0.0,0.0,0.0
mr2_cross_net-pod_failure_x_net_delay-k8s-v2-formal-r1-20260817152425,d16,dual,2,catalog-gw;catalog,RCD_seed2,full,pricing,pricing;checkout,0.0,0.0,0.0,0.0,0.0,0.0,0.0,0.0,0.0,0.0,0.0,0.0,0.0,0.0
mr2_cross_net-pod_failure_x_net_delay-k8s-v2-formal-r1-20260817152425,d16,dual,2,catalog-gw;catalog,RCD_seed3,full,user,user;pricing,0.0,0.0,0.0,0.0,0.0,0.0,0.0,0.0,0.0,0.0,0.0,0.0,0.0,0.0
mr2_cross_net-pod_failure_x_net_delay-k8s-v2-formal-r1-20260817152425,d16,dual,2,catalog-gw;catalog,RCD_seed4,full,user,user;checkout,0.0,0.0,0.0,0.0,0.0,0.0,0.0,0.0,0.0,0.0,0.0,0.0,0.0,0.0
mr2_cross_net-pod_failure_x_net_delay-k8s-v2-formal-r1-20260817152425,d16,dual,2,catalog-gw;catalog,delta_ratio,full,pricing,pricing;checkout;backend;catalog;mysql,0.0,0.0,1.0,0.0,0.0,0.0,0.0,0.0,0.0,0.2640681225725909,0.0,0.0,0.5,0.20833333333333331
mr2_cross_net-pod_failure_x_net_delay-k8s-v2-formal-r1-20260817152425,d16,dual,2,catalog-gw;catalog,delta_z,full,catalog,catalog;backend;mysql;sasrec;pricing,1.0,1.0,1.0,0.5,0.0,0.0,0.0,1.0,0.6131471927654584,0.6131471927654584,0.5,0.5,0.5,0.5454545454545454
mr2_cross_net-pod_failure_x_net_delay-k8s-v2-formal-r1-20260817152425,d16,dual,2,catalog-gw;catalog,BARO,resource,catalog,catalog;search;catalog-gw;review-query;cart,1.0,1.0,1.0,0.5,0.0,1.0,1.0,1.0,0.9197207891481876,0.9197207891481876,0.5,1.0,1.0,0.6666666666666666
mr2_cross_net-pod_failure_x_net_delay-k8s-v2-formal-r1-20260817152425,d16,dual,2,catalog-gw;catalog,RCD_seed0,resource,user,user,0.0,0.0,0.0,0.0,0.0,0.0,0.0,0.0,0.0,0.0,0.0,0.0,0.0,0.0
mr2_cross_net-pod_failure_x_net_delay-k8s-v2-formal-r1-20260817152425,d16,dual,2,catalog-gw;catalog,RCD_seed1,resource,user,user,0.0,0.0,0.0,0.0,0.0,0.0,0.0,0.0,0.0,0.0,0.0,0.0,0.0,0.0
mr2_cross_net-pod_failure_x_net_delay-k8s-v2-formal-r1-20260817152425,d16,dual,2,catalog-gw;catalog,RCD_seed2,resource,user,user,0.0,0.0,0.0,0.0,0.0,0.0,0.0,0.0,0.0,0.0,0.0,0.0,0.0,0.0
mr2_cross_net-pod_failure_x_net_delay-k8s-v2-formal-r1-20260817152425,d16,dual,2,catalog-gw;catalog,RCD_seed3,resource,user,user,0.0,0.0,0.0,0.0,0.0,0.0,0.0,0.0,0.0,0.0,0.0,0.0,0.0,0.0
mr2_cross_net-pod_failure_x_net_delay-k8s-v2-formal-r1-20260817152425,d16,dual,2,catalog-gw;catalog,RCD_seed4,resource,user,user,0.0,0.0,0.0,0.0,0.0,0.0,0.0,0.0,0.0,0.0,0.0,0.0,0.0,0.0
mr2_cross_net-pod_failure_x_net_delay-k8s-v2-formal-r1-20260817152425,d16,dual,2,catalog-gw;catalog,delta_ratio,resource,mysql,mysql;catalog;checkout;cart;host,0.0,1.0,1.0,0.5,0.0,0.0,0.0,0.0,0.38685280723454163,0.38685280723454163,0.0,0.5,0.5,0.3
mr2_cross_net-pod_failure_x_net_delay-k8s-v2-formal-r1-20260817152425,d16,dual,2,catalog-gw;catalog,delta_z,resource,catalog,catalog;mysql;sasrec;host;search,1.0,1.0,1.0,0.5,0.0,0.0,0.0,1.0,0.6131471927654584,0.6131471927654584,0.5,0.5,0.5,0.5714285714285714
mr1_single_res-service_cpu_single-k8s-v2-formal-r1-20260817153749,s20,single,1,rec-agent,BARO,full,rec-agent,rec-agent;pricing;sasrec;review-query;catalog,1.0,1.0,1.0,1.0,1.0,1.0,1.0,1.0,1.0,1.0,1.0,1.0,1.0,1.0
mr1_single_res-service_cpu_single-k8s-v2-formal-r1-20260817153749,s20,single,1,rec-agent,RCD_seed0,full,cart,cart,0.0,0.0,0.0,0.0,0.0,0.0,0.0,0.0,0.0,0.0,0.0,0.0,0.0,0.0
mr1_single_res-service_cpu_single-k8s-v2-formal-r1-20260817153749,s20,single,1,rec-agent,RCD_seed1,full,cart,cart,0.0,0.0,0.0,0.0,0.0,0.0,0.0,0.0,0.0,0.0,0.0,0.0,0.0,0.0
mr1_single_res-service_cpu_single-k8s-v2-formal-r1-20260817153749,s20,single,1,rec-agent,RCD_seed2,full,cart,cart,0.0,0.0,0.0,0.0,0.0,0.0,0.0,0.0,0.0,0.0,0.0,0.0,0.0,0.0
mr1_single_res-service_cpu_single-k8s-v2-formal-r1-20260817153749,s20,single,1,rec-agent,RCD_seed3,full,cart,cart,0.0,0.0,0.0,0.0,0.0,0.0,0.0,0.0,0.0,0.0,0.0,0.0,0.0,0.0
mr1_single_res-service_cpu_single-k8s-v2-formal-r1-20260817153749,s20,single,1,rec-agent,RCD_seed4,full,cart,cart,0.0,0.0,0.0,0.0,0.0,0.0,0.0,0.0,0.0,0.0,0.0,0.0,0.0,0.0
mr1_single_res-service_cpu_single-k8s-v2-formal-r1-20260817153749,s20,single,1,rec-agent,delta_ratio,full,rec-agent,rec-agent;host;cart;review-query;user,1.0,1.0,1.0,1.0,1.0,1.0,1.0,1.0,1.0,1.0,1.0,1.0,1.0,1.0
mr1_single_res-service_cpu_single-k8s-v2-formal-r1-20260817153749,s20,single,1,rec-agent,delta_z,full,rec-agent,rec-agent;host;review-query;cart;pricing,1.0,1.0,1.0,1.0,1.0,1.0,1.0,1.0,1.0,1.0,1.0,1.0,1.0,1.0
mr1_single_res-service_cpu_single-k8s-v2-formal-r1-20260817153749,s20,single,1,rec-agent,BARO,resource,rec-agent,rec-agent;catalog-gw;host;catalog;cart,1.0,1.0,1.0,1.0,1.0,1.0,1.0,1.0,1.0,1.0,1.0,1.0,1.0,1.0
mr1_single_res-service_cpu_single-k8s-v2-formal-r1-20260817153749,s20,single,1,rec-agent,RCD_seed0,resource,cart,cart,0.0,0.0,0.0,0.0,0.0,0.0,0.0,0.0,0.0,0.0,0.0,0.0,0.0,0.0
mr1_single_res-service_cpu_single-k8s-v2-formal-r1-20260817153749,s20,single,1,rec-agent,RCD_seed1,resource,cart,cart,0.0,0.0,0.0,0.0,0.0,0.0,0.0,0.0,0.0,0.0,0.0,0.0,0.0,0.0
mr1_single_res-service_cpu_single-k8s-v2-formal-r1-20260817153749,s20,single,1,rec-agent,RCD_seed2,resource,cart,cart,0.0,0.0,0.0,0.0,0.0,0.0,0.0,0.0,0.0,0.0,0.0,0.0,0.0,0.0
mr1_single_res-service_cpu_single-k8s-v2-formal-r1-20260817153749,s20,single,1,rec-agent,RCD_seed3,resource,cart,cart,0.0,0.0,0.0,0.0,0.0,0.0,0.0,0.0,0.0,0.0,0.0,0.0,0.0,0.0
mr1_single_res-service_cpu_single-k8s-v2-formal-r1-20260817153749,s20,single,1,rec-agent,RCD_seed4,resource,cart,cart,0.0,0.0,0.0,0.0,0.0,0.0,0.0,0.0,0.0,0.0,0.0,0.0,0.0,0.0
mr1_single_res-service_cpu_single-k8s-v2-formal-r1-20260817153749,s20,single,1,rec-agent,delta_ratio,resource,rec-agent,rec-agent;host;catalog-gw;catalog;order,1.0,1.0,1.0,1.0,1.0,1.0,1.0,1.0,1.0,1.0,1.0,1.0,1.0,1.0
mr1_single_res-service_cpu_single-k8s-v2-formal-r1-20260817153749,s20,single,1,rec-agent,delta_z,resource,rec-agent,rec-agent;host;cart;review-query;user,1.0,1.0,1.0,1.0,1.0,1.0,1.0,1.0,1.0,1.0,1.0,1.0,1.0,1.0
mr2_cross_dependency-net_delay_x_inv_latency-k8s-v2-formal-r1-20260817155503,d07,dual,2,inventory;catalog-gw,BARO,full,inventory,inventory;pricing;checkout;backend;sasrec,1.0,1.0,1.0,0.5,0.0,0.0,0.0,1.0,0.6131471927654584,0.6131471927654584,0.5,0.5,0.5,0.5833333333333334
mr2_cross_dependency-net_delay_x_inv_latency-k8s-v2-formal-r1-20260817155503,d07,dual,2,inventory;catalog-gw,RCD_seed0,full,inventory,inventory,1.0,1.0,1.0,0.5,0.0,0.0,0.0,1.0,0.6131471927654584,0.6131471927654584,0.5,0.5,0.5,0.5
mr2_cross_dependency-net_delay_x_inv_latency-k8s-v2-formal-r1-20260817155503,d07,dual,2,inventory;catalog-gw,RCD_seed1,full,inventory,inventory,1.0,1.0,1.0,0.5,0.0,0.0,0.0,1.0,0.6131471927654584,0.6131471927654584,0.5,0.5,0.5,0.5
mr2_cross_dependency-net_delay_x_inv_latency-k8s-v2-formal-r1-20260817155503,d07,dual,2,inventory;catalog-gw,RCD_seed2,full,inventory,inventory,1.0,1.0,1.0,0.5,0.0,0.0,0.0,1.0,0.6131471927654584,0.6131471927654584,0.5,0.5,0.5,0.5
mr2_cross_dependency-net_delay_x_inv_latency-k8s-v2-formal-r1-20260817155503,d07,dual,2,inventory;catalog-gw,RCD_seed3,full,inventory,inventory,1.0,1.0,1.0,0.5,0.0,0.0,0.0,1.0,0.6131471927654584,0.6131471927654584,0.5,0.5,0.5,0.5
mr2_cross_dependency-net_delay_x_inv_latency-k8s-v2-formal-r1-20260817155503,d07,dual,2,inventory;catalog-gw,RCD_seed4,full,inventory,inventory,1.0,1.0,1.0,0.5,0.0,0.0,0.0,1.0,0.6131471927654584,0.6131471927654584,0.5,0.5,0.5,0.5
mr2_cross_dependency-net_delay_x_inv_latency-k8s-v2-formal-r1-20260817155503,d07,dual,2,inventory;catalog-gw,delta_ratio,full,checkout,checkout;inventory;backend;catalog;cart,0.0,1.0,1.0,0.5,0.0,0.0,0.0,0.0,0.38685280723454163,0.38685280723454163,0.0,0.5,0.5,0.2916666666666667
mr2_cross_dependency-net_delay_x_inv_latency-k8s-v2-formal-r1-20260817155503,d07,dual,2,inventory;catalog-gw,delta_z,full,inventory,inventory;backend;sasrec;host;checkout,1.0,1.0,1.0,0.5,0.0,0.0,0.0,1.0,0.6131471927654584,0.6131471927654584,0.5,0.5,0.5,0.5384615384615384
mr2_cross_dependency-net_delay_x_inv_latency-k8s-v2-formal-r1-20260817155503,d07,dual,2,inventory;catalog-gw,BARO,resource,inventory,inventory;catalog-gw;checkout;order;search,1.0,1.0,1.0,1.0,0.0,1.0,1.0,1.0,1.0,1.0,0.5,1.0,1.0,0.75
mr2_cross_dependency-net_delay_x_inv_latency-k8s-v2-formal-r1-20260817155503,d07,dual,2,inventory;catalog-gw,RCD_seed0,resource,inventory,inventory,1.0,1.0,1.0,0.5,0.0,0.0,0.0,1.0,0.6131471927654584,0.6131471927654584,0.5,0.5,0.5,0.5
mr2_cross_dependency-net_delay_x_inv_latency-k8s-v2-formal-r1-20260817155503,d07,dual,2,inventory;catalog-gw,RCD_seed1,resource,inventory,inventory,1.0,1.0,1.0,0.5,0.0,0.0,0.0,1.0,0.6131471927654584,0.6131471927654584,0.5,0.5,0.5,0.5
mr2_cross_dependency-net_delay_x_inv_latency-k8s-v2-formal-r1-20260817155503,d07,dual,2,inventory;catalog-gw,RCD_seed2,resource,inventory,inventory,1.0,1.0,1.0,0.5,0.0,0.0,0.0,1.0,0.6131471927654584,0.6131471927654584,0.5,0.5,0.5,0.5
mr2_cross_dependency-net_delay_x_inv_latency-k8s-v2-formal-r1-20260817155503,d07,dual,2,inventory;catalog-gw,RCD_seed3,resource,inventory,inventory,1.0,1.0,1.0,0.5,0.0,0.0,0.0,1.0,0.6131471927654584,0.6131471927654584,0.5,0.5,0.5,0.5
mr2_cross_dependency-net_delay_x_inv_latency-k8s-v2-formal-r1-20260817155503,d07,dual,2,inventory;catalog-gw,RCD_seed4,resource,inventory,inventory,1.0,1.0,1.0,0.5,0.0,0.0,0.0,1.0,0.6131471927654584,0.6131471927654584,0.5,0.5,0.5,0.5
mr2_cross_dependency-net_delay_x_inv_latency-k8s-v2-formal-r1-20260817155503,d07,dual,2,inventory;catalog-gw,delta_ratio,resource,inventory,inventory;checkout;cart;host;user,1.0,1.0,1.0,0.5,0.0,0.0,0.0,1.0,0.6131471927654584,0.6131471927654584,0.5,0.5,0.5,0.5555555555555556
mr2_cross_dependency-net_delay_x_inv_latency-k8s-v2-formal-r1-20260817155503,d07,dual,2,inventory;catalog-gw,delta_z,resource,inventory,inventory;sasrec;host;checkout;search,1.0,1.0,1.0,0.5,0.0,0.0,0.0,1.0,0.6131471927654584,0.6131471927654584,0.5,0.5,0.5,0.5384615384615384
mr3_cross_dependency-pod_failure_x_catalog_latency_x_cfg_timeout-k8s-v2-formal-r1-20260817161039,t04,dual,2,catalog;catalog-gw,BARO,full,checkout,checkout;search;pricing;review-query;catalog,0.0,0.0,1.0,0.0,0.0,0.0,0.0,0.0,0.0,0.23719771276929622,0.0,0.0,0.5,0.18333333333333335
mr3_cross_dependency-pod_failure_x_catalog_latency_x_cfg_timeout-k8s-v2-formal-r1-20260817161039,t04,dual,2,catalog;catalog-gw,RCD_seed0,full,catalog,catalog,1.0,1.0,1.0,0.5,0.0,0.0,0.0,1.0,0.6131471927654584,0.6131471927654584,0.5,0.5,0.5,0.5
mr3_cross_dependency-pod_failure_x_catalog_latency_x_cfg_timeout-k8s-v2-formal-r1-20260817161039,t04,dual,2,catalog;catalog-gw,RCD_seed1,full,catalog,catalog,1.0,1.0,1.0,0.5,0.0,0.0,0.0,1.0,0.6131471927654584,0.6131471927654584,0.5,0.5,0.5,0.5
mr3_cross_dependency-pod_failure_x_catalog_latency_x_cfg_timeout-k8s-v2-formal-r1-20260817161039,t04,dual,2,catalog;catalog-gw,RCD_seed2,full,catalog,catalog,1.0,1.0,1.0,0.5,0.0,0.0,0.0,1.0,0.6131471927654584,0.6131471927654584,0.5,0.5,0.5,0.5
mr3_cross_dependency-pod_failure_x_catalog_latency_x_cfg_timeout-k8s-v2-formal-r1-20260817161039,t04,dual,2,catalog;catalog-gw,RCD_seed3,full,catalog,catalog,1.0,1.0,1.0,0.5,0.0,0.0,0.0,1.0,0.6131471927654584,0.6131471927654584,0.5,0.5,0.5,0.5
mr3_cross_dependency-pod_failure_x_catalog_latency_x_cfg_timeout-k8s-v2-formal-r1-20260817161039,t04,dual,2,catalog;catalog-gw,RCD_seed4,full,catalog,catalog,1.0,1.0,1.0,0.5,0.0,0.0,0.0,1.0,0.6131471927654584,0.6131471927654584,0.5,0.5,0.5,0.5
mr3_cross_dependency-pod_failure_x_catalog_latency_x_cfg_timeout-k8s-v2-formal-r1-20260817161039,t04,dual,2,catalog;catalog-gw,delta_ratio,full,pricing,pricing;search;catalog;review-query;checkout,0.0,1.0,1.0,0.0,0.0,0.0,0.0,0.0,0.3065735963827292,0.3065735963827292,0.0,0.5,0.5,0.23809523809523808
mr3_cross_dependency-pod_failure_x_catalog_latency_x_cfg_timeout-k8s-v2-formal-r1-20260817161039,t04,dual,2,catalog;catalog-gw,delta_z,full,catalog,catalog;pricing;search;checkout;review-query,1.0,1.0,1.0,0.5,0.0,0.0,0.0,1.0,0.6131471927654584,0.6131471927654584,0.5,0.5,0.5,0.55
mr3_cross_dependency-pod_failure_x_catalog_latency_x_cfg_timeout-k8s-v2-formal-r1-20260817161039,t04,dual,2,catalog;catalog-gw,BARO,resource,catalog,catalog;catalog-gw;review-query;search;host,1.0,1.0,1.0,1.0,0.0,1.0,1.0,1.0,1.0,1.0,0.5,1.0,1.0,0.75
mr3_cross_dependency-pod_failure_x_catalog_latency_x_cfg_timeout-k8s-v2-formal-r1-20260817161039,t04,dual,2,catalog;catalog-gw,RCD_seed0,resource,catalog,catalog,1.0,1.0,1.0,0.5,0.0,0.0,0.0,1.0,0.6131471927654584,0.6131471927654584,0.5,0.5,0.5,0.5
mr3_cross_dependency-pod_failure_x_catalog_latency_x_cfg_timeout-k8s-v2-formal-r1-20260817161039,t04,dual,2,catalog;catalog-gw,RCD_seed1,resource,catalog,catalog,1.0,1.0,1.0,0.5,0.0,0.0,0.0,1.0,0.6131471927654584,0.6131471927654584,0.5,0.5,0.5,0.5
mr3_cross_dependency-pod_failure_x_catalog_latency_x_cfg_timeout-k8s-v2-formal-r1-20260817161039,t04,dual,2,catalog;catalog-gw,RCD_seed2,resource,catalog,catalog,1.0,1.0,1.0,0.5,0.0,0.0,0.0,1.0,0.6131471927654584,0.6131471927654584,0.5,0.5,0.5,0.5
mr3_cross_dependency-pod_failure_x_catalog_latency_x_cfg_timeout-k8s-v2-formal-r1-20260817161039,t04,dual,2,catalog;catalog-gw,RCD_seed3,resource,catalog,catalog,1.0,1.0,1.0,0.5,0.0,0.0,0.0,1.0,0.6131471927654584,0.6131471927654584,0.5,0.5,0.5,0.5
mr3_cross_dependency-pod_failure_x_catalog_latency_x_cfg_timeout-k8s-v2-formal-r1-20260817161039,t04,dual,2,catalog;catalog-gw,RCD_seed4,resource,catalog,catalog,1.0,1.0,1.0,0.5,0.0,0.0,0.0,1.0,0.6131471927654584,0.6131471927654584,0.5,0.5,0.5,0.5
mr3_cross_dependency-pod_failure_x_catalog_latency_x_cfg_timeout-k8s-v2-formal-r1-20260817161039,t04,dual,2,catalog;catalog-gw,delta_ratio,resource,catalog,catalog;pricing;search;host;checkout,1.0,1.0,1.0,0.5,0.0,0.0,0.0,1.0,0.6131471927654584,0.6131471927654584,0.5,0.5,0.5,0.5454545454545454
mr3_cross_dependency-pod_failure_x_catalog_latency_x_cfg_timeout-k8s-v2-formal-r1-20260817161039,t04,dual,2,catalog;catalog-gw,delta_z,resource,catalog,catalog;host;sasrec;catalog-gw;review-query,1.0,1.0,1.0,0.5,0.0,0.0,1.0,1.0,0.6131471927654584,0.8772153153380493,0.5,0.5,1.0,0.625
mr2_intra_lif-dual_podfail_staggered-k8s-v2-formal-r1-20260817162352,d04,dual,2,catalog;user,BARO,full,checkout,checkout;pricing;catalog;cart;sasrec,0.0,1.0,1.0,0.0,0.0,0.0,0.0,0.0,0.3065735963827292,0.3065735963827292,0.0,0.5,0.5,0.2121212121212121
mr2_intra_lif-dual_podfail_staggered-k8s-v2-formal-r1-20260817162352,d04,dual,2,catalog;user,RCD_seed0,full,review-query,review-query,0.0,0.0,0.0,0.0,0.0,0.0,0.0,0.0,0.0,0.0,0.0,0.0,0.0,0.0
mr2_intra_lif-dual_podfail_staggered-k8s-v2-formal-r1-20260817162352,d04,dual,2,catalog;user,RCD_seed1,full,review-query,review-query,0.0,0.0,0.0,0.0,0.0,0.0,0.0,0.0,0.0,0.0,0.0,0.0,0.0,0.0
mr2_intra_lif-dual_podfail_staggered-k8s-v2-formal-r1-20260817162352,d04,dual,2,catalog;user,RCD_seed2,full,order,order;review-query,0.0,0.0,0.0,0.0,0.0,0.0,0.0,0.0,0.0,0.0,0.0,0.0,0.0,0.0
mr2_intra_lif-dual_podfail_staggered-k8s-v2-formal-r1-20260817162352,d04,dual,2,catalog;user,RCD_seed3,full,review-query,review-query,0.0,0.0,0.0,0.0,0.0,0.0,0.0,0.0,0.0,0.0,0.0,0.0,0.0,0.0
mr2_intra_lif-dual_podfail_staggered-k8s-v2-formal-r1-20260817162352,d04,dual,2,catalog;user,RCD_seed4,full,order,order;review-query,0.0,0.0,0.0,0.0,0.0,0.0,0.0,0.0,0.0,0.0,0.0,0.0,0.0,0.0
mr2_intra_lif-dual_podfail_staggered-k8s-v2-formal-r1-20260817162352,d04,dual,2,catalog;user,delta_ratio,full,pricing,pricing;catalog;checkout;review-query;cart,0.0,1.0,1.0,0.5,0.0,0.0,0.0,0.0,0.38685280723454163,0.38685280723454163,0.0,0.5,0.5,0.3055555555555556
mr2_intra_lif-dual_podfail_staggered-k8s-v2-formal-r1-20260817162352,d04,dual,2,catalog;user,delta_z,full,catalog,catalog;pricing;backend;checkout;user,1.0,1.0,1.0,0.5,0.0,0.0,1.0,1.0,0.6131471927654584,0.8503449055347546,0.5,0.5,1.0,0.6
mr2_intra_lif-dual_podfail_staggered-k8s-v2-formal-r1-20260817162352,d04,dual,2,catalog;user,BARO,resource,catalog,catalog;cart;inventory;pricing;search,1.0,1.0,1.0,0.5,0.0,0.0,0.0,1.0,0.6131471927654584,0.6131471927654584,0.5,0.5,0.5,0.5454545454545454
mr2_intra_lif-dual_podfail_staggered-k8s-v2-formal-r1-20260817162352,d04,dual,2,catalog;user,RCD_seed0,resource,order,order,0.0,0.0,0.0,0.0,0.0,0.0,0.0,0.0,0.0,0.0,0.0,0.0,0.0,0.0
mr2_intra_lif-dual_podfail_staggered-k8s-v2-formal-r1-20260817162352,d04,dual,2,catalog;user,RCD_seed1,resource,review-query,review-query,0.0,0.0,0.0,0.0,0.0,0.0,0.0,0.0,0.0,0.0,0.0,0.0,0.0,0.0
mr2_intra_lif-dual_podfail_staggered-k8s-v2-formal-r1-20260817162352,d04,dual,2,catalog;user,RCD_seed2,resource,backend,backend;review-query,0.0,0.0,0.0,0.0,0.0,0.0,0.0,0.0,0.0,0.0,0.0,0.0,0.0,0.0
mr2_intra_lif-dual_podfail_staggered-k8s-v2-formal-r1-20260817162352,d04,dual,2,catalog;user,RCD_seed3,resource,order,order,0.0,0.0,0.0,0.0,0.0,0.0,0.0,0.0,0.0,0.0,0.0,0.0,0.0,0.0
mr2_intra_lif-dual_podfail_staggered-k8s-v2-formal-r1-20260817162352,d04,dual,2,catalog;user,RCD_seed4,resource,review-query,review-query,0.0,0.0,0.0,0.0,0.0,0.0,0.0,0.0,0.0,0.0,0.0,0.0,0.0,0.0
mr2_intra_lif-dual_podfail_staggered-k8s-v2-formal-r1-20260817162352,d04,dual,2,catalog;user,delta_ratio,resource,checkout,checkout;catalog;inventory;order;search,0.0,1.0,1.0,0.5,0.0,0.0,0.0,0.0,0.38685280723454163,0.38685280723454163,0.0,0.5,0.5,0.3333333333333333
mr2_intra_lif-dual_podfail_staggered-k8s-v2-formal-r1-20260817162352,d04,dual,2,catalog;user,delta_z,resource,catalog,catalog;backend;checkout;user;host,1.0,1.0,1.0,0.5,0.0,0.0,1.0,1.0,0.6131471927654584,0.8772153153380493,0.5,0.5,1.0,0.625
mr1_single_lif-pod_failure_single-k8s-v2-formal-r1-20260817162714,s16,single,1,review-query,BARO,full,review-query,review-query;user;inventory;pricing;cart,1.0,1.0,1.0,1.0,1.0,1.0,1.0,1.0,1.0,1.0,1.0,1.0,1.0,1.0
mr1_single_lif-pod_failure_single-k8s-v2-formal-r1-20260817162714,s16,single,1,review-query,RCD_seed0,full,review-query,review-query;order,1.0,1.0,1.0,1.0,1.0,1.0,1.0,1.0,1.0,1.0,1.0,1.0,1.0,1.0
mr1_single_lif-pod_failure_single-k8s-v2-formal-r1-20260817162714,s16,single,1,review-query,RCD_seed1,full,review-query,review-query;order,1.0,1.0,1.0,1.0,1.0,1.0,1.0,1.0,1.0,1.0,1.0,1.0,1.0,1.0
mr1_single_lif-pod_failure_single-k8s-v2-formal-r1-20260817162714,s16,single,1,review-query,RCD_seed2,full,search,search;sasrec,0.0,0.0,0.0,0.0,0.0,0.0,0.0,0.0,0.0,0.0,0.0,0.0,0.0,0.0
mr1_single_lif-pod_failure_single-k8s-v2-formal-r1-20260817162714,s16,single,1,review-query,RCD_seed3,full,review-query,review-query;sasrec,1.0,1.0,1.0,1.0,1.0,1.0,1.0,1.0,1.0,1.0,1.0,1.0,1.0,1.0
mr1_single_lif-pod_failure_single-k8s-v2-formal-r1-20260817162714,s16,single,1,review-query,RCD_seed4,full,pricing,pricing;cart,0.0,0.0,0.0,0.0,0.0,0.0,0.0,0.0,0.0,0.0,0.0,0.0,0.0,0.0
mr1_single_lif-pod_failure_single-k8s-v2-formal-r1-20260817162714,s16,single,1,review-query,delta_ratio,full,review-query,review-query;catalog-gw;catalog;search;user,1.0,1.0,1.0,1.0,1.0,1.0,1.0,1.0,1.0,1.0,1.0,1.0,1.0,1.0
mr1_single_lif-pod_failure_single-k8s-v2-formal-r1-20260817162714,s16,single,1,review-query,delta_z,full,review-query,review-query;order;pricing;sasrec;host,1.0,1.0,1.0,1.0,1.0,1.0,1.0,1.0,1.0,1.0,1.0,1.0,1.0,1.0
mr1_single_lif-pod_failure_single-k8s-v2-formal-r1-20260817162714,s16,single,1,review-query,BARO,resource,review-query,review-query;pricing;cart;checkout;inventory,1.0,1.0,1.0,1.0,1.0,1.0,1.0,1.0,1.0,1.0,1.0,1.0,1.0,1.0
mr1_single_lif-pod_failure_single-k8s-v2-formal-r1-20260817162714,s16,single,1,review-query,RCD_seed0,resource,catalog-gw,catalog-gw;order,0.0,0.0,0.0,0.0,0.0,0.0,0.0,0.0,0.0,0.0,0.0,0.0,0.0,0.0
mr1_single_lif-pod_failure_single-k8s-v2-formal-r1-20260817162714,s16,single,1,review-query,RCD_seed1,resource,search,search;inventory,0.0,0.0,0.0,0.0,0.0,0.0,0.0,0.0,0.0,0.0,0.0,0.0,0.0,0.0
mr1_single_lif-pod_failure_single-k8s-v2-formal-r1-20260817162714,s16,single,1,review-query,RCD_seed2,resource,pricing,pricing;checkout,0.0,0.0,0.0,0.0,0.0,0.0,0.0,0.0,0.0,0.0,0.0,0.0,0.0,0.0
mr1_single_lif-pod_failure_single-k8s-v2-formal-r1-20260817162714,s16,single,1,review-query,RCD_seed3,resource,inventory,inventory;search,0.0,0.0,0.0,0.0,0.0,0.0,0.0,0.0,0.0,0.0,0.0,0.0,0.0,0.0
mr1_single_lif-pod_failure_single-k8s-v2-formal-r1-20260817162714,s16,single,1,review-query,RCD_seed4,resource,catalog,catalog;review-query,0.0,1.0,1.0,0.0,0.0,1.0,1.0,0.0,0.6309297535714575,0.6309297535714575,0.0,1.0,1.0,0.5
mr1_single_lif-pod_failure_single-k8s-v2-formal-r1-20260817162714,s16,single,1,review-query,delta_ratio,resource,review-query,review-query;catalog-gw;catalog;order;host,1.0,1.0,1.0,1.0,1.0,1.0,1.0,1.0,1.0,1.0,1.0,1.0,1.0,1.0
mr1_single_lif-pod_failure_single-k8s-v2-formal-r1-20260817162714,s16,single,1,review-query,delta_z,resource,review-query,review-query;order;pricing;sasrec;host,1.0,1.0,1.0,1.0,1.0,1.0,1.0,1.0,1.0,1.0,1.0,1.0,1.0,1.0
mr1_single_res-service_cpu_single-k8s-v2-formal-r1-20260817162954,s10,single,1,cart,BARO,full,checkout,checkout;cart;search;host;pricing,0.0,1.0,1.0,0.0,0.0,1.0,1.0,0.0,0.6309297535714575,0.6309297535714575,0.0,1.0,1.0,0.5
mr1_single_res-service_cpu_single-k8s-v2-formal-r1-20260817162954,s10,single,1,cart,RCD_seed0,full,backend,backend;pricing,0.0,0.0,0.0,0.0,0.0,0.0,0.0,0.0,0.0,0.0,0.0,0.0,0.0,0.0
mr1_single_res-service_cpu_single-k8s-v2-formal-r1-20260817162954,s10,single,1,cart,RCD_seed1,full,review-query,review-query,0.0,0.0,0.0,0.0,0.0,0.0,0.0,0.0,0.0,0.0,0.0,0.0,0.0,0.0
mr1_single_res-service_cpu_single-k8s-v2-formal-r1-20260817162954,s10,single,1,cart,RCD_seed2,full,order,order,0.0,0.0,0.0,0.0,0.0,0.0,0.0,0.0,0.0,0.0,0.0,0.0,0.0,0.0
mr1_single_res-service_cpu_single-k8s-v2-formal-r1-20260817162954,s10,single,1,cart,RCD_seed3,full,cart,cart;checkout,1.0,1.0,1.0,1.0,1.0,1.0,1.0,1.0,1.0,1.0,1.0,1.0,1.0,1.0
mr1_single_res-service_cpu_single-k8s-v2-formal-r1-20260817162954,s10,single,1,cart,RCD_seed4,full,catalog-gw,catalog-gw;pricing,0.0,0.0,0.0,0.0,0.0,0.0,0.0,0.0,0.0,0.0,0.0,0.0,0.0,0.0
mr1_single_res-service_cpu_single-k8s-v2-formal-r1-20260817162954,s10,single,1,cart,delta_ratio,full,cart,cart;host;catalog-gw;inventory;checkout,1.0,1.0,1.0,1.0,1.0,1.0,1.0,1.0,1.0,1.0,1.0,1.0,1.0,1.0
mr1_single_res-service_cpu_single-k8s-v2-formal-r1-20260817162954,s10,single,1,cart,delta_z,full,cart,cart;order;catalog-gw;review-query;search,1.0,1.0,1.0,1.0,1.0,1.0,1.0,1.0,1.0,1.0,1.0,1.0,1.0,1.0
mr1_single_res-service_cpu_single-k8s-v2-formal-r1-20260817162954,s10,single,1,cart,BARO,resource,cart,cart;host;pricing;user;checkout,1.0,1.0,1.0,1.0,1.0,1.0,1.0,1.0,1.0,1.0,1.0,1.0,1.0,1.0
mr1_single_res-service_cpu_single-k8s-v2-formal-r1-20260817162954,s10,single,1,cart,RCD_seed0,resource,review-query,review-query;catalog,0.0,0.0,0.0,0.0,0.0,0.0,0.0,0.0,0.0,0.0,0.0,0.0,0.0,0.0
mr1_single_res-service_cpu_single-k8s-v2-formal-r1-20260817162954,s10,single,1,cart,RCD_seed1,resource,backend,backend;order,0.0,0.0,0.0,0.0,0.0,0.0,0.0,0.0,0.0,0.0,0.0,0.0,0.0,0.0
mr1_single_res-service_cpu_single-k8s-v2-formal-r1-20260817162954,s10,single,1,cart,RCD_seed2,resource,review-query,review-query;search,0.0,0.0,0.0,0.0,0.0,0.0,0.0,0.0,0.0,0.0,0.0,0.0,0.0,0.0
mr1_single_res-service_cpu_single-k8s-v2-formal-r1-20260817162954,s10,single,1,cart,RCD_seed3,resource,sasrec,sasrec;catalog,0.0,0.0,0.0,0.0,0.0,0.0,0.0,0.0,0.0,0.0,0.0,0.0,0.0,0.0
mr1_single_res-service_cpu_single-k8s-v2-formal-r1-20260817162954,s10,single,1,cart,RCD_seed4,resource,sasrec,sasrec;order,0.0,0.0,0.0,0.0,0.0,0.0,0.0,0.0,0.0,0.0,0.0,0.0,0.0,0.0
mr1_single_res-service_cpu_single-k8s-v2-formal-r1-20260817162954,s10,single,1,cart,delta_ratio,resource,cart,cart;host;catalog-gw;catalog;inventory,1.0,1.0,1.0,1.0,1.0,1.0,1.0,1.0,1.0,1.0,1.0,1.0,1.0,1.0
mr1_single_res-service_cpu_single-k8s-v2-formal-r1-20260817162954,s10,single,1,cart,delta_z,resource,cart,cart;order;catalog-gw;review-query;search,1.0,1.0,1.0,1.0,1.0,1.0,1.0,1.0,1.0,1.0,1.0,1.0,1.0,1.0
mr1_single_res-service_cpu_single-k8s-v2-formal-r1-20260817163308,s04,single,1,catalog,BARO,full,backend,backend;pricing;review-query;catalog;checkout,0.0,0.0,1.0,0.0,0.0,0.0,1.0,0.0,0.0,0.43067655807339306,0.0,0.0,1.0,0.25
mr1_single_res-service_cpu_single-k8s-v2-formal-r1-20260817163308,s04,single,1,catalog,RCD_seed0,full,user,user;catalog-gw,0.0,0.0,0.0,0.0,0.0,0.0,0.0,0.0,0.0,0.0,0.0,0.0,0.0,0.0
mr1_single_res-service_cpu_single-k8s-v2-formal-r1-20260817163308,s04,single,1,catalog,RCD_seed1,full,catalog-gw,catalog-gw;user,0.0,0.0,0.0,0.0,0.0,0.0,0.0,0.0,0.0,0.0,0.0,0.0,0.0,0.0
mr1_single_res-service_cpu_single-k8s-v2-formal-r1-20260817163308,s04,single,1,catalog,RCD_seed2,full,inventory,inventory;user;pricing,0.0,0.0,0.0,0.0,0.0,0.0,0.0,0.0,0.0,0.0,0.0,0.0,0.0,0.0
mr1_single_res-service_cpu_single-k8s-v2-formal-r1-20260817163308,s04,single,1,catalog,RCD_seed3,full,cart,cart;pricing,0.0,0.0,0.0,0.0,0.0,0.0,0.0,0.0,0.0,0.0,0.0,0.0,0.0,0.0
mr1_single_res-service_cpu_single-k8s-v2-formal-r1-20260817163308,s04,single,1,catalog,RCD_seed4,full,order,order,0.0,0.0,0.0,0.0,0.0,0.0,0.0,0.0,0.0,0.0,0.0,0.0,0.0,0.0
mr1_single_res-service_cpu_single-k8s-v2-formal-r1-20260817163308,s04,single,1,catalog,delta_ratio,full,catalog,catalog;pricing;host;review-query;search,1.0,1.0,1.0,1.0,1.0,1.0,1.0,1.0,1.0,1.0,1.0,1.0,1.0,1.0
mr1_single_res-service_cpu_single-k8s-v2-formal-r1-20260817163308,s04,single,1,catalog,delta_z,full,backend,backend;pricing;catalog;checkout;cart,0.0,1.0,1.0,0.0,0.0,1.0,1.0,0.0,0.5,0.5,0.0,1.0,1.0,0.3333333333333333
mr1_single_res-service_cpu_single-k8s-v2-formal-r1-20260817163308,s04,single,1,catalog,BARO,resource,backend,backend;catalog;host;order;cart,0.0,1.0,1.0,0.0,0.0,1.0,1.0,0.0,0.6309297535714575,0.6309297535714575,0.0,1.0,1.0,0.5
mr1_single_res-service_cpu_single-k8s-v2-formal-r1-20260817163308,s04,single,1,catalog,RCD_seed0,resource,user,user,0.0,0.0,0.0,0.0,0.0,0.0,0.0,0.0,0.0,0.0,0.0,0.0,0.0,0.0
mr1_single_res-service_cpu_single-k8s-v2-formal-r1-20260817163308,s04,single,1,catalog,RCD_seed1,resource,backend,backend;cart;pricing,0.0,0.0,0.0,0.0,0.0,0.0,0.0,0.0,0.0,0.0,0.0,0.0,0.0,0.0
mr1_single_res-service_cpu_single-k8s-v2-formal-r1-20260817163308,s04,single,1,catalog,RCD_seed2,resource,pricing,pricing;order,0.0,0.0,0.0,0.0,0.0,0.0,0.0,0.0,0.0,0.0,0.0,0.0,0.0,0.0
mr1_single_res-service_cpu_single-k8s-v2-formal-r1-20260817163308,s04,single,1,catalog,RCD_seed3,resource,order,order;backend,0.0,0.0,0.0,0.0,0.0,0.0,0.0,0.0,0.0,0.0,0.0,0.0,0.0,0.0
mr1_single_res-service_cpu_single-k8s-v2-formal-r1-20260817163308,s04,single,1,catalog,RCD_seed4,resource,pricing,pricing,0.0,0.0,0.0,0.0,0.0,0.0,0.0,0.0,0.0,0.0,0.0,0.0,0.0,0.0
mr1_single_res-service_cpu_single-k8s-v2-formal-r1-20260817163308,s04,single,1,catalog,delta_ratio,resource,catalog,catalog;host;checkout;cart;pricing,1.0,1.0,1.0,1.0,1.0,1.0,1.0,1.0,1.0,1.0,1.0,1.0,1.0,1.0
mr1_single_res-service_cpu_single-k8s-v2-formal-r1-20260817163308,s04,single,1,catalog,delta_z,resource,catalog,catalog;checkout;cart;user;inventory,1.0,1.0,1.0,1.0,1.0,1.0,1.0,1.0,1.0,1.0,1.0,1.0,1.0,1.0
mr1_single_lif-pod_failure_single-k8s-v2-formal-r1-20260817163636,s03,single,1,catalog,BARO,full,checkout,checkout;pricing;review-query;search;cart,0.0,0.0,0.0,0.0,0.0,0.0,0.0,0.0,0.0,0.0,0.0,0.0,0.0,0.1111111111111111
mr1_single_lif-pod_failure_single-k8s-v2-formal-r1-20260817163636,s03,single,1,catalog,RCD_seed0,full,checkout,checkout;pricing,0.0,0.0,0.0,0.0,0.0,0.0,0.0,0.0,0.0,0.0,0.0,0.0,0.0,0.0
mr1_single_lif-pod_failure_single-k8s-v2-formal-r1-20260817163636,s03,single,1,catalog,RCD_seed1,full,catalog,catalog;order,1.0,1.0,1.0,1.0,1.0,1.0,1.0,1.0,1.0,1.0,1.0,1.0,1.0,1.0
mr1_single_lif-pod_failure_single-k8s-v2-formal-r1-20260817163636,s03,single,1,catalog,RCD_seed2,full,catalog,catalog;pricing,1.0,1.0,1.0,1.0,1.0,1.0,1.0,1.0,1.0,1.0,1.0,1.0,1.0,1.0
mr1_single_lif-pod_failure_single-k8s-v2-formal-r1-20260817163636,s03,single,1,catalog,RCD_seed3,full,pricing,pricing;checkout,0.0,0.0,0.0,0.0,0.0,0.0,0.0,0.0,0.0,0.0,0.0,0.0,0.0,0.0
mr1_single_lif-pod_failure_single-k8s-v2-formal-r1-20260817163636,s03,single,1,catalog,RCD_seed4,full,checkout,checkout;pricing,0.0,0.0,0.0,0.0,0.0,0.0,0.0,0.0,0.0,0.0,0.0,0.0,0.0,0.0
mr1_single_lif-pod_failure_single-k8s-v2-formal-r1-20260817163636,s03,single,1,catalog,delta_ratio,full,pricing,pricing;catalog;checkout;user;catalog-gw,0.0,1.0,1.0,0.0,0.0,1.0,1.0,0.0,0.6309297535714575,0.6309297535714575,0.0,1.0,1.0,0.5
mr1_single_lif-pod_failure_single-k8s-v2-formal-r1-20260817163636,s03,single,1,catalog,delta_z,full,catalog,catalog;pricing;catalog-gw;checkout;review-query,1.0,1.0,1.0,1.0,1.0,1.0,1.0,1.0,1.0,1.0,1.0,1.0,1.0,1.0
mr1_single_lif-pod_failure_single-k8s-v2-formal-r1-20260817163636,s03,single,1,catalog,BARO,resource,review-query,review-query;pricing;search;cart;inventory,0.0,0.0,0.0,0.0,0.0,0.0,0.0,0.0,0.0,0.0,0.0,0.0,0.0,0.125
mr1_single_lif-pod_failure_single-k8s-v2-formal-r1-20260817163636,s03,single,1,catalog,RCD_seed0,resource,backend,backend,0.0,0.0,0.0,0.0,0.0,0.0,0.0,0.0,0.0,0.0,0.0,0.0,0.0,0.0
mr1_single_lif-pod_failure_single-k8s-v2-formal-r1-20260817163636,s03,single,1,catalog,RCD_seed1,resource,checkout,checkout;catalog;inventory,0.0,1.0,1.0,0.0,0.0,1.0,1.0,0.0,0.6309297535714575,0.6309297535714575,0.0,1.0,1.0,0.5
mr1_single_lif-pod_failure_single-k8s-v2-formal-r1-20260817163636,s03,single,1,catalog,RCD_seed2,resource,order,order;pricing,0.0,0.0,0.0,0.0,0.0,0.0,0.0,0.0,0.0,0.0,0.0,0.0,0.0,0.0
mr1_single_lif-pod_failure_single-k8s-v2-formal-r1-20260817163636,s03,single,1,catalog,RCD_seed3,resource,pricing,pricing;inventory,0.0,0.0,0.0,0.0,0.0,0.0,0.0,0.0,0.0,0.0,0.0,0.0,0.0,0.0
mr1_single_lif-pod_failure_single-k8s-v2-formal-r1-20260817163636,s03,single,1,catalog,RCD_seed4,resource,review-query,review-query;pricing,0.0,0.0,0.0,0.0,0.0,0.0,0.0,0.0,0.0,0.0,0.0,0.0,0.0,0.0
mr1_single_lif-pod_failure_single-k8s-v2-formal-r1-20260817163636,s03,single,1,catalog,delta_ratio,resource,user,user;catalog;catalog-gw;order;host,0.0,1.0,1.0,0.0,0.0,1.0,1.0,0.0,0.6309297535714575,0.6309297535714575,0.0,1.0,1.0,0.5
mr1_single_lif-pod_failure_single-k8s-v2-formal-r1-20260817163636,s03,single,1,catalog,delta_z,resource,catalog,catalog;catalog-gw;review-query;user;inventory,1.0,1.0,1.0,1.0,1.0,1.0,1.0,1.0,1.0,1.0,1.0,1.0,1.0,1.0
mr3_mixed_class_dependency-inv_latency_x_cfg_timeout_x_retry-k8s-v2-formal-r1-20260817164552,t02,dual,2,inventory;catalog-gw,BARO,full,pricing,pricing;inventory;checkout;catalog-gw;rec-agent,0.0,1.0,1.0,0.5,0.0,0.0,1.0,0.0,0.38685280723454163,0.6509209298071326,0.0,0.5,1.0,0.375
mr3_mixed_class_dependency-inv_latency_x_cfg_timeout_x_retry-k8s-v2-formal-r1-20260817164552,t02,dual,2,inventory;catalog-gw,RCD_seed0,full,cart,cart;catalog,0.0,0.0,0.0,0.0,0.0,0.0,0.0,0.0,0.0,0.0,0.0,0.0,0.0,0.0
mr3_mixed_class_dependency-inv_latency_x_cfg_timeout_x_retry-k8s-v2-formal-r1-20260817164552,t02,dual,2,inventory;catalog-gw,RCD_seed1,full,inventory,inventory;catalog,1.0,1.0,1.0,0.5,0.0,0.0,0.0,1.0,0.6131471927654584,0.6131471927654584,0.5,0.5,0.5,0.5
mr3_mixed_class_dependency-inv_latency_x_cfg_timeout_x_retry-k8s-v2-formal-r1-20260817164552,t02,dual,2,inventory;catalog-gw,RCD_seed2,full,inventory,inventory;cart,1.0,1.0,1.0,0.5,0.0,0.0,0.0,1.0,0.6131471927654584,0.6131471927654584,0.5,0.5,0.5,0.5
mr3_mixed_class_dependency-inv_latency_x_cfg_timeout_x_retry-k8s-v2-formal-r1-20260817164552,t02,dual,2,inventory;catalog-gw,RCD_seed3,full,inventory,inventory;catalog,1.0,1.0,1.0,0.5,0.0,0.0,0.0,1.0,0.6131471927654584,0.6131471927654584,0.5,0.5,0.5,0.5
mr3_mixed_class_dependency-inv_latency_x_cfg_timeout_x_retry-k8s-v2-formal-r1-20260817164552,t02,dual,2,inventory;catalog-gw,RCD_seed4,full,catalog,catalog;inventory,0.0,1.0,1.0,0.5,0.0,0.0,0.0,0.0,0.38685280723454163,0.38685280723454163,0.0,0.5,0.5,0.25
mr3_mixed_class_dependency-inv_latency_x_cfg_timeout_x_retry-k8s-v2-formal-r1-20260817164552,t02,dual,2,inventory;catalog-gw,delta_ratio,full,pricing,pricing;checkout;inventory;catalog;mysql,0.0,1.0,1.0,0.0,0.0,0.0,0.0,0.0,0.3065735963827292,0.3065735963827292,0.0,0.5,0.5,0.2222222222222222
mr3_mixed_class_dependency-inv_latency_x_cfg_timeout_x_retry-k8s-v2-formal-r1-20260817164552,t02,dual,2,inventory;catalog-gw,delta_z,full,inventory,inventory;pricing;checkout;mysql;backend,1.0,1.0,1.0,0.5,0.0,0.0,0.0,1.0,0.6131471927654584,0.6131471927654584,0.5,0.5,0.5,0.5454545454545454
mr3_mixed_class_dependency-inv_latency_x_cfg_timeout_x_retry-k8s-v2-formal-r1-20260817164552,t02,dual,2,inventory;catalog-gw,BARO,resource,inventory,inventory;catalog-gw;catalog;host;user,1.0,1.0,1.0,1.0,0.0,1.0,1.0,1.0,1.0,1.0,0.5,1.0,1.0,0.75
mr3_mixed_class_dependency-inv_latency_x_cfg_timeout_x_retry-k8s-v2-formal-r1-20260817164552,t02,dual,2,inventory;catalog-gw,RCD_seed0,resource,cart,cart;catalog,0.0,0.0,0.0,0.0,0.0,0.0,0.0,0.0,0.0,0.0,0.0,0.0,0.0,0.0
mr3_mixed_class_dependency-inv_latency_x_cfg_timeout_x_retry-k8s-v2-formal-r1-20260817164552,t02,dual,2,inventory;catalog-gw,RCD_seed1,resource,inventory,inventory;catalog,1.0,1.0,1.0,0.5,0.0,0.0,0.0,1.0,0.6131471927654584,0.6131471927654584,0.5,0.5,0.5,0.5
mr3_mixed_class_dependency-inv_latency_x_cfg_timeout_x_retry-k8s-v2-formal-r1-20260817164552,t02,dual,2,inventory;catalog-gw,RCD_seed2,resource,inventory,inventory;catalog,1.0,1.0,1.0,0.5,0.0,0.0,0.0,1.0,0.6131471927654584,0.6131471927654584,0.5,0.5,0.5,0.5
mr3_mixed_class_dependency-inv_latency_x_cfg_timeout_x_retry-k8s-v2-formal-r1-20260817164552,t02,dual,2,inventory;catalog-gw,RCD_seed3,resource,catalog,catalog;cart;inventory,0.0,1.0,1.0,0.0,0.0,0.0,0.0,0.0,0.3065735963827292,0.3065735963827292,0.0,0.5,0.5,0.16666666666666666
mr3_mixed_class_dependency-inv_latency_x_cfg_timeout_x_retry-k8s-v2-formal-r1-20260817164552,t02,dual,2,inventory;catalog-gw,RCD_seed4,resource,cart,cart;inventory,0.0,1.0,1.0,0.5,0.0,0.0,0.0,0.0,0.38685280723454163,0.38685280723454163,0.0,0.5,0.5,0.25
mr3_mixed_class_dependency-inv_latency_x_cfg_timeout_x_retry-k8s-v2-formal-r1-20260817164552,t02,dual,2,inventory;catalog-gw,delta_ratio,resource,mysql,mysql;inventory;catalog;catalog-gw;checkout,0.0,1.0,1.0,0.5,0.0,0.0,1.0,0.0,0.38685280723454163,0.6509209298071326,0.0,0.5,1.0,0.375
mr3_mixed_class_dependency-inv_latency_x_cfg_timeout_x_retry-k8s-v2-formal-r1-20260817164552,t02,dual,2,inventory;catalog-gw,delta_z,resource,inventory,inventory;mysql;catalog;order;checkout,1.0,1.0,1.0,0.5,0.0,0.0,0.0,1.0,0.6131471927654584,0.6131471927654584,0.5,0.5,0.5,0.5625
mr2_cross_res-host_cpu_x_cfg_timeout-k8s-v2-formal-r1-20260817165011,d06,dual,2,host;catalog-gw,BARO,full,review-query,review-query;pricing;checkout;sasrec;rec-agent,0.0,0.0,0.0,0.0,0.0,0.0,0.0,0.0,0.0,0.0,0.0,0.0,0.0,0.11904761904761904
mr2_cross_res-host_cpu_x_cfg_timeout-k8s-v2-formal-r1-20260817165011,d06,dual,2,host;catalog-gw,RCD_seed0,full,checkout,checkout;order,0.0,0.0,0.0,0.0,0.0,0.0,0.0,0.0,0.0,0.0,0.0,0.0,0.0,0.0
mr2_cross_res-host_cpu_x_cfg_timeout-k8s-v2-formal-r1-20260817165011,d06,dual,2,host;catalog-gw,RCD_seed1,full,checkout,checkout,0.0,0.0,0.0,0.0,0.0,0.0,0.0,0.0,0.0,0.0,0.0,0.0,0.0,0.0
mr2_cross_res-host_cpu_x_cfg_timeout-k8s-v2-formal-r1-20260817165011,d06,dual,2,host;catalog-gw,RCD_seed2,full,search,search;backend,0.0,0.0,0.0,0.0,0.0,0.0,0.0,0.0,0.0,0.0,0.0,0.0,0.0,0.0
mr2_cross_res-host_cpu_x_cfg_timeout-k8s-v2-formal-r1-20260817165011,d06,dual,2,host;catalog-gw,RCD_seed3,full,search,search;backend;pricing,0.0,0.0,0.0,0.0,0.0,0.0,0.0,0.0,0.0,0.0,0.0,0.0,0.0,0.0
mr2_cross_res-host_cpu_x_cfg_timeout-k8s-v2-formal-r1-20260817165011,d06,dual,2,host;catalog-gw,RCD_seed4,full,search,search,0.0,0.0,0.0,0.0,0.0,0.0,0.0,0.0,0.0,0.0,0.0,0.0,0.0,0.0
mr2_cross_res-host_cpu_x_cfg_timeout-k8s-v2-formal-r1-20260817165011,d06,dual,2,host;catalog-gw,delta_ratio,full,pricing,pricing;host;user;checkout;catalog,0.0,1.0,1.0,0.5,0.0,0.0,0.0,0.0,0.38685280723454163,0.38685280723454163,0.0,0.5,0.5,0.28846153846153844
mr2_cross_res-host_cpu_x_cfg_timeout-k8s-v2-formal-r1-20260817165011,d06,dual,2,host;catalog-gw,delta_z,full,pricing,pricing;sasrec;host;user;checkout,0.0,1.0,1.0,0.0,0.0,0.0,0.0,0.0,0.3065735963827292,0.3065735963827292,0.0,0.5,0.5,0.23809523809523808
mr2_cross_res-host_cpu_x_cfg_timeout-k8s-v2-formal-r1-20260817165011,d06,dual,2,host;catalog-gw,BARO,resource,sasrec,sasrec;catalog-gw;catalog;order;pricing,0.0,1.0,1.0,0.5,0.0,0.0,0.0,0.0,0.38685280723454163,0.38685280723454163,0.0,0.5,0.5,0.28846153846153844
mr2_cross_res-host_cpu_x_cfg_timeout-k8s-v2-formal-r1-20260817165011,d06,dual,2,host;catalog-gw,RCD_seed0,resource,backend,backend,0.0,0.0,0.0,0.0,0.0,0.0,0.0,0.0,0.0,0.0,0.0,0.0,0.0,0.0
mr2_cross_res-host_cpu_x_cfg_timeout-k8s-v2-formal-r1-20260817165011,d06,dual,2,host;catalog-gw,RCD_seed1,resource,order,order;review-query;user;cart,0.0,0.0,0.0,0.0,0.0,0.0,0.0,0.0,0.0,0.0,0.0,0.0,0.0,0.0
mr2_cross_res-host_cpu_x_cfg_timeout-k8s-v2-formal-r1-20260817165011,d06,dual,2,host;catalog-gw,RCD_seed2,resource,backend,backend,0.0,0.0,0.0,0.0,0.0,0.0,0.0,0.0,0.0,0.0,0.0,0.0,0.0,0.0
mr2_cross_res-host_cpu_x_cfg_timeout-k8s-v2-formal-r1-20260817165011,d06,dual,2,host;catalog-gw,RCD_seed3,resource,backend,backend,0.0,0.0,0.0,0.0,0.0,0.0,0.0,0.0,0.0,0.0,0.0,0.0,0.0,0.0
mr2_cross_res-host_cpu_x_cfg_timeout-k8s-v2-formal-r1-20260817165011,d06,dual,2,host;catalog-gw,RCD_seed4,resource,backend,backend;pricing;order,0.0,0.0,0.0,0.0,0.0,0.0,0.0,0.0,0.0,0.0,0.0,0.0,0.0,0.0
mr2_cross_res-host_cpu_x_cfg_timeout-k8s-v2-formal-r1-20260817165011,d06,dual,2,host;catalog-gw,delta_ratio,resource,host,host;catalog-gw;order;search;checkout,1.0,1.0,1.0,1.0,0.0,1.0,1.0,1.0,1.0,1.0,0.5,1.0,1.0,0.75
mr2_cross_res-host_cpu_x_cfg_timeout-k8s-v2-formal-r1-20260817165011,d06,dual,2,host;catalog-gw,delta_z,resource,host,host;user;catalog-gw;catalog;backend,1.0,1.0,1.0,0.5,0.0,1.0,1.0,1.0,0.9197207891481876,0.9197207891481876,0.5,1.0,1.0,0.6666666666666666
mr3_cross_lif-checkout_podfail_x_cart_cpu_x_pricing_cpu-k8s-v2-formal-r1-20260817170335,t05,triple,3,checkout;cart;pricing,BARO,full,checkout,checkout;pricing;cart;host;backend,1.0,1.0,1.0,1.0,0.0,1.0,1.0,1.0,1.0,1.0,0.3333333333333333,1.0,1.0,0.611111111111111
mr3_cross_lif-checkout_podfail_x_cart_cpu_x_pricing_cpu-k8s-v2-formal-r1-20260817170335,t05,triple,3,checkout;cart;pricing,RCD_seed0,full,pricing,pricing;order;cart;checkout;inventory,1.0,1.0,1.0,0.6666666666666666,0.0,0.0,1.0,1.0,0.7039180890341347,0.9060254355346823,0.3333333333333333,0.6666666666666666,1.0,0.5277777777777778
mr3_cross_lif-checkout_podfail_x_cart_cpu_x_pricing_cpu-k8s-v2-formal-r1-20260817170335,t05,triple,3,checkout;cart;pricing,RCD_seed1,full,pricing,pricing;checkout;cart;mysql;inventory,1.0,1.0,1.0,1.0,0.0,1.0,1.0,1.0,1.0,1.0,0.3333333333333333,1.0,1.0,0.611111111111111
mr3_cross_lif-checkout_podfail_x_cart_cpu_x_pricing_cpu-k8s-v2-formal-r1-20260817170335,t05,triple,3,checkout;cart;pricing,RCD_seed2,full,pricing,pricing;checkout;cart;inventory;mysql,1.0,1.0,1.0,1.0,0.0,1.0,1.0,1.0,1.0,1.0,0.3333333333333333,1.0,1.0,0.611111111111111
mr3_cross_lif-checkout_podfail_x_cart_cpu_x_pricing_cpu-k8s-v2-formal-r1-20260817170335,t05,triple,3,checkout;cart;pricing,RCD_seed3,full,cart,cart;pricing;mysql;inventory;search,1.0,1.0,1.0,0.6666666666666666,0.0,0.0,0.0,1.0,0.7653606369886217,0.7653606369886217,0.3333333333333333,0.6666666666666666,0.6666666666666666,0.5
mr3_cross_lif-checkout_podfail_x_cart_cpu_x_pricing_cpu-k8s-v2-formal-r1-20260817170335,t05,triple,3,checkout;cart;pricing,RCD_seed4,full,cart,cart;pricing;checkout;inventory,1.0,1.0,1.0,1.0,0.0,1.0,1.0,1.0,1.0,1.0,0.3333333333333333,1.0,1.0,0.611111111111111
mr3_cross_lif-checkout_podfail_x_cart_cpu_x_pricing_cpu-k8s-v2-formal-r1-20260817170335,t05,triple,3,checkout;cart;pricing,delta_ratio,full,pricing,pricing;cart;catalog;host;mysql,1.0,1.0,1.0,0.6666666666666666,0.0,0.0,0.0,1.0,0.7653606369886217,0.7653606369886217,0.3333333333333333,0.6666666666666666,0.6666666666666666,0.5555555555555556
mr3_cross_lif-checkout_podfail_x_cart_cpu_x_pricing_cpu-k8s-v2-formal-r1-20260817170335,t05,triple,3,checkout;cart;pricing,delta_z,full,checkout,checkout;pricing;cart;catalog;host,1.0,1.0,1.0,1.0,0.0,1.0,1.0,1.0,1.0,1.0,0.3333333333333333,1.0,1.0,0.611111111111111
mr3_cross_lif-checkout_podfail_x_cart_cpu_x_pricing_cpu-k8s-v2-formal-r1-20260817170335,t05,triple,3,checkout;cart;pricing,BARO,resource,checkout,checkout;pricing;cart;host;catalog-gw,1.0,1.0,1.0,1.0,0.0,1.0,1.0,1.0,1.0,1.0,0.3333333333333333,1.0,1.0,0.611111111111111
mr3_cross_lif-checkout_podfail_x_cart_cpu_x_pricing_cpu-k8s-v2-formal-r1-20260817170335,t05,triple,3,checkout;cart;pricing,RCD_seed0,resource,pricing,pricing;user;order;inventory;mysql,1.0,1.0,1.0,0.3333333333333333,0.0,0.0,0.0,1.0,0.46927872602275644,0.46927872602275644,0.3333333333333333,0.3333333333333333,0.3333333333333333,0.3333333333333333
mr3_cross_lif-checkout_podfail_x_cart_cpu_x_pricing_cpu-k8s-v2-formal-r1-20260817170335,t05,triple,3,checkout;cart;pricing,RCD_seed1,resource,cart,cart;pricing;search;review-query;inventory,1.0,1.0,1.0,0.6666666666666666,0.0,0.0,0.0,1.0,0.7653606369886217,0.7653606369886217,0.3333333333333333,0.6666666666666666,0.6666666666666666,0.5
mr3_cross_lif-checkout_podfail_x_cart_cpu_x_pricing_cpu-k8s-v2-formal-r1-20260817170335,t05,triple,3,checkout;cart;pricing,RCD_seed2,resource,pricing,pricing;user;cart;mysql;backend,1.0,1.0,1.0,0.6666666666666666,0.0,0.0,0.0,1.0,0.7039180890341347,0.7039180890341347,0.3333333333333333,0.6666666666666666,0.6666666666666666,0.4444444444444444
mr3_cross_lif-checkout_podfail_x_cart_cpu_x_pricing_cpu-k8s-v2-formal-r1-20260817170335,t05,triple,3,checkout;cart;pricing,RCD_seed3,resource,cart,cart;pricing;mysql;search;order,1.0,1.0,1.0,0.6666666666666666,0.0,0.0,0.0,1.0,0.7653606369886217,0.7653606369886217,0.3333333333333333,0.6666666666666666,0.6666666666666666,0.5
mr3_cross_lif-checkout_podfail_x_cart_cpu_x_pricing_cpu-k8s-v2-formal-r1-20260817170335,t05,triple,3,checkout;cart;pricing,RCD_seed4,resource,pricing,pricing;user;inventory;mysql;search,1.0,1.0,1.0,0.3333333333333333,0.0,0.0,0.0,1.0,0.46927872602275644,0.46927872602275644,0.3333333333333333,0.3333333333333333,0.3333333333333333,0.3333333333333333
mr3_cross_lif-checkout_podfail_x_cart_cpu_x_pricing_cpu-k8s-v2-formal-r1-20260817170335,t05,triple,3,checkout;cart;pricing,delta_ratio,resource,pricing,pricing;cart;host;mysql;checkout,1.0,1.0,1.0,0.6666666666666666,0.0,0.0,1.0,1.0,0.7653606369886217,0.9469024295259745,0.3333333333333333,0.6666666666666666,1.0,0.5666666666666667
mr3_cross_lif-checkout_podfail_x_cart_cpu_x_pricing_cpu-k8s-v2-formal-r1-20260817170335,t05,triple,3,checkout;cart;pricing,delta_z,resource,checkout,checkout;pricing;cart;host;mysql,1.0,1.0,1.0,1.0,0.0,1.0,1.0,1.0,1.0,1.0,0.3333333333333333,1.0,1.0,0.611111111111111
mr2_cross_lif-user_podfail_x_backend_cpu-k8s-v2-formal-r1-20260817171656,d21,dual,2,user;backend,BARO,full,user,user;backend;order;host;sasrec,1.0,1.0,1.0,1.0,0.0,1.0,1.0,1.0,1.0,1.0,0.5,1.0,1.0,0.75
mr2_cross_lif-user_podfail_x_backend_cpu-k8s-v2-formal-r1-20260817171656,d21,dual,2,user;backend,RCD_seed0,full,order,order,0.0,0.0,0.0,0.0,0.0,0.0,0.0,0.0,0.0,0.0,0.0,0.0,0.0,0.0
mr2_cross_lif-user_podfail_x_backend_cpu-k8s-v2-formal-r1-20260817171656,d21,dual,2,user;backend,RCD_seed1,full,review-query,review-query,0.0,0.0,0.0,0.0,0.0,0.0,0.0,0.0,0.0,0.0,0.0,0.0,0.0,0.0
mr2_cross_lif-user_podfail_x_backend_cpu-k8s-v2-formal-r1-20260817171656,d21,dual,2,user;backend,RCD_seed2,full,review-query,review-query,0.0,0.0,0.0,0.0,0.0,0.0,0.0,0.0,0.0,0.0,0.0,0.0,0.0,0.0
mr2_cross_lif-user_podfail_x_backend_cpu-k8s-v2-formal-r1-20260817171656,d21,dual,2,user;backend,RCD_seed3,full,order,order,0.0,0.0,0.0,0.0,0.0,0.0,0.0,0.0,0.0,0.0,0.0,0.0,0.0,0.0
mr2_cross_lif-user_podfail_x_backend_cpu-k8s-v2-formal-r1-20260817171656,d21,dual,2,user;backend,RCD_seed4,full,review-query,review-query;order,0.0,0.0,0.0,0.0,0.0,0.0,0.0,0.0,0.0,0.0,0.0,0.0,0.0,0.0
mr2_cross_lif-user_podfail_x_backend_cpu-k8s-v2-formal-r1-20260817171656,d21,dual,2,user;backend,delta_ratio,full,backend,backend;host;mysql;user;catalog,1.0,1.0,1.0,0.5,0.0,0.0,1.0,1.0,0.6131471927654584,0.8772153153380493,0.5,0.5,1.0,0.625
mr2_cross_lif-user_podfail_x_backend_cpu-k8s-v2-formal-r1-20260817171656,d21,dual,2,user;backend,delta_z,full,user,user;backend;host;mysql;catalog-gw,1.0,1.0,1.0,1.0,0.0,1.0,1.0,1.0,1.0,1.0,0.5,1.0,1.0,0.75
mr2_cross_lif-user_podfail_x_backend_cpu-k8s-v2-formal-r1-20260817171656,d21,dual,2,user;backend,BARO,resource,user,user;backend;host;pricing;cart,1.0,1.0,1.0,1.0,0.0,1.0,1.0,1.0,1.0,1.0,0.5,1.0,1.0,0.75
mr2_cross_lif-user_podfail_x_backend_cpu-k8s-v2-formal-r1-20260817171656,d21,dual,2,user;backend,RCD_seed0,resource,review-query,review-query;order,0.0,0.0,0.0,0.0,0.0,0.0,0.0,0.0,0.0,0.0,0.0,0.0,0.0,0.0
mr2_cross_lif-user_podfail_x_backend_cpu-k8s-v2-formal-r1-20260817171656,d21,dual,2,user;backend,RCD_seed1,resource,order,order;review-query,0.0,0.0,0.0,0.0,0.0,0.0,0.0,0.0,0.0,0.0,0.0,0.0,0.0,0.0
mr2_cross_lif-user_podfail_x_backend_cpu-k8s-v2-formal-r1-20260817171656,d21,dual,2,user;backend,RCD_seed2,resource,review-query,review-query,0.0,0.0,0.0,0.0,0.0,0.0,0.0,0.0,0.0,0.0,0.0,0.0,0.0,0.0
mr2_cross_lif-user_podfail_x_backend_cpu-k8s-v2-formal-r1-20260817171656,d21,dual,2,user;backend,RCD_seed3,resource,review-query,review-query,0.0,0.0,0.0,0.0,0.0,0.0,0.0,0.0,0.0,0.0,0.0,0.0,0.0,0.0
mr2_cross_lif-user_podfail_x_backend_cpu-k8s-v2-formal-r1-20260817171656,d21,dual,2,user;backend,RCD_seed4,resource,order,order,0.0,0.0,0.0,0.0,0.0,0.0,0.0,0.0,0.0,0.0,0.0,0.0,0.0,0.0
mr2_cross_lif-user_podfail_x_backend_cpu-k8s-v2-formal-r1-20260817171656,d21,dual,2,user;backend,delta_ratio,resource,backend,backend;host;mysql;user;order,1.0,1.0,1.0,0.5,0.0,0.0,1.0,1.0,0.6131471927654584,0.8772153153380493,0.5,0.5,1.0,0.625
mr2_cross_lif-user_podfail_x_backend_cpu-k8s-v2-formal-r1-20260817171656,d21,dual,2,user;backend,delta_z,resource,user,user;backend;host;mysql;catalog-gw,1.0,1.0,1.0,1.0,0.0,1.0,1.0,1.0,1.0,1.0,0.5,1.0,1.0,0.75
mr2_intra_res-host_cpu_x_svccpu-k8s-v2-formal-r1-20260817171944,d03,dual,2,host;catalog,BARO,full,order,order;review-query;checkout;catalog;pricing,0.0,0.0,1.0,0.0,0.0,0.0,0.0,0.0,0.0,0.2640681225725909,0.0,0.0,0.5,0.16346153846153846
mr2_intra_res-host_cpu_x_svccpu-k8s-v2-formal-r1-20260817171944,d03,dual,2,host;catalog,RCD_seed0,full,backend,backend;catalog-gw,0.0,0.0,0.0,0.0,0.0,0.0,0.0,0.0,0.0,0.0,0.0,0.0,0.0,0.0
mr2_intra_res-host_cpu_x_svccpu-k8s-v2-formal-r1-20260817171944,d03,dual,2,host;catalog,RCD_seed1,full,review-query,review-query,0.0,0.0,0.0,0.0,0.0,0.0,0.0,0.0,0.0,0.0,0.0,0.0,0.0,0.0
mr2_intra_res-host_cpu_x_svccpu-k8s-v2-formal-r1-20260817171944,d03,dual,2,host;catalog,RCD_seed2,full,review-query,review-query;catalog-gw,0.0,0.0,0.0,0.0,0.0,0.0,0.0,0.0,0.0,0.0,0.0,0.0,0.0,0.0
mr2_intra_res-host_cpu_x_svccpu-k8s-v2-formal-r1-20260817171944,d03,dual,2,host;catalog,RCD_seed3,full,cart,cart;backend,0.0,0.0,0.0,0.0,0.0,0.0,0.0,0.0,0.0,0.0,0.0,0.0,0.0,0.0
mr2_intra_res-host_cpu_x_svccpu-k8s-v2-formal-r1-20260817171944,d03,dual,2,host;catalog,RCD_seed4,full,inventory,inventory;backend,0.0,0.0,0.0,0.0,0.0,0.0,0.0,0.0,0.0,0.0,0.0,0.0,0.0,0.0
mr2_intra_res-host_cpu_x_svccpu-k8s-v2-formal-r1-20260817171944,d03,dual,2,host;catalog,delta_ratio,full,catalog,catalog;host;checkout;review-query;user,1.0,1.0,1.0,1.0,0.0,1.0,1.0,1.0,1.0,1.0,0.5,1.0,1.0,0.75
mr2_intra_res-host_cpu_x_svccpu-k8s-v2-formal-r1-20260817171944,d03,dual,2,host;catalog,delta_z,full,catalog,catalog;mysql;host;inventory;sasrec,1.0,1.0,1.0,0.5,0.0,1.0,1.0,1.0,0.9197207891481876,0.9197207891481876,0.5,1.0,1.0,0.6666666666666666
mr2_intra_res-host_cpu_x_svccpu-k8s-v2-formal-r1-20260817171944,d03,dual,2,host;catalog,BARO,resource,pricing,pricing;catalog;review-query;checkout;cart,0.0,1.0,1.0,0.5,0.0,0.0,0.0,0.0,0.38685280723454163,0.38685280723454163,0.0,0.5,0.5,0.3055555555555556
mr2_intra_res-host_cpu_x_svccpu-k8s-v2-formal-r1-20260817171944,d03,dual,2,host;catalog,RCD_seed0,resource,user,user;review-query;catalog-gw,0.0,0.0,0.0,0.0,0.0,0.0,0.0,0.0,0.0,0.0,0.0,0.0,0.0,0.0
mr2_intra_res-host_cpu_x_svccpu-k8s-v2-formal-r1-20260817171944,d03,dual,2,host;catalog,RCD_seed1,resource,review-query,review-query;catalog-gw,0.0,0.0,0.0,0.0,0.0,0.0,0.0,0.0,0.0,0.0,0.0,0.0,0.0,0.0
mr2_intra_res-host_cpu_x_svccpu-k8s-v2-formal-r1-20260817171944,d03,dual,2,host;catalog,RCD_seed2,resource,user,user;review-query;backend,0.0,0.0,0.0,0.0,0.0,0.0,0.0,0.0,0.0,0.0,0.0,0.0,0.0,0.0
mr2_intra_res-host_cpu_x_svccpu-k8s-v2-formal-r1-20260817171944,d03,dual,2,host;catalog,RCD_seed3,resource,checkout,checkout;pricing,0.0,0.0,0.0,0.0,0.0,0.0,0.0,0.0,0.0,0.0,0.0,0.0,0.0,0.0
mr2_intra_res-host_cpu_x_svccpu-k8s-v2-formal-r1-20260817171944,d03,dual,2,host;catalog,RCD_seed4,resource,catalog-gw,catalog-gw;checkout,0.0,0.0,0.0,0.0,0.0,0.0,0.0,0.0,0.0,0.0,0.0,0.0,0.0,0.0
mr2_intra_res-host_cpu_x_svccpu-k8s-v2-formal-r1-20260817171944,d03,dual,2,host;catalog,delta_ratio,resource,catalog,catalog;host;checkout;mysql;catalog-gw,1.0,1.0,1.0,1.0,0.0,1.0,1.0,1.0,1.0,1.0,0.5,1.0,1.0,0.75
mr2_intra_res-host_cpu_x_svccpu-k8s-v2-formal-r1-20260817171944,d03,dual,2,host;catalog,delta_z,resource,catalog,catalog;mysql;host;inventory;sasrec,1.0,1.0,1.0,0.5,0.0,1.0,1.0,1.0,0.9197207891481876,0.9197207891481876,0.5,1.0,1.0,0.6666666666666666
mr2_intra_config-dual_timeout_retry-k8s-v2-formal-r1-20260817172408,d01,single,1,catalog-gw,BARO,full,checkout,checkout;pricing;inventory;user;rec-agent,0.0,0.0,0.0,0.0,0.0,0.0,0.0,0.0,0.0,0.0,0.0,0.0,0.0,0.07692307692307693
mr2_intra_config-dual_timeout_retry-k8s-v2-formal-r1-20260817172408,d01,single,1,catalog-gw,RCD_seed0,full,backend,backend;inventory,0.0,0.0,0.0,0.0,0.0,0.0,0.0,0.0,0.0,0.0,0.0,0.0,0.0,0.0
mr2_intra_config-dual_timeout_retry-k8s-v2-formal-r1-20260817172408,d01,single,1,catalog-gw,RCD_seed1,full,backend,backend;inventory,0.0,0.0,0.0,0.0,0.0,0.0,0.0,0.0,0.0,0.0,0.0,0.0,0.0,0.0
mr2_intra_config-dual_timeout_retry-k8s-v2-formal-r1-20260817172408,d01,single,1,catalog-gw,RCD_seed2,full,user,user;inventory,0.0,0.0,0.0,0.0,0.0,0.0,0.0,0.0,0.0,0.0,0.0,0.0,0.0,0.0
mr2_intra_config-dual_timeout_retry-k8s-v2-formal-r1-20260817172408,d01,single,1,catalog-gw,RCD_seed3,full,user,user,0.0,0.0,0.0,0.0,0.0,0.0,0.0,0.0,0.0,0.0,0.0,0.0,0.0,0.0
mr2_intra_config-dual_timeout_retry-k8s-v2-formal-r1-20260817172408,d01,single,1,catalog-gw,RCD_seed4,full,backend,backend;inventory,0.0,0.0,0.0,0.0,0.0,0.0,0.0,0.0,0.0,0.0,0.0,0.0,0.0,0.0
mr2_intra_config-dual_timeout_retry-k8s-v2-formal-r1-20260817172408,d01,single,1,catalog-gw,delta_ratio,full,pricing,pricing;checkout;catalog-gw;cart;backend,0.0,1.0,1.0,0.0,0.0,1.0,1.0,0.0,0.5,0.5,0.0,1.0,1.0,0.3333333333333333
mr2_intra_config-dual_timeout_retry-k8s-v2-formal-r1-20260817172408,d01,single,1,catalog-gw,delta_z,full,review-query,review-query;pricing;user;checkout;host,0.0,0.0,0.0,0.0,0.0,0.0,0.0,0.0,0.0,0.0,0.0,0.0,0.0,0.16666666666666666
mr2_intra_config-dual_timeout_retry-k8s-v2-formal-r1-20260817172408,d01,single,1,catalog-gw,BARO,resource,checkout,checkout;user;order;search;pricing,0.0,0.0,0.0,0.0,0.0,0.0,0.0,0.0,0.0,0.0,0.0,0.0,0.0,0.1
mr2_intra_config-dual_timeout_retry-k8s-v2-formal-r1-20260817172408,d01,single,1,catalog-gw,RCD_seed0,resource,backend,backend,0.0,0.0,0.0,0.0,0.0,0.0,0.0,0.0,0.0,0.0,0.0,0.0,0.0,0.0
mr2_intra_config-dual_timeout_retry-k8s-v2-formal-r1-20260817172408,d01,single,1,catalog-gw,RCD_seed1,resource,backend,backend,0.0,0.0,0.0,0.0,0.0,0.0,0.0,0.0,0.0,0.0,0.0,0.0,0.0,0.0
mr2_intra_config-dual_timeout_retry-k8s-v2-formal-r1-20260817172408,d01,single,1,catalog-gw,RCD_seed2,resource,backend,backend;user,0.0,0.0,0.0,0.0,0.0,0.0,0.0,0.0,0.0,0.0,0.0,0.0,0.0,0.0
mr2_intra_config-dual_timeout_retry-k8s-v2-formal-r1-20260817172408,d01,single,1,catalog-gw,RCD_seed3,resource,backend,backend;inventory;user,0.0,0.0,0.0,0.0,0.0,0.0,0.0,0.0,0.0,0.0,0.0,0.0,0.0,0.0
mr2_intra_config-dual_timeout_retry-k8s-v2-formal-r1-20260817172408,d01,single,1,catalog-gw,RCD_seed4,resource,backend,backend;user;inventory,0.0,0.0,0.0,0.0,0.0,0.0,0.0,0.0,0.0,0.0,0.0,0.0,0.0,0.0
mr2_intra_config-dual_timeout_retry-k8s-v2-formal-r1-20260817172408,d01,single,1,catalog-gw,delta_ratio,resource,catalog-gw,catalog-gw;cart;catalog;search;pricing,1.0,1.0,1.0,1.0,1.0,1.0,1.0,1.0,1.0,1.0,1.0,1.0,1.0,1.0
mr2_intra_config-dual_timeout_retry-k8s-v2-formal-r1-20260817172408,d01,single,1,catalog-gw,delta_z,resource,user,user;checkout;host;catalog-gw;backend,0.0,0.0,1.0,0.0,0.0,0.0,1.0,0.0,0.0,0.43067655807339306,0.0,0.0,1.0,0.25
mr2_cross_dependency-catalog_latency_x_net_loss-k8s-v2-formal-r1-20260817174128,d13,dual,2,catalog;catalog-gw,BARO,full,catalog,catalog;checkout;pricing;review-query;search,1.0,1.0,1.0,0.5,0.0,0.0,0.0,1.0,0.6131471927654584,0.6131471927654584,0.5,0.5,0.5,0.5625
mr2_cross_dependency-catalog_latency_x_net_loss-k8s-v2-formal-r1-20260817174128,d13,dual,2,catalog;catalog-gw,RCD_seed0,full,catalog,catalog,1.0,1.0,1.0,0.5,0.0,0.0,0.0,1.0,0.6131471927654584,0.6131471927654584,0.5,0.5,0.5,0.5
mr2_cross_dependency-catalog_latency_x_net_loss-k8s-v2-formal-r1-20260817174128,d13,dual,2,catalog;catalog-gw,RCD_seed1,full,catalog,catalog,1.0,1.0,1.0,0.5,0.0,0.0,0.0,1.0,0.6131471927654584,0.6131471927654584,0.5,0.5,0.5,0.5
mr2_cross_dependency-catalog_latency_x_net_loss-k8s-v2-formal-r1-20260817174128,d13,dual,2,catalog;catalog-gw,RCD_seed2,full,catalog,catalog,1.0,1.0,1.0,0.5,0.0,0.0,0.0,1.0,0.6131471927654584,0.6131471927654584,0.5,0.5,0.5,0.5
mr2_cross_dependency-catalog_latency_x_net_loss-k8s-v2-formal-r1-20260817174128,d13,dual,2,catalog;catalog-gw,RCD_seed3,full,catalog,catalog,1.0,1.0,1.0,0.5,0.0,0.0,0.0,1.0,0.6131471927654584,0.6131471927654584,0.5,0.5,0.5,0.5
mr2_cross_dependency-catalog_latency_x_net_loss-k8s-v2-formal-r1-20260817174128,d13,dual,2,catalog;catalog-gw,RCD_seed4,full,catalog,catalog,1.0,1.0,1.0,0.5,0.0,0.0,0.0,1.0,0.6131471927654584,0.6131471927654584,0.5,0.5,0.5,0.5
mr2_cross_dependency-catalog_latency_x_net_loss-k8s-v2-formal-r1-20260817174128,d13,dual,2,catalog;catalog-gw,delta_ratio,full,pricing,pricing;catalog;review-query;catalog-gw;checkout,0.0,1.0,1.0,0.5,0.0,0.0,1.0,0.0,0.38685280723454163,0.6509209298071326,0.0,0.5,1.0,0.375
mr2_cross_dependency-catalog_latency_x_net_loss-k8s-v2-formal-r1-20260817174128,d13,dual,2,catalog;catalog-gw,delta_z,full,catalog,catalog;host;pricing;checkout;sasrec,1.0,1.0,1.0,0.5,0.0,0.0,0.0,1.0,0.6131471927654584,0.6131471927654584,0.5,0.5,0.5,0.55
mr2_cross_dependency-catalog_latency_x_net_loss-k8s-v2-formal-r1-20260817174128,d13,dual,2,catalog;catalog-gw,BARO,resource,catalog,catalog;catalog-gw;checkout;backend;pricing,1.0,1.0,1.0,1.0,0.0,1.0,1.0,1.0,1.0,1.0,0.5,1.0,1.0,0.75
mr2_cross_dependency-catalog_latency_x_net_loss-k8s-v2-formal-r1-20260817174128,d13,dual,2,catalog;catalog-gw,RCD_seed0,resource,catalog,catalog,1.0,1.0,1.0,0.5,0.0,0.0,0.0,1.0,0.6131471927654584,0.6131471927654584,0.5,0.5,0.5,0.5
mr2_cross_dependency-catalog_latency_x_net_loss-k8s-v2-formal-r1-20260817174128,d13,dual,2,catalog;catalog-gw,RCD_seed1,resource,catalog,catalog,1.0,1.0,1.0,0.5,0.0,0.0,0.0,1.0,0.6131471927654584,0.6131471927654584,0.5,0.5,0.5,0.5
mr2_cross_dependency-catalog_latency_x_net_loss-k8s-v2-formal-r1-20260817174128,d13,dual,2,catalog;catalog-gw,RCD_seed2,resource,catalog,catalog,1.0,1.0,1.0,0.5,0.0,0.0,0.0,1.0,0.6131471927654584,0.6131471927654584,0.5,0.5,0.5,0.5
mr2_cross_dependency-catalog_latency_x_net_loss-k8s-v2-formal-r1-20260817174128,d13,dual,2,catalog;catalog-gw,RCD_seed3,resource,catalog,catalog,1.0,1.0,1.0,0.5,0.0,0.0,0.0,1.0,0.6131471927654584,0.6131471927654584,0.5,0.5,0.5,0.5
mr2_cross_dependency-catalog_latency_x_net_loss-k8s-v2-formal-r1-20260817174128,d13,dual,2,catalog;catalog-gw,RCD_seed4,resource,catalog,catalog,1.0,1.0,1.0,0.5,0.0,0.0,0.0,1.0,0.6131471927654584,0.6131471927654584,0.5,0.5,0.5,0.5
mr2_cross_dependency-catalog_latency_x_net_loss-k8s-v2-formal-r1-20260817174128,d13,dual,2,catalog;catalog-gw,delta_ratio,resource,catalog,catalog;pricing;catalog-gw;cart;inventory,1.0,1.0,1.0,0.5,0.0,1.0,1.0,1.0,0.9197207891481876,0.9197207891481876,0.5,1.0,1.0,0.6666666666666666
mr2_cross_dependency-catalog_latency_x_net_loss-k8s-v2-formal-r1-20260817174128,d13,dual,2,catalog;catalog-gw,delta_z,resource,catalog,catalog;host;checkout;sasrec;backend,1.0,1.0,1.0,0.5,0.0,0.0,0.0,1.0,0.6131471927654584,0.6131471927654584,0.5,0.5,0.5,0.5555555555555556
mr1_single_res-service_cpu_single-k8s-v2-formal-r1-20260817174414,s12,single,1,backend,BARO,full,backend,backend;cart;checkout;review-query;host,1.0,1.0,1.0,1.0,1.0,1.0,1.0,1.0,1.0,1.0,1.0,1.0,1.0,1.0
mr1_single_res-service_cpu_single-k8s-v2-formal-r1-20260817174414,s12,single,1,backend,RCD_seed0,full,catalog-gw,catalog-gw;inventory,0.0,0.0,0.0,0.0,0.0,0.0,0.0,0.0,0.0,0.0,0.0,0.0,0.0,0.0
mr1_single_res-service_cpu_single-k8s-v2-formal-r1-20260817174414,s12,single,1,backend,RCD_seed1,full,catalog,catalog;review-query,0.0,0.0,0.0,0.0,0.0,0.0,0.0,0.0,0.0,0.0,0.0,0.0,0.0,0.0
mr1_single_res-service_cpu_single-k8s-v2-formal-r1-20260817174414,s12,single,1,backend,RCD_seed2,full,catalog-gw,catalog-gw;search,0.0,0.0,0.0,0.0,0.0,0.0,0.0,0.0,0.0,0.0,0.0,0.0,0.0,0.0
mr1_single_res-service_cpu_single-k8s-v2-formal-r1-20260817174414,s12,single,1,backend,RCD_seed3,full,search,search;review-query,0.0,0.0,0.0,0.0,0.0,0.0,0.0,0.0,0.0,0.0,0.0,0.0,0.0,0.0
mr1_single_res-service_cpu_single-k8s-v2-formal-r1-20260817174414,s12,single,1,backend,RCD_seed4,full,catalog-gw,catalog-gw;pricing,0.0,0.0,0.0,0.0,0.0,0.0,0.0,0.0,0.0,0.0,0.0,0.0,0.0,0.0
mr1_single_res-service_cpu_single-k8s-v2-formal-r1-20260817174414,s12,single,1,backend,delta_ratio,full,backend,backend;host;catalog-gw;review-query;inventory,1.0,1.0,1.0,1.0,1.0,1.0,1.0,1.0,1.0,1.0,1.0,1.0,1.0,1.0
mr1_single_res-service_cpu_single-k8s-v2-formal-r1-20260817174414,s12,single,1,backend,delta_z,full,backend,backend;checkout;order;search;review-query,1.0,1.0,1.0,1.0,1.0,1.0,1.0,1.0,1.0,1.0,1.0,1.0,1.0,1.0
mr1_single_res-service_cpu_single-k8s-v2-formal-r1-20260817174414,s12,single,1,backend,BARO,resource,backend,backend;cart;checkout;review-query;host,1.0,1.0,1.0,1.0,1.0,1.0,1.0,1.0,1.0,1.0,1.0,1.0,1.0,1.0
mr1_single_res-service_cpu_single-k8s-v2-formal-r1-20260817174414,s12,single,1,backend,RCD_seed0,resource,search,search;pricing;order,0.0,0.0,0.0,0.0,0.0,0.0,0.0,0.0,0.0,0.0,0.0,0.0,0.0,0.0
mr1_single_res-service_cpu_single-k8s-v2-formal-r1-20260817174414,s12,single,1,backend,RCD_seed1,resource,search,search;order,0.0,0.0,0.0,0.0,0.0,0.0,0.0,0.0,0.0,0.0,0.0,0.0,0.0,0.0
mr1_single_res-service_cpu_single-k8s-v2-formal-r1-20260817174414,s12,single,1,backend,RCD_seed2,resource,user,user;review-query,0.0,0.0,0.0,0.0,0.0,0.0,0.0,0.0,0.0,0.0,0.0,0.0,0.0,0.0
mr1_single_res-service_cpu_single-k8s-v2-formal-r1-20260817174414,s12,single,1,backend,RCD_seed3,resource,catalog-gw,catalog-gw;checkout,0.0,0.0,0.0,0.0,0.0,0.0,0.0,0.0,0.0,0.0,0.0,0.0,0.0,0.0
mr1_single_res-service_cpu_single-k8s-v2-formal-r1-20260817174414,s12,single,1,backend,RCD_seed4,resource,review-query,review-query,0.0,0.0,0.0,0.0,0.0,0.0,0.0,0.0,0.0,0.0,0.0,0.0,0.0,0.0
mr1_single_res-service_cpu_single-k8s-v2-formal-r1-20260817174414,s12,single,1,backend,delta_ratio,resource,backend,backend;host;catalog-gw;catalog;cart,1.0,1.0,1.0,1.0,1.0,1.0,1.0,1.0,1.0,1.0,1.0,1.0,1.0,1.0
mr1_single_res-service_cpu_single-k8s-v2-formal-r1-20260817174414,s12,single,1,backend,delta_z,resource,backend,backend;checkout;order;search;review-query,1.0,1.0,1.0,1.0,1.0,1.0,1.0,1.0,1.0,1.0,1.0,1.0,1.0,1.0
mr1_single_lif-pod_failure_single-k8s-v2-formal-r1-20260817174813,s17,single,1,backend,BARO,full,backend,backend;cart;search;catalog-gw;user,1.0,1.0,1.0,1.0,1.0,1.0,1.0,1.0,1.0,1.0,1.0,1.0,1.0,1.0
mr1_single_lif-pod_failure_single-k8s-v2-formal-r1-20260817174813,s17,single,1,backend,RCD_seed0,full,review-query,review-query;backend,0.0,1.0,1.0,0.0,0.0,1.0,1.0,0.0,0.6309297535714575,0.6309297535714575,0.0,1.0,1.0,0.5
mr1_single_lif-pod_failure_single-k8s-v2-formal-r1-20260817174813,s17,single,1,backend,RCD_seed1,full,catalog,catalog;search,0.0,0.0,0.0,0.0,0.0,0.0,0.0,0.0,0.0,0.0,0.0,0.0,0.0,0.0
mr1_single_lif-pod_failure_single-k8s-v2-formal-r1-20260817174813,s17,single,1,backend,RCD_seed2,full,pricing,pricing,0.0,0.0,0.0,0.0,0.0,0.0,0.0,0.0,0.0,0.0,0.0,0.0,0.0,0.0
mr1_single_lif-pod_failure_single-k8s-v2-formal-r1-20260817174813,s17,single,1,backend,RCD_seed3,full,inventory,inventory,0.0,0.0,0.0,0.0,0.0,0.0,0.0,0.0,0.0,0.0,0.0,0.0,0.0,0.0
mr1_single_lif-pod_failure_single-k8s-v2-formal-r1-20260817174813,s17,single,1,backend,RCD_seed4,full,backend,backend;checkout,1.0,1.0,1.0,1.0,1.0,1.0,1.0,1.0,1.0,1.0,1.0,1.0,1.0,1.0
mr1_single_lif-pod_failure_single-k8s-v2-formal-r1-20260817174813,s17,single,1,backend,delta_ratio,full,backend,backend;cart;review-query;search;catalog,1.0,1.0,1.0,1.0,1.0,1.0,1.0,1.0,1.0,1.0,1.0,1.0,1.0,1.0
mr1_single_lif-pod_failure_single-k8s-v2-formal-r1-20260817174813,s17,single,1,backend,delta_z,full,backend,backend;catalog-gw;search;user;pricing,1.0,1.0,1.0,1.0,1.0,1.0,1.0,1.0,1.0,1.0,1.0,1.0,1.0,1.0
mr1_single_lif-pod_failure_single-k8s-v2-formal-r1-20260817174813,s17,single,1,backend,BARO,resource,backend,backend;search;catalog-gw;pricing;inventory,1.0,1.0,1.0,1.0,1.0,1.0,1.0,1.0,1.0,1.0,1.0,1.0,1.0,1.0
mr1_single_lif-pod_failure_single-k8s-v2-formal-r1-20260817174813,s17,single,1,backend,RCD_seed0,resource,search,search;pricing,0.0,0.0,0.0,0.0,0.0,0.0,0.0,0.0,0.0,0.0,0.0,0.0,0.0,0.0
mr1_single_lif-pod_failure_single-k8s-v2-formal-r1-20260817174813,s17,single,1,backend,RCD_seed1,resource,user,user;pricing,0.0,0.0,0.0,0.0,0.0,0.0,0.0,0.0,0.0,0.0,0.0,0.0,0.0,0.0
mr1_single_lif-pod_failure_single-k8s-v2-formal-r1-20260817174813,s17,single,1,backend,RCD_seed2,resource,user,user,0.0,0.0,0.0,0.0,0.0,0.0,0.0,0.0,0.0,0.0,0.0,0.0,0.0,0.0
mr1_single_lif-pod_failure_single-k8s-v2-formal-r1-20260817174813,s17,single,1,backend,RCD_seed3,resource,review-query,review-query;checkout,0.0,0.0,0.0,0.0,0.0,0.0,0.0,0.0,0.0,0.0,0.0,0.0,0.0,0.0
mr1_single_lif-pod_failure_single-k8s-v2-formal-r1-20260817174813,s17,single,1,backend,RCD_seed4,resource,pricing,pricing;user,0.0,0.0,0.0,0.0,0.0,0.0,0.0,0.0,0.0,0.0,0.0,0.0,0.0,0.0
mr1_single_lif-pod_failure_single-k8s-v2-formal-r1-20260817174813,s17,single,1,backend,delta_ratio,resource,backend,backend;review-query;host;inventory;checkout,1.0,1.0,1.0,1.0,1.0,1.0,1.0,1.0,1.0,1.0,1.0,1.0,1.0,1.0
mr1_single_lif-pod_failure_single-k8s-v2-formal-r1-20260817174813,s17,single,1,backend,delta_z,resource,backend,backend;catalog-gw;search;user;pricing,1.0,1.0,1.0,1.0,1.0,1.0,1.0,1.0,1.0,1.0,1.0,1.0,1.0,1.0
mr2_cross_net-net_delay_x_svc_cpu-k8s-v2-formal-r1-20260817175404,d14,dual,2,catalog-gw;catalog,BARO,full,checkout,checkout;pricing;review-query;catalog;host,0.0,0.0,1.0,0.0,0.0,0.0,0.0,0.0,0.0,0.2640681225725909,0.0,0.0,0.5,0.20833333333333331
mr2_cross_net-net_delay_x_svc_cpu-k8s-v2-formal-r1-20260817175404,d14,dual,2,catalog-gw;catalog,RCD_seed0,full,inventory,inventory,0.0,0.0,0.0,0.0,0.0,0.0,0.0,0.0,0.0,0.0,0.0,0.0,0.0,0.0
mr2_cross_net-net_delay_x_svc_cpu-k8s-v2-formal-r1-20260817175404,d14,dual,2,catalog-gw;catalog,RCD_seed1,full,checkout,checkout,0.0,0.0,0.0,0.0,0.0,0.0,0.0,0.0,0.0,0.0,0.0,0.0,0.0,0.0
mr2_cross_net-net_delay_x_svc_cpu-k8s-v2-formal-r1-20260817175404,d14,dual,2,catalog-gw;catalog,RCD_seed2,full,pricing,pricing,0.0,0.0,0.0,0.0,0.0,0.0,0.0,0.0,0.0,0.0,0.0,0.0,0.0,0.0
mr2_cross_net-net_delay_x_svc_cpu-k8s-v2-formal-r1-20260817175404,d14,dual,2,catalog-gw;catalog,RCD_seed3,full,checkout,checkout;pricing,0.0,0.0,0.0,0.0,0.0,0.0,0.0,0.0,0.0,0.0,0.0,0.0,0.0,0.0
mr2_cross_net-net_delay_x_svc_cpu-k8s-v2-formal-r1-20260817175404,d14,dual,2,catalog-gw;catalog,RCD_seed4,full,checkout,checkout;inventory,0.0,0.0,0.0,0.0,0.0,0.0,0.0,0.0,0.0,0.0,0.0,0.0,0.0,0.0
mr2_cross_net-net_delay_x_svc_cpu-k8s-v2-formal-r1-20260817175404,d14,dual,2,catalog-gw;catalog,delta_ratio,full,catalog,catalog;host;mysql;pricing;checkout,1.0,1.0,1.0,0.5,0.0,0.0,0.0,1.0,0.6131471927654584,0.6131471927654584,0.5,0.5,0.5,0.5384615384615384
mr2_cross_net-net_delay_x_svc_cpu-k8s-v2-formal-r1-20260817175404,d14,dual,2,catalog-gw;catalog,delta_z,full,catalog,catalog;host;mysql;pricing;checkout,1.0,1.0,1.0,0.5,0.0,0.0,0.0,1.0,0.6131471927654584,0.6131471927654584,0.5,0.5,0.5,0.5625
mr2_cross_net-net_delay_x_svc_cpu-k8s-v2-formal-r1-20260817175404,d14,dual,2,catalog-gw;catalog,BARO,resource,catalog,catalog;host;catalog-gw;inventory;search,1.0,1.0,1.0,0.5,0.0,1.0,1.0,1.0,0.9197207891481876,0.9197207891481876,0.5,1.0,1.0,0.6666666666666666
mr2_cross_net-net_delay_x_svc_cpu-k8s-v2-formal-r1-20260817175404,d14,dual,2,catalog-gw;catalog,RCD_seed0,resource,inventory,inventory,0.0,0.0,0.0,0.0,0.0,0.0,0.0,0.0,0.0,0.0,0.0,0.0,0.0,0.0
mr2_cross_net-net_delay_x_svc_cpu-k8s-v2-formal-r1-20260817175404,d14,dual,2,catalog-gw;catalog,RCD_seed1,resource,inventory,inventory,0.0,0.0,0.0,0.0,0.0,0.0,0.0,0.0,0.0,0.0,0.0,0.0,0.0,0.0
mr2_cross_net-net_delay_x_svc_cpu-k8s-v2-formal-r1-20260817175404,d14,dual,2,catalog-gw;catalog,RCD_seed2,resource,inventory,inventory,0.0,0.0,0.0,0.0,0.0,0.0,0.0,0.0,0.0,0.0,0.0,0.0,0.0,0.0
mr2_cross_net-net_delay_x_svc_cpu-k8s-v2-formal-r1-20260817175404,d14,dual,2,catalog-gw;catalog,RCD_seed3,resource,inventory,inventory,0.0,0.0,0.0,0.0,0.0,0.0,0.0,0.0,0.0,0.0,0.0,0.0,0.0,0.0
mr2_cross_net-net_delay_x_svc_cpu-k8s-v2-formal-r1-20260817175404,d14,dual,2,catalog-gw;catalog,RCD_seed4,resource,inventory,inventory,0.0,0.0,0.0,0.0,0.0,0.0,0.0,0.0,0.0,0.0,0.0,0.0,0.0,0.0
mr2_cross_net-net_delay_x_svc_cpu-k8s-v2-formal-r1-20260817175404,d14,dual,2,catalog-gw;catalog,delta_ratio,resource,catalog,catalog;host;mysql;inventory;review-query,1.0,1.0,1.0,0.5,0.0,0.0,0.0,1.0,0.6131471927654584,0.6131471927654584,0.5,0.5,0.5,0.5555555555555556
mr2_cross_net-net_delay_x_svc_cpu-k8s-v2-formal-r1-20260817175404,d14,dual,2,catalog-gw;catalog,delta_z,resource,catalog,catalog;host;mysql;catalog-gw;search,1.0,1.0,1.0,0.5,0.0,0.0,1.0,1.0,0.6131471927654584,0.8772153153380493,0.5,0.5,1.0,0.625
mr1_single_res-service_cpu_single-k8s-v2-formal-r1-20260817175645,s09,single,1,order,BARO,full,order,order;checkout;user;catalog;host,1.0,1.0,1.0,1.0,1.0,1.0,1.0,1.0,1.0,1.0,1.0,1.0,1.0,1.0
mr1_single_res-service_cpu_single-k8s-v2-formal-r1-20260817175645,s09,single,1,order,RCD_seed0,full,cart,cart,0.0,0.0,0.0,0.0,0.0,0.0,0.0,0.0,0.0,0.0,0.0,0.0,0.0,0.0
mr1_single_res-service_cpu_single-k8s-v2-formal-r1-20260817175645,s09,single,1,order,RCD_seed1,full,backend,backend;user,0.0,0.0,0.0,0.0,0.0,0.0,0.0,0.0,0.0,0.0,0.0,0.0,0.0,0.0
mr1_single_res-service_cpu_single-k8s-v2-formal-r1-20260817175645,s09,single,1,order,RCD_seed2,full,inventory,inventory;search,0.0,0.0,0.0,0.0,0.0,0.0,0.0,0.0,0.0,0.0,0.0,0.0,0.0,0.0
mr1_single_res-service_cpu_single-k8s-v2-formal-r1-20260817175645,s09,single,1,order,RCD_seed3,full,inventory,inventory;order,0.0,1.0,1.0,0.0,0.0,1.0,1.0,0.0,0.6309297535714575,0.6309297535714575,0.0,1.0,1.0,0.5
mr1_single_res-service_cpu_single-k8s-v2-formal-r1-20260817175645,s09,single,1,order,RCD_seed4,full,user,user,0.0,0.0,0.0,0.0,0.0,0.0,0.0,0.0,0.0,0.0,0.0,0.0,0.0,0.0
mr1_single_res-service_cpu_single-k8s-v2-formal-r1-20260817175645,s09,single,1,order,delta_ratio,full,search,search;backend;cart;order;mysql,0.0,0.0,1.0,0.0,0.0,0.0,1.0,0.0,0.0,0.43067655807339306,0.0,0.0,1.0,0.25
mr1_single_res-service_cpu_single-k8s-v2-formal-r1-20260817175645,s09,single,1,order,delta_z,full,catalog-gw,catalog-gw;catalog;mysql;user;search,0.0,0.0,0.0,0.0,0.0,0.0,0.0,0.0,0.0,0.0,0.0,0.0,0.0,0.1
mr1_single_res-service_cpu_single-k8s-v2-formal-r1-20260817175645,s09,single,1,order,BARO,resource,order,order;checkout;user;catalog;host,1.0,1.0,1.0,1.0,1.0,1.0,1.0,1.0,1.0,1.0,1.0,1.0,1.0,1.0
mr1_single_res-service_cpu_single-k8s-v2-formal-r1-20260817175645,s09,single,1,order,RCD_seed0,resource,inventory,inventory,0.0,0.0,0.0,0.0,0.0,0.0,0.0,0.0,0.0,0.0,0.0,0.0,0.0,0.0
mr1_single_res-service_cpu_single-k8s-v2-formal-r1-20260817175645,s09,single,1,order,RCD_seed1,resource,inventory,inventory,0.0,0.0,0.0,0.0,0.0,0.0,0.0,0.0,0.0,0.0,0.0,0.0,0.0,0.0
mr1_single_res-service_cpu_single-k8s-v2-formal-r1-20260817175645,s09,single,1,order,RCD_seed2,resource,catalog-gw,catalog-gw;catalog,0.0,0.0,0.0,0.0,0.0,0.0,0.0,0.0,0.0,0.0,0.0,0.0,0.0,0.0
mr1_single_res-service_cpu_single-k8s-v2-formal-r1-20260817175645,s09,single,1,order,RCD_seed3,resource,sasrec,sasrec;user,0.0,0.0,0.0,0.0,0.0,0.0,0.0,0.0,0.0,0.0,0.0,0.0,0.0,0.0
mr1_single_res-service_cpu_single-k8s-v2-formal-r1-20260817175645,s09,single,1,order,RCD_seed4,resource,review-query,review-query;inventory,0.0,0.0,0.0,0.0,0.0,0.0,0.0,0.0,0.0,0.0,0.0,0.0,0.0,0.0
mr1_single_res-service_cpu_single-k8s-v2-formal-r1-20260817175645,s09,single,1,order,delta_ratio,resource,search,search;backend;mysql;host;catalog-gw,0.0,0.0,0.0,0.0,0.0,0.0,0.0,0.0,0.0,0.0,0.0,0.0,0.0,0.14285714285714285
mr1_single_res-service_cpu_single-k8s-v2-formal-r1-20260817175645,s09,single,1,order,delta_z,resource,catalog-gw,catalog-gw;catalog;mysql;user;search,0.0,0.0,0.0,0.0,0.0,0.0,0.0,0.0,0.0,0.0,0.0,0.0,0.0,0.1
mr2_cross_lif-search_podfail_x_reviewquery_cpu-k8s-v2-formal-r1-20260817181006,d19,dual,2,search;review-query,BARO,full,search,search;review-query;cart;rec-agent;backend,1.0,1.0,1.0,1.0,0.0,1.0,1.0,1.0,1.0,1.0,0.5,1.0,1.0,0.75
mr2_cross_lif-search_podfail_x_reviewquery_cpu-k8s-v2-formal-r1-20260817181006,d19,dual,2,search;review-query,RCD_seed0,full,inventory,inventory;checkout;review-query;backend;user,0.0,1.0,1.0,0.0,0.0,0.0,0.0,0.0,0.3065735963827292,0.3065735963827292,0.0,0.5,0.5,0.16666666666666666
mr2_cross_lif-search_podfail_x_reviewquery_cpu-k8s-v2-formal-r1-20260817181006,d19,dual,2,search;review-query,RCD_seed1,full,review-query,review-query;inventory;checkout;cart;catalog-gw,1.0,1.0,1.0,0.5,0.0,0.0,0.0,1.0,0.6131471927654584,0.6131471927654584,0.5,0.5,0.5,0.5
mr2_cross_lif-search_podfail_x_reviewquery_cpu-k8s-v2-formal-r1-20260817181006,d19,dual,2,search;review-query,RCD_seed2,full,review-query,review-query;checkout;cart;user,1.0,1.0,1.0,0.5,0.0,0.0,0.0,1.0,0.6131471927654584,0.6131471927654584,0.5,0.5,0.5,0.5
mr2_cross_lif-search_podfail_x_reviewquery_cpu-k8s-v2-formal-r1-20260817181006,d19,dual,2,search;review-query,RCD_seed3,full,review-query,review-query;backend;user;inventory,1.0,1.0,1.0,0.5,0.0,0.0,0.0,1.0,0.6131471927654584,0.6131471927654584,0.5,0.5,0.5,0.5
mr2_cross_lif-search_podfail_x_reviewquery_cpu-k8s-v2-formal-r1-20260817181006,d19,dual,2,search;review-query,RCD_seed4,full,review-query,review-query;checkout;user;inventory,1.0,1.0,1.0,0.5,0.0,0.0,0.0,1.0,0.6131471927654584,0.6131471927654584,0.5,0.5,0.5,0.5
mr2_cross_lif-search_podfail_x_reviewquery_cpu-k8s-v2-formal-r1-20260817181006,d19,dual,2,search;review-query,delta_ratio,full,review-query,review-query;mysql;host;search;user,1.0,1.0,1.0,0.5,0.0,0.0,1.0,1.0,0.6131471927654584,0.8772153153380493,0.5,0.5,1.0,0.625
mr2_cross_lif-search_podfail_x_reviewquery_cpu-k8s-v2-formal-r1-20260817181006,d19,dual,2,search;review-query,delta_z,full,search,search;review-query;mysql;host;user,1.0,1.0,1.0,1.0,0.0,1.0,1.0,1.0,1.0,1.0,0.5,1.0,1.0,0.75
mr2_cross_lif-search_podfail_x_reviewquery_cpu-k8s-v2-formal-r1-20260817181006,d19,dual,2,search;review-query,BARO,resource,search,search;review-query;host;backend;checkout,1.0,1.0,1.0,1.0,0.0,1.0,1.0,1.0,1.0,1.0,0.5,1.0,1.0,0.75
mr2_cross_lif-search_podfail_x_reviewquery_cpu-k8s-v2-formal-r1-20260817181006,d19,dual,2,search;review-query,RCD_seed0,resource,review-query,review-query;backend;user;order;cart,1.0,1.0,1.0,0.5,0.0,0.0,0.0,1.0,0.6131471927654584,0.6131471927654584,0.5,0.5,0.5,0.5
mr2_cross_lif-search_podfail_x_reviewquery_cpu-k8s-v2-formal-r1-20260817181006,d19,dual,2,search;review-query,RCD_seed1,resource,review-query,review-query;pricing;user;inventory;order,1.0,1.0,1.0,0.5,0.0,0.0,0.0,1.0,0.6131471927654584,0.6131471927654584,0.5,0.5,0.5,0.5
mr2_cross_lif-search_podfail_x_reviewquery_cpu-k8s-v2-formal-r1-20260817181006,d19,dual,2,search;review-query,RCD_seed2,resource,review-query,review-query;checkout;inventory;user;backend,1.0,1.0,1.0,0.5,0.0,0.0,0.0,1.0,0.6131471927654584,0.6131471927654584,0.5,0.5,0.5,0.5
mr2_cross_lif-search_podfail_x_reviewquery_cpu-k8s-v2-formal-r1-20260817181006,d19,dual,2,search;review-query,RCD_seed3,resource,review-query,review-query;backend;user;mysql;search,1.0,1.0,1.0,0.5,0.0,0.0,1.0,1.0,0.6131471927654584,0.8503449055347546,0.5,0.5,1.0,0.6
mr2_cross_lif-search_podfail_x_reviewquery_cpu-k8s-v2-formal-r1-20260817181006,d19,dual,2,search;review-query,RCD_seed4,resource,review-query,review-query;checkout;inventory;backend;catalog-gw,1.0,1.0,1.0,0.5,0.0,0.0,0.0,1.0,0.6131471927654584,0.6131471927654584,0.5,0.5,0.5,0.5
mr2_cross_lif-search_podfail_x_reviewquery_cpu-k8s-v2-formal-r1-20260817181006,d19,dual,2,search;review-query,delta_ratio,resource,review-query,review-query;mysql;host;search;catalog,1.0,1.0,1.0,0.5,0.0,0.0,1.0,1.0,0.6131471927654584,0.8772153153380493,0.5,0.5,1.0,0.625
mr2_cross_lif-search_podfail_x_reviewquery_cpu-k8s-v2-formal-r1-20260817181006,d19,dual,2,search;review-query,delta_z,resource,search,search;review-query;mysql;host;catalog-gw,1.0,1.0,1.0,1.0,0.0,1.0,1.0,1.0,1.0,1.0,0.5,1.0,1.0,0.75
mr2_cross_lif-checkout_podfail_x_inv_latency-k8s-v2-formal-r1-20260817182721,d17,dual,2,checkout;inventory,BARO,full,inventory,inventory;checkout;catalog;cart;catalog-gw,1.0,1.0,1.0,1.0,0.0,1.0,1.0,1.0,1.0,1.0,0.5,1.0,1.0,0.75
mr2_cross_lif-checkout_podfail_x_inv_latency-k8s-v2-formal-r1-20260817182721,d17,dual,2,checkout;inventory,RCD_seed0,full,sasrec,sasrec;pricing;catalog;checkout,0.0,0.0,1.0,0.0,0.0,0.0,0.0,0.0,0.0,0.2640681225725909,0.0,0.0,0.5,0.125
mr2_cross_lif-checkout_podfail_x_inv_latency-k8s-v2-formal-r1-20260817182721,d17,dual,2,checkout;inventory,RCD_seed1,full,sasrec,sasrec;pricing;backend,0.0,0.0,0.0,0.0,0.0,0.0,0.0,0.0,0.0,0.0,0.0,0.0,0.0,0.0
mr2_cross_lif-checkout_podfail_x_inv_latency-k8s-v2-formal-r1-20260817182721,d17,dual,2,checkout;inventory,RCD_seed2,full,sasrec,sasrec;pricing,0.0,0.0,0.0,0.0,0.0,0.0,0.0,0.0,0.0,0.0,0.0,0.0,0.0,0.0
mr2_cross_lif-checkout_podfail_x_inv_latency-k8s-v2-formal-r1-20260817182721,d17,dual,2,checkout;inventory,RCD_seed3,full,sasrec,sasrec;pricing;backend;search,0.0,0.0,0.0,0.0,0.0,0.0,0.0,0.0,0.0,0.0,0.0,0.0,0.0,0.0
mr2_cross_lif-checkout_podfail_x_inv_latency-k8s-v2-formal-r1-20260817182721,d17,dual,2,checkout;inventory,RCD_seed4,full,sasrec,sasrec;user;backend;catalog;pricing,0.0,0.0,0.0,0.0,0.0,0.0,0.0,0.0,0.0,0.0,0.0,0.0,0.0,0.08333333333333333
mr2_cross_lif-checkout_podfail_x_inv_latency-k8s-v2-formal-r1-20260817182721,d17,dual,2,checkout;inventory,delta_ratio,full,inventory,inventory;checkout;pricing;user;catalog,1.0,1.0,1.0,1.0,0.0,1.0,1.0,1.0,1.0,1.0,0.5,1.0,1.0,0.75
mr2_cross_lif-checkout_podfail_x_inv_latency-k8s-v2-formal-r1-20260817182721,d17,dual,2,checkout;inventory,delta_z,full,inventory,inventory;checkout;backend;host;sasrec,1.0,1.0,1.0,1.0,0.0,1.0,1.0,1.0,1.0,1.0,0.5,1.0,1.0,0.75
mr2_cross_lif-checkout_podfail_x_inv_latency-k8s-v2-formal-r1-20260817182721,d17,dual,2,checkout;inventory,BARO,resource,checkout,checkout;inventory;backend;host;pricing,1.0,1.0,1.0,1.0,0.0,1.0,1.0,1.0,1.0,1.0,0.5,1.0,1.0,0.75
mr2_cross_lif-checkout_podfail_x_inv_latency-k8s-v2-formal-r1-20260817182721,d17,dual,2,checkout;inventory,RCD_seed0,resource,sasrec,sasrec;backend,0.0,0.0,0.0,0.0,0.0,0.0,0.0,0.0,0.0,0.0,0.0,0.0,0.0,0.0
mr2_cross_lif-checkout_podfail_x_inv_latency-k8s-v2-formal-r1-20260817182721,d17,dual,2,checkout;inventory,RCD_seed1,resource,sasrec,sasrec;order;backend,0.0,0.0,0.0,0.0,0.0,0.0,0.0,0.0,0.0,0.0,0.0,0.0,0.0,0.0
mr2_cross_lif-checkout_podfail_x_inv_latency-k8s-v2-formal-r1-20260817182721,d17,dual,2,checkout;inventory,RCD_seed2,resource,sasrec,sasrec;checkout;order,0.0,1.0,1.0,0.5,0.0,0.0,0.0,0.0,0.38685280723454163,0.38685280723454163,0.0,0.5,0.5,0.25
mr2_cross_lif-checkout_podfail_x_inv_latency-k8s-v2-formal-r1-20260817182721,d17,dual,2,checkout;inventory,RCD_seed3,resource,sasrec,sasrec;backend,0.0,0.0,0.0,0.0,0.0,0.0,0.0,0.0,0.0,0.0,0.0,0.0,0.0,0.0
mr2_cross_lif-checkout_podfail_x_inv_latency-k8s-v2-formal-r1-20260817182721,d17,dual,2,checkout;inventory,RCD_seed4,resource,sasrec,sasrec;backend;user,0.0,0.0,0.0,0.0,0.0,0.0,0.0,0.0,0.0,0.0,0.0,0.0,0.0,0.0
mr2_cross_lif-checkout_podfail_x_inv_latency-k8s-v2-formal-r1-20260817182721,d17,dual,2,checkout;inventory,delta_ratio,resource,checkout,checkout;inventory;catalog;backend;catalog-gw,1.0,1.0,1.0,1.0,0.0,1.0,1.0,1.0,1.0,1.0,0.5,1.0,1.0,0.75
mr2_cross_lif-checkout_podfail_x_inv_latency-k8s-v2-formal-r1-20260817182721,d17,dual,2,checkout;inventory,delta_z,resource,inventory,inventory;checkout;host;sasrec;backend,1.0,1.0,1.0,1.0,0.0,1.0,1.0,1.0,1.0,1.0,0.5,1.0,1.0,0.75
mr1_single_net-net_delay_single-k8s-v2-formal-r1-20260817183513,s21,single,1,rec-agent,BARO,full,rec-agent,rec-agent;sasrec;checkout;pricing;user,1.0,1.0,1.0,1.0,1.0,1.0,1.0,1.0,1.0,1.0,1.0,1.0,1.0,1.0
mr1_single_net-net_delay_single-k8s-v2-formal-r1-20260817183513,s21,single,1,rec-agent,RCD_seed0,full,user,user,0.0,0.0,0.0,0.0,0.0,0.0,0.0,0.0,0.0,0.0,0.0,0.0,0.0,0.0
mr1_single_net-net_delay_single-k8s-v2-formal-r1-20260817183513,s21,single,1,rec-agent,RCD_seed1,full,user,user,0.0,0.0,0.0,0.0,0.0,0.0,0.0,0.0,0.0,0.0,0.0,0.0,0.0,0.0
mr1_single_net-net_delay_single-k8s-v2-formal-r1-20260817183513,s21,single,1,rec-agent,RCD_seed2,full,user,user;rec-agent,0.0,1.0,1.0,0.0,0.0,1.0,1.0,0.0,0.6309297535714575,0.6309297535714575,0.0,1.0,1.0,0.5
mr1_single_net-net_delay_single-k8s-v2-formal-r1-20260817183513,s21,single,1,rec-agent,RCD_seed3,full,user,user,0.0,0.0,0.0,0.0,0.0,0.0,0.0,0.0,0.0,0.0,0.0,0.0,0.0,0.0
mr1_single_net-net_delay_single-k8s-v2-formal-r1-20260817183513,s21,single,1,rec-agent,RCD_seed4,full,rec-agent,rec-agent,1.0,1.0,1.0,1.0,1.0,1.0,1.0,1.0,1.0,1.0,1.0,1.0,1.0,1.0
mr1_single_net-net_delay_single-k8s-v2-formal-r1-20260817183513,s21,single,1,rec-agent,delta_ratio,full,rec-agent,rec-agent;mysql;backend;host;catalog,1.0,1.0,1.0,1.0,1.0,1.0,1.0,1.0,1.0,1.0,1.0,1.0,1.0,1.0
mr1_single_net-net_delay_single-k8s-v2-formal-r1-20260817183513,s21,single,1,rec-agent,delta_z,full,mysql,mysql;sasrec;host;rec-agent;cart,0.0,0.0,1.0,0.0,0.0,0.0,1.0,0.0,0.0,0.43067655807339306,0.0,0.0,1.0,0.25
mr1_single_net-net_delay_single-k8s-v2-formal-r1-20260817183513,s21,single,1,rec-agent,BARO,resource,catalog-gw,catalog-gw;catalog;pricing;checkout;order,0.0,0.0,0.0,0.0,0.0,0.0,0.0,0.0,0.0,0.0,0.0,0.0,0.0,0.1
mr1_single_net-net_delay_single-k8s-v2-formal-r1-20260817183513,s21,single,1,rec-agent,RCD_seed0,resource,user,user,0.0,0.0,0.0,0.0,0.0,0.0,0.0,0.0,0.0,0.0,0.0,0.0,0.0,0.0
mr1_single_net-net_delay_single-k8s-v2-formal-r1-20260817183513,s21,single,1,rec-agent,RCD_seed1,resource,user,user,0.0,0.0,0.0,0.0,0.0,0.0,0.0,0.0,0.0,0.0,0.0,0.0,0.0,0.0
mr1_single_net-net_delay_single-k8s-v2-formal-r1-20260817183513,s21,single,1,rec-agent,RCD_seed2,resource,user,user,0.0,0.0,0.0,0.0,0.0,0.0,0.0,0.0,0.0,0.0,0.0,0.0,0.0,0.0
mr1_single_net-net_delay_single-k8s-v2-formal-r1-20260817183513,s21,single,1,rec-agent,RCD_seed3,resource,user,user,0.0,0.0,0.0,0.0,0.0,0.0,0.0,0.0,0.0,0.0,0.0,0.0,0.0,0.0
mr1_single_net-net_delay_single-k8s-v2-formal-r1-20260817183513,s21,single,1,rec-agent,RCD_seed4,resource,user,user,0.0,0.0,0.0,0.0,0.0,0.0,0.0,0.0,0.0,0.0,0.0,0.0,0.0,0.0
mr1_single_net-net_delay_single-k8s-v2-formal-r1-20260817183513,s21,single,1,rec-agent,delta_ratio,resource,mysql,mysql;rec-agent;host;backend;catalog-gw,0.0,1.0,1.0,0.0,0.0,1.0,1.0,0.0,0.6309297535714575,0.6309297535714575,0.0,1.0,1.0,0.5
mr1_single_net-net_delay_single-k8s-v2-formal-r1-20260817183513,s21,single,1,rec-agent,delta_z,resource,mysql,mysql;sasrec;host;cart;order,0.0,0.0,0.0,0.0,0.0,0.0,0.0,0.0,0.0,0.0,0.0,0.0,0.0,0.07142857142857142
mr1_single_lif-pod_failure_single-k8s-v2-formal-r1-20260817183837,s18,single,1,checkout,BARO,full,checkout,checkout;user;inventory;order;cart,1.0,1.0,1.0,1.0,1.0,1.0,1.0,1.0,1.0,1.0,1.0,1.0,1.0,1.0
mr1_single_lif-pod_failure_single-k8s-v2-formal-r1-20260817183837,s18,single,1,checkout,RCD_seed0,full,inventory,inventory;pricing,0.0,0.0,0.0,0.0,0.0,0.0,0.0,0.0,0.0,0.0,0.0,0.0,0.0,0.0
mr1_single_lif-pod_failure_single-k8s-v2-formal-r1-20260817183837,s18,single,1,checkout,RCD_seed1,full,pricing,pricing;inventory,0.0,0.0,0.0,0.0,0.0,0.0,0.0,0.0,0.0,0.0,0.0,0.0,0.0,0.0
mr1_single_lif-pod_failure_single-k8s-v2-formal-r1-20260817183837,s18,single,1,checkout,RCD_seed2,full,checkout,checkout,1.0,1.0,1.0,1.0,1.0,1.0,1.0,1.0,1.0,1.0,1.0,1.0,1.0,1.0
mr1_single_lif-pod_failure_single-k8s-v2-formal-r1-20260817183837,s18,single,1,checkout,RCD_seed3,full,checkout,checkout;backend,1.0,1.0,1.0,1.0,1.0,1.0,1.0,1.0,1.0,1.0,1.0,1.0,1.0,1.0
mr1_single_lif-pod_failure_single-k8s-v2-formal-r1-20260817183837,s18,single,1,checkout,RCD_seed4,full,user,user;search,0.0,0.0,0.0,0.0,0.0,0.0,0.0,0.0,0.0,0.0,0.0,0.0,0.0,0.0
mr1_single_lif-pod_failure_single-k8s-v2-formal-r1-20260817183837,s18,single,1,checkout,delta_ratio,full,checkout,checkout;mysql;cart;search;catalog,1.0,1.0,1.0,1.0,1.0,1.0,1.0,1.0,1.0,1.0,1.0,1.0,1.0,1.0
mr1_single_lif-pod_failure_single-k8s-v2-formal-r1-20260817183837,s18,single,1,checkout,delta_z,full,checkout,checkout;pricing;mysql;user;order,1.0,1.0,1.0,1.0,1.0,1.0,1.0,1.0,1.0,1.0,1.0,1.0,1.0,1.0
mr1_single_lif-pod_failure_single-k8s-v2-formal-r1-20260817183837,s18,single,1,checkout,BARO,resource,checkout,checkout;order;pricing;cart;search,1.0,1.0,1.0,1.0,1.0,1.0,1.0,1.0,1.0,1.0,1.0,1.0,1.0,1.0
mr1_single_lif-pod_failure_single-k8s-v2-formal-r1-20260817183837,s18,single,1,checkout,RCD_seed0,resource,search,search;inventory,0.0,0.0,0.0,0.0,0.0,0.0,0.0,0.0,0.0,0.0,0.0,0.0,0.0,0.0
mr1_single_lif-pod_failure_single-k8s-v2-formal-r1-20260817183837,s18,single,1,checkout,RCD_seed1,resource,backend,backend;sasrec,0.0,0.0,0.0,0.0,0.0,0.0,0.0,0.0,0.0,0.0,0.0,0.0,0.0,0.0
mr1_single_lif-pod_failure_single-k8s-v2-formal-r1-20260817183837,s18,single,1,checkout,RCD_seed2,resource,pricing,pricing;checkout,0.0,1.0,1.0,0.0,0.0,1.0,1.0,0.0,0.6309297535714575,0.6309297535714575,0.0,1.0,1.0,0.5
mr1_single_lif-pod_failure_single-k8s-v2-formal-r1-20260817183837,s18,single,1,checkout,RCD_seed3,resource,inventory,inventory,0.0,0.0,0.0,0.0,0.0,0.0,0.0,0.0,0.0,0.0,0.0,0.0,0.0,0.0
mr1_single_lif-pod_failure_single-k8s-v2-formal-r1-20260817183837,s18,single,1,checkout,RCD_seed4,resource,inventory,inventory;pricing,0.0,0.0,0.0,0.0,0.0,0.0,0.0,0.0,0.0,0.0,0.0,0.0,0.0,0.0
mr1_single_lif-pod_failure_single-k8s-v2-formal-r1-20260817183837,s18,single,1,checkout,delta_ratio,resource,mysql,mysql;checkout;catalog-gw;catalog;user,0.0,1.0,1.0,0.0,0.0,1.0,1.0,0.0,0.6309297535714575,0.6309297535714575,0.0,1.0,1.0,0.5
mr1_single_lif-pod_failure_single-k8s-v2-formal-r1-20260817183837,s18,single,1,checkout,delta_z,resource,checkout,checkout;pricing;mysql;user;order,1.0,1.0,1.0,1.0,1.0,1.0,1.0,1.0,1.0,1.0,1.0,1.0,1.0,1.0
mr2_cross_dependency-inv_latency_x_runtime_exc-k8s-v2-formal-r1-20260817184751,d11,dual,2,inventory;catalog,BARO,full,inventory,inventory;checkout;catalog;pricing;search,1.0,1.0,1.0,0.5,0.0,1.0,1.0,1.0,0.9197207891481876,0.9197207891481876,0.5,1.0,1.0,0.6666666666666666
mr2_cross_dependency-inv_latency_x_runtime_exc-k8s-v2-formal-r1-20260817184751,d11,dual,2,inventory;catalog,RCD_seed0,full,catalog,catalog;inventory;checkout,1.0,1.0,1.0,1.0,0.0,1.0,1.0,1.0,1.0,1.0,0.5,1.0,1.0,0.75
mr2_cross_dependency-inv_latency_x_runtime_exc-k8s-v2-formal-r1-20260817184751,d11,dual,2,inventory;catalog,RCD_seed1,full,inventory,inventory;sasrec,1.0,1.0,1.0,0.5,0.0,0.0,0.0,1.0,0.6131471927654584,0.6131471927654584,0.5,0.5,0.5,0.5
mr2_cross_dependency-inv_latency_x_runtime_exc-k8s-v2-formal-r1-20260817184751,d11,dual,2,inventory;catalog,RCD_seed2,full,sasrec,sasrec;cart;inventory,0.0,1.0,1.0,0.0,0.0,0.0,0.0,0.0,0.3065735963827292,0.3065735963827292,0.0,0.5,0.5,0.16666666666666666
mr2_cross_dependency-inv_latency_x_runtime_exc-k8s-v2-formal-r1-20260817184751,d11,dual,2,inventory;catalog,RCD_seed3,full,cart,cart;checkout;catalog,0.0,1.0,1.0,0.0,0.0,0.0,0.0,0.0,0.3065735963827292,0.3065735963827292,0.0,0.5,0.5,0.16666666666666666
mr2_cross_dependency-inv_latency_x_runtime_exc-k8s-v2-formal-r1-20260817184751,d11,dual,2,inventory;catalog,RCD_seed4,full,user,user;sasrec;checkout;catalog,0.0,0.0,1.0,0.0,0.0,0.0,0.0,0.0,0.0,0.2640681225725909,0.0,0.0,0.5,0.125
mr2_cross_dependency-inv_latency_x_runtime_exc-k8s-v2-formal-r1-20260817184751,d11,dual,2,inventory;catalog,delta_ratio,full,catalog,catalog;pricing;inventory;checkout;review-query,1.0,1.0,1.0,0.5,0.0,1.0,1.0,1.0,0.9197207891481876,0.9197207891481876,0.5,1.0,1.0,0.6666666666666666
mr2_cross_dependency-inv_latency_x_runtime_exc-k8s-v2-formal-r1-20260817184751,d11,dual,2,inventory;catalog,delta_z,full,catalog,catalog;inventory;pricing;checkout;sasrec,1.0,1.0,1.0,1.0,0.0,1.0,1.0,1.0,1.0,1.0,0.5,1.0,1.0,0.75
mr2_cross_dependency-inv_latency_x_runtime_exc-k8s-v2-formal-r1-20260817184751,d11,dual,2,inventory;catalog,BARO,resource,inventory,inventory;catalog;search;review-query;sasrec,1.0,1.0,1.0,1.0,0.0,1.0,1.0,1.0,1.0,1.0,0.5,1.0,1.0,0.75
mr2_cross_dependency-inv_latency_x_runtime_exc-k8s-v2-formal-r1-20260817184751,d11,dual,2,inventory;catalog,RCD_seed0,resource,sasrec,sasrec;checkout;inventory,0.0,1.0,1.0,0.0,0.0,0.0,0.0,0.0,0.3065735963827292,0.3065735963827292,0.0,0.5,0.5,0.16666666666666666
mr2_cross_dependency-inv_latency_x_runtime_exc-k8s-v2-formal-r1-20260817184751,d11,dual,2,inventory;catalog,RCD_seed1,resource,catalog,catalog;backend,1.0,1.0,1.0,0.5,0.0,0.0,0.0,1.0,0.6131471927654584,0.6131471927654584,0.5,0.5,0.5,0.5
mr2_cross_dependency-inv_latency_x_runtime_exc-k8s-v2-formal-r1-20260817184751,d11,dual,2,inventory;catalog,RCD_seed2,resource,checkout,checkout;catalog,0.0,1.0,1.0,0.5,0.0,0.0,0.0,0.0,0.38685280723454163,0.38685280723454163,0.0,0.5,0.5,0.25
mr2_cross_dependency-inv_latency_x_runtime_exc-k8s-v2-formal-r1-20260817184751,d11,dual,2,inventory;catalog,RCD_seed3,resource,checkout,checkout;backend;catalog,0.0,1.0,1.0,0.0,0.0,0.0,0.0,0.0,0.3065735963827292,0.3065735963827292,0.0,0.5,0.5,0.16666666666666666
mr2_cross_dependency-inv_latency_x_runtime_exc-k8s-v2-formal-r1-20260817184751,d11,dual,2,inventory;catalog,RCD_seed4,resource,backend,backend;catalog;inventory,0.0,1.0,1.0,0.5,0.0,1.0,1.0,0.0,0.6934264036172708,0.6934264036172708,0.0,1.0,1.0,0.41666666666666663
mr2_cross_dependency-inv_latency_x_runtime_exc-k8s-v2-formal-r1-20260817184751,d11,dual,2,inventory;catalog,delta_ratio,resource,inventory,inventory;catalog;checkout;catalog-gw;pricing,1.0,1.0,1.0,1.0,0.0,1.0,1.0,1.0,1.0,1.0,0.5,1.0,1.0,0.75
mr2_cross_dependency-inv_latency_x_runtime_exc-k8s-v2-formal-r1-20260817184751,d11,dual,2,inventory;catalog,delta_z,resource,catalog,catalog;inventory;checkout;sasrec;host,1.0,1.0,1.0,1.0,0.0,1.0,1.0,1.0,1.0,1.0,0.5,1.0,1.0,0.75
mr2_intra_res-recagent_cpu_x_backend_cpu-k8s-v2-formal-r1-20260817190142,d20,dual,2,rec-agent;backend,BARO,full,rec-agent,rec-agent;sasrec;backend;host;checkout,1.0,1.0,1.0,0.5,0.0,1.0,1.0,1.0,0.9197207891481876,0.9197207891481876,0.5,1.0,1.0,0.6666666666666666
mr2_intra_res-recagent_cpu_x_backend_cpu-k8s-v2-formal-r1-20260817190142,d20,dual,2,rec-agent;backend,RCD_seed0,full,order,order,0.0,0.0,0.0,0.0,0.0,0.0,0.0,0.0,0.0,0.0,0.0,0.0,0.0,0.0
mr2_intra_res-recagent_cpu_x_backend_cpu-k8s-v2-formal-r1-20260817190142,d20,dual,2,rec-agent;backend,RCD_seed1,full,order,order,0.0,0.0,0.0,0.0,0.0,0.0,0.0,0.0,0.0,0.0,0.0,0.0,0.0,0.0
mr2_intra_res-recagent_cpu_x_backend_cpu-k8s-v2-formal-r1-20260817190142,d20,dual,2,rec-agent;backend,RCD_seed2,full,order,order,0.0,0.0,0.0,0.0,0.0,0.0,0.0,0.0,0.0,0.0,0.0,0.0,0.0,0.0
mr2_intra_res-recagent_cpu_x_backend_cpu-k8s-v2-formal-r1-20260817190142,d20,dual,2,rec-agent;backend,RCD_seed3,full,order,order,0.0,0.0,0.0,0.0,0.0,0.0,0.0,0.0,0.0,0.0,0.0,0.0,0.0,0.0
mr2_intra_res-recagent_cpu_x_backend_cpu-k8s-v2-formal-r1-20260817190142,d20,dual,2,rec-agent;backend,RCD_seed4,full,order,order,0.0,0.0,0.0,0.0,0.0,0.0,0.0,0.0,0.0,0.0,0.0,0.0,0.0,0.0
mr2_intra_res-recagent_cpu_x_backend_cpu-k8s-v2-formal-r1-20260817190142,d20,dual,2,rec-agent;backend,delta_ratio,full,backend,backend;rec-agent;host;catalog;review-query,1.0,1.0,1.0,1.0,0.0,1.0,1.0,1.0,1.0,1.0,0.5,1.0,1.0,0.75
mr2_intra_res-recagent_cpu_x_backend_cpu-k8s-v2-formal-r1-20260817190142,d20,dual,2,rec-agent;backend,delta_z,full,backend,backend;rec-agent;host;catalog;review-query,1.0,1.0,1.0,1.0,0.0,1.0,1.0,1.0,1.0,1.0,0.5,1.0,1.0,0.75
mr2_intra_res-recagent_cpu_x_backend_cpu-k8s-v2-formal-r1-20260817190142,d20,dual,2,rec-agent;backend,BARO,resource,backend,backend;host;rec-agent;search;sasrec,1.0,1.0,1.0,0.5,0.0,1.0,1.0,1.0,0.9197207891481876,0.9197207891481876,0.5,1.0,1.0,0.6666666666666666
mr2_intra_res-recagent_cpu_x_backend_cpu-k8s-v2-formal-r1-20260817190142,d20,dual,2,rec-agent;backend,RCD_seed0,resource,order,order,0.0,0.0,0.0,0.0,0.0,0.0,0.0,0.0,0.0,0.0,0.0,0.0,0.0,0.0
mr2_intra_res-recagent_cpu_x_backend_cpu-k8s-v2-formal-r1-20260817190142,d20,dual,2,rec-agent;backend,RCD_seed1,resource,order,order,0.0,0.0,0.0,0.0,0.0,0.0,0.0,0.0,0.0,0.0,0.0,0.0,0.0,0.0
mr2_intra_res-recagent_cpu_x_backend_cpu-k8s-v2-formal-r1-20260817190142,d20,dual,2,rec-agent;backend,RCD_seed2,resource,order,order,0.0,0.0,0.0,0.0,0.0,0.0,0.0,0.0,0.0,0.0,0.0,0.0,0.0,0.0
mr2_intra_res-recagent_cpu_x_backend_cpu-k8s-v2-formal-r1-20260817190142,d20,dual,2,rec-agent;backend,RCD_seed3,resource,order,order,0.0,0.0,0.0,0.0,0.0,0.0,0.0,0.0,0.0,0.0,0.0,0.0,0.0,0.0
mr2_intra_res-recagent_cpu_x_backend_cpu-k8s-v2-formal-r1-20260817190142,d20,dual,2,rec-agent;backend,RCD_seed4,resource,order,order,0.0,0.0,0.0,0.0,0.0,0.0,0.0,0.0,0.0,0.0,0.0,0.0,0.0,0.0
mr2_intra_res-recagent_cpu_x_backend_cpu-k8s-v2-formal-r1-20260817190142,d20,dual,2,rec-agent;backend,delta_ratio,resource,backend,backend;rec-agent;host;catalog;catalog-gw,1.0,1.0,1.0,1.0,0.0,1.0,1.0,1.0,1.0,1.0,0.5,1.0,1.0,0.75
mr2_intra_res-recagent_cpu_x_backend_cpu-k8s-v2-formal-r1-20260817190142,d20,dual,2,rec-agent;backend,delta_z,resource,backend,backend;rec-agent;host;catalog;order,1.0,1.0,1.0,1.0,0.0,1.0,1.0,1.0,1.0,1.0,0.5,1.0,1.0,0.75
mr2_cross_net-net_delay_x_cfg_connect-k8s-v2-formal-r1-20260817190439,d05,single,1,catalog-gw,BARO,full,checkout,checkout;pricing;cart;search;backend,0.0,0.0,0.0,0.0,0.0,0.0,0.0,0.0,0.0,0.0,0.0,0.0,0.0,0.07142857142857142
mr2_cross_net-net_delay_x_cfg_connect-k8s-v2-formal-r1-20260817190439,d05,single,1,catalog-gw,RCD_seed0,full,backend,backend;inventory,0.0,0.0,0.0,0.0,0.0,0.0,0.0,0.0,0.0,0.0,0.0,0.0,0.0,0.0
mr2_cross_net-net_delay_x_cfg_connect-k8s-v2-formal-r1-20260817190439,d05,single,1,catalog-gw,RCD_seed1,full,cart,cart;order,0.0,0.0,0.0,0.0,0.0,0.0,0.0,0.0,0.0,0.0,0.0,0.0,0.0,0.0
mr2_cross_net-net_delay_x_cfg_connect-k8s-v2-formal-r1-20260817190439,d05,single,1,catalog-gw,RCD_seed2,full,catalog-gw,catalog-gw;pricing,1.0,1.0,1.0,1.0,1.0,1.0,1.0,1.0,1.0,1.0,1.0,1.0,1.0,1.0
mr2_cross_net-net_delay_x_cfg_connect-k8s-v2-formal-r1-20260817190439,d05,single,1,catalog-gw,RCD_seed3,full,pricing,pricing;cart,0.0,0.0,0.0,0.0,0.0,0.0,0.0,0.0,0.0,0.0,0.0,0.0,0.0,0.0
mr2_cross_net-net_delay_x_cfg_connect-k8s-v2-formal-r1-20260817190439,d05,single,1,catalog-gw,RCD_seed4,full,sasrec,sasrec;catalog;user,0.0,0.0,0.0,0.0,0.0,0.0,0.0,0.0,0.0,0.0,0.0,0.0,0.0,0.0
mr2_cross_net-net_delay_x_cfg_connect-k8s-v2-formal-r1-20260817190439,d05,single,1,catalog-gw,delta_ratio,full,search,search;checkout;pricing;inventory;catalog,0.0,0.0,0.0,0.0,0.0,0.0,0.0,0.0,0.0,0.0,0.0,0.0,0.0,0.14285714285714285
mr2_cross_net-net_delay_x_cfg_connect-k8s-v2-formal-r1-20260817190439,d05,single,1,catalog-gw,delta_z,full,pricing,pricing;mysql;sasrec;order;search,0.0,0.0,0.0,0.0,0.0,0.0,0.0,0.0,0.0,0.0,0.0,0.0,0.0,0.08333333333333333
mr2_cross_net-net_delay_x_cfg_connect-k8s-v2-formal-r1-20260817190439,d05,single,1,catalog-gw,BARO,resource,pricing,pricing;checkout;search;backend;cart,0.0,0.0,0.0,0.0,0.0,0.0,0.0,0.0,0.0,0.0,0.0,0.0,0.0,0.1
mr2_cross_net-net_delay_x_cfg_connect-k8s-v2-formal-r1-20260817190439,d05,single,1,catalog-gw,RCD_seed0,resource,order,order,0.0,0.0,0.0,0.0,0.0,0.0,0.0,0.0,0.0,0.0,0.0,0.0,0.0,0.0
mr2_cross_net-net_delay_x_cfg_connect-k8s-v2-formal-r1-20260817190439,d05,single,1,catalog-gw,RCD_seed1,resource,catalog,catalog,0.0,0.0,0.0,0.0,0.0,0.0,0.0,0.0,0.0,0.0,0.0,0.0,0.0,0.0
mr2_cross_net-net_delay_x_cfg_connect-k8s-v2-formal-r1-20260817190439,d05,single,1,catalog-gw,RCD_seed2,resource,catalog-gw,catalog-gw;order;catalog,1.0,1.0,1.0,1.0,1.0,1.0,1.0,1.0,1.0,1.0,1.0,1.0,1.0,1.0
mr2_cross_net-net_delay_x_cfg_connect-k8s-v2-formal-r1-20260817190439,d05,single,1,catalog-gw,RCD_seed3,resource,order,order;catalog,0.0,0.0,0.0,0.0,0.0,0.0,0.0,0.0,0.0,0.0,0.0,0.0,0.0,0.0
mr2_cross_net-net_delay_x_cfg_connect-k8s-v2-formal-r1-20260817190439,d05,single,1,catalog-gw,RCD_seed4,resource,order,order;pricing,0.0,0.0,0.0,0.0,0.0,0.0,0.0,0.0,0.0,0.0,0.0,0.0,0.0,0.0
mr2_cross_net-net_delay_x_cfg_connect-k8s-v2-formal-r1-20260817190439,d05,single,1,catalog-gw,delta_ratio,resource,mysql,mysql;catalog-gw;catalog;host;checkout,0.0,1.0,1.0,0.0,0.0,1.0,1.0,0.0,0.6309297535714575,0.6309297535714575,0.0,1.0,1.0,0.5
mr2_cross_net-net_delay_x_cfg_connect-k8s-v2-formal-r1-20260817190439,d05,single,1,catalog-gw,delta_z,resource,pricing,pricing;mysql;sasrec;order;search,0.0,0.0,0.0,0.0,0.0,0.0,0.0,0.0,0.0,0.0,0.0,0.0,0.0,0.08333333333333333
mr1_single_runtime-runtime_exception_single-k8s-v2-formal-r1-20260817190852,s07,single,1,catalog,BARO,full,catalog,catalog;order;cart;backend;pricing,1.0,1.0,1.0,1.0,1.0,1.0,1.0,1.0,1.0,1.0,1.0,1.0,1.0,1.0
mr1_single_runtime-runtime_exception_single-k8s-v2-formal-r1-20260817190852,s07,single,1,catalog,RCD_seed0,full,pricing,pricing;catalog,0.0,1.0,1.0,0.0,0.0,1.0,1.0,0.0,0.6309297535714575,0.6309297535714575,0.0,1.0,1.0,0.5
mr1_single_runtime-runtime_exception_single-k8s-v2-formal-r1-20260817190852,s07,single,1,catalog,RCD_seed1,full,catalog-gw,catalog-gw,0.0,0.0,0.0,0.0,0.0,0.0,0.0,0.0,0.0,0.0,0.0,0.0,0.0,0.0
mr1_single_runtime-runtime_exception_single-k8s-v2-formal-r1-20260817190852,s07,single,1,catalog,RCD_seed2,full,catalog,catalog,1.0,1.0,1.0,1.0,1.0,1.0,1.0,1.0,1.0,1.0,1.0,1.0,1.0,1.0
mr1_single_runtime-runtime_exception_single-k8s-v2-formal-r1-20260817190852,s07,single,1,catalog,RCD_seed3,full,pricing,pricing;catalog-gw;catalog,0.0,1.0,1.0,0.0,0.0,1.0,1.0,0.0,0.5,0.5,0.0,1.0,1.0,0.3333333333333333
mr1_single_runtime-runtime_exception_single-k8s-v2-formal-r1-20260817190852,s07,single,1,catalog,RCD_seed4,full,catalog,catalog;pricing;catalog-gw,1.0,1.0,1.0,1.0,1.0,1.0,1.0,1.0,1.0,1.0,1.0,1.0,1.0,1.0
mr1_single_runtime-runtime_exception_single-k8s-v2-formal-r1-20260817190852,s07,single,1,catalog,delta_ratio,full,pricing,pricing;catalog;catalog-gw;cart;backend,0.0,1.0,1.0,0.0,0.0,1.0,1.0,0.0,0.6309297535714575,0.6309297535714575,0.0,1.0,1.0,0.5
mr1_single_runtime-runtime_exception_single-k8s-v2-formal-r1-20260817190852,s07,single,1,catalog,delta_z,full,catalog,catalog;pricing;host;cart;backend,1.0,1.0,1.0,1.0,1.0,1.0,1.0,1.0,1.0,1.0,1.0,1.0,1.0,1.0
mr1_single_runtime-runtime_exception_single-k8s-v2-formal-r1-20260817190852,s07,single,1,catalog,BARO,resource,catalog,catalog;pricing;catalog-gw;host,1.0,1.0,1.0,1.0,1.0,1.0,1.0,1.0,1.0,1.0,1.0,1.0,1.0,1.0
mr1_single_runtime-runtime_exception_single-k8s-v2-formal-r1-20260817190852,s07,single,1,catalog,RCD_seed0,resource,catalog,catalog;catalog-gw,1.0,1.0,1.0,1.0,1.0,1.0,1.0,1.0,1.0,1.0,1.0,1.0,1.0,1.0
mr1_single_runtime-runtime_exception_single-k8s-v2-formal-r1-20260817190852,s07,single,1,catalog,RCD_seed1,resource,catalog,catalog;catalog-gw,1.0,1.0,1.0,1.0,1.0,1.0,1.0,1.0,1.0,1.0,1.0,1.0,1.0,1.0
mr1_single_runtime-runtime_exception_single-k8s-v2-formal-r1-20260817190852,s07,single,1,catalog,RCD_seed2,resource,catalog,catalog,1.0,1.0,1.0,1.0,1.0,1.0,1.0,1.0,1.0,1.0,1.0,1.0,1.0,1.0
mr1_single_runtime-runtime_exception_single-k8s-v2-formal-r1-20260817190852,s07,single,1,catalog,RCD_seed3,resource,catalog-gw,catalog-gw;catalog,0.0,1.0,1.0,0.0,0.0,1.0,1.0,0.0,0.6309297535714575,0.6309297535714575,0.0,1.0,1.0,0.5
mr1_single_runtime-runtime_exception_single-k8s-v2-formal-r1-20260817190852,s07,single,1,catalog,RCD_seed4,resource,catalog-gw,catalog-gw;catalog,0.0,1.0,1.0,0.0,0.0,1.0,1.0,0.0,0.6309297535714575,0.6309297535714575,0.0,1.0,1.0,0.5
mr1_single_runtime-runtime_exception_single-k8s-v2-formal-r1-20260817190852,s07,single,1,catalog,delta_ratio,resource,catalog-gw,catalog-gw;catalog;host;pricing;mysql,0.0,1.0,1.0,0.0,0.0,1.0,1.0,0.0,0.6309297535714575,0.6309297535714575,0.0,1.0,1.0,0.5
mr1_single_runtime-runtime_exception_single-k8s-v2-formal-r1-20260817190852,s07,single,1,catalog,delta_z,resource,catalog,catalog;pricing;host;catalog-gw;mysql,1.0,1.0,1.0,1.0,1.0,1.0,1.0,1.0,1.0,1.0,1.0,1.0,1.0,1.0
mr1_single_res-service_cpu_single-k8s-v2-formal-r1-20260817191136,s11,single,1,review-query,BARO,full,review-query,review-query;catalog;order;sasrec;catalog-gw,1.0,1.0,1.0,1.0,1.0,1.0,1.0,1.0,1.0,1.0,1.0,1.0,1.0,1.0
mr1_single_res-service_cpu_single-k8s-v2-formal-r1-20260817191136,s11,single,1,review-query,RCD_seed0,full,cart,cart;inventory,0.0,0.0,0.0,0.0,0.0,0.0,0.0,0.0,0.0,0.0,0.0,0.0,0.0,0.0
mr1_single_res-service_cpu_single-k8s-v2-formal-r1-20260817191136,s11,single,1,review-query,RCD_seed1,full,sasrec,sasrec;cart,0.0,0.0,0.0,0.0,0.0,0.0,0.0,0.0,0.0,0.0,0.0,0.0,0.0,0.0
mr1_single_res-service_cpu_single-k8s-v2-formal-r1-20260817191136,s11,single,1,review-query,RCD_seed2,full,search,search;review-query,0.0,1.0,1.0,0.0,0.0,1.0,1.0,0.0,0.6309297535714575,0.6309297535714575,0.0,1.0,1.0,0.5
mr1_single_res-service_cpu_single-k8s-v2-formal-r1-20260817191136,s11,single,1,review-query,RCD_seed3,full,checkout,checkout;cart,0.0,0.0,0.0,0.0,0.0,0.0,0.0,0.0,0.0,0.0,0.0,0.0,0.0,0.0
mr1_single_res-service_cpu_single-k8s-v2-formal-r1-20260817191136,s11,single,1,review-query,RCD_seed4,full,user,user;review-query,0.0,1.0,1.0,0.0,0.0,1.0,1.0,0.0,0.6309297535714575,0.6309297535714575,0.0,1.0,1.0,0.5
mr1_single_res-service_cpu_single-k8s-v2-formal-r1-20260817191136,s11,single,1,review-query,delta_ratio,full,review-query,review-query;mysql;host;backend;order,1.0,1.0,1.0,1.0,1.0,1.0,1.0,1.0,1.0,1.0,1.0,1.0,1.0,1.0
mr1_single_res-service_cpu_single-k8s-v2-formal-r1-20260817191136,s11,single,1,review-query,delta_z,full,review-query,review-query;backend;mysql;catalog-gw;order,1.0,1.0,1.0,1.0,1.0,1.0,1.0,1.0,1.0,1.0,1.0,1.0,1.0,1.0
mr1_single_res-service_cpu_single-k8s-v2-formal-r1-20260817191136,s11,single,1,review-query,BARO,resource,review-query,review-query;catalog;order;catalog-gw;backend,1.0,1.0,1.0,1.0,1.0,1.0,1.0,1.0,1.0,1.0,1.0,1.0,1.0,1.0
mr1_single_res-service_cpu_single-k8s-v2-formal-r1-20260817191136,s11,single,1,review-query,RCD_seed0,resource,search,search;user,0.0,0.0,0.0,0.0,0.0,0.0,0.0,0.0,0.0,0.0,0.0,0.0,0.0,0.0
mr1_single_res-service_cpu_single-k8s-v2-formal-r1-20260817191136,s11,single,1,review-query,RCD_seed1,resource,review-query,review-query;user,1.0,1.0,1.0,1.0,1.0,1.0,1.0,1.0,1.0,1.0,1.0,1.0,1.0,1.0
mr1_single_res-service_cpu_single-k8s-v2-formal-r1-20260817191136,s11,single,1,review-query,RCD_seed2,resource,order,order;checkout,0.0,0.0,0.0,0.0,0.0,0.0,0.0,0.0,0.0,0.0,0.0,0.0,0.0,0.0
mr1_single_res-service_cpu_single-k8s-v2-formal-r1-20260817191136,s11,single,1,review-query,RCD_seed3,resource,cart,cart;checkout,0.0,0.0,0.0,0.0,0.0,0.0,0.0,0.0,0.0,0.0,0.0,0.0,0.0,0.0
mr1_single_res-service_cpu_single-k8s-v2-formal-r1-20260817191136,s11,single,1,review-query,RCD_seed4,resource,catalog-gw,catalog-gw;review-query,0.0,1.0,1.0,0.0,0.0,1.0,1.0,0.0,0.6309297535714575,0.6309297535714575,0.0,1.0,1.0,0.5
mr1_single_res-service_cpu_single-k8s-v2-formal-r1-20260817191136,s11,single,1,review-query,delta_ratio,resource,review-query,review-query;mysql;host;backend;catalog-gw,1.0,1.0,1.0,1.0,1.0,1.0,1.0,1.0,1.0,1.0,1.0,1.0,1.0,1.0
mr1_single_res-service_cpu_single-k8s-v2-formal-r1-20260817191136,s11,single,1,review-query,delta_z,resource,review-query,review-query;backend;mysql;catalog-gw;order,1.0,1.0,1.0,1.0,1.0,1.0,1.0,1.0,1.0,1.0,1.0,1.0,1.0,1.0
mr2_intra_res-cart_cpu_x_order_cpu-k8s-v2-formal-r1-20260817192502,d18,dual,2,cart;order,BARO,full,order,order;checkout;cart;backend;host,1.0,1.0,1.0,0.5,0.0,1.0,1.0,1.0,0.9197207891481876,0.9197207891481876,0.5,1.0,1.0,0.6666666666666666
mr2_intra_res-cart_cpu_x_order_cpu-k8s-v2-formal-r1-20260817192502,d18,dual,2,cart;order,RCD_seed0,full,order,order;review-query,1.0,1.0,1.0,0.5,0.0,0.0,0.0,1.0,0.6131471927654584,0.6131471927654584,0.5,0.5,0.5,0.5
mr2_intra_res-cart_cpu_x_order_cpu-k8s-v2-formal-r1-20260817192502,d18,dual,2,cart;order,RCD_seed1,full,review-query,review-query;order,0.0,1.0,1.0,0.5,0.0,0.0,0.0,0.0,0.38685280723454163,0.38685280723454163,0.0,0.5,0.5,0.25
mr2_intra_res-cart_cpu_x_order_cpu-k8s-v2-formal-r1-20260817192502,d18,dual,2,cart;order,RCD_seed2,full,order,order;review-query,1.0,1.0,1.0,0.5,0.0,0.0,0.0,1.0,0.6131471927654584,0.6131471927654584,0.5,0.5,0.5,0.5
mr2_intra_res-cart_cpu_x_order_cpu-k8s-v2-formal-r1-20260817192502,d18,dual,2,cart;order,RCD_seed3,full,order,order;review-query,1.0,1.0,1.0,0.5,0.0,0.0,0.0,1.0,0.6131471927654584,0.6131471927654584,0.5,0.5,0.5,0.5
mr2_intra_res-cart_cpu_x_order_cpu-k8s-v2-formal-r1-20260817192502,d18,dual,2,cart;order,RCD_seed4,full,review-query,review-query,0.0,0.0,0.0,0.0,0.0,0.0,0.0,0.0,0.0,0.0,0.0,0.0,0.0,0.0
mr2_intra_res-cart_cpu_x_order_cpu-k8s-v2-formal-r1-20260817192502,d18,dual,2,cart;order,delta_ratio,full,order,order;cart;host;checkout;user,1.0,1.0,1.0,1.0,0.0,1.0,1.0,1.0,1.0,1.0,0.5,1.0,1.0,0.75
mr2_intra_res-cart_cpu_x_order_cpu-k8s-v2-formal-r1-20260817192502,d18,dual,2,cart;order,delta_z,full,order,order;cart;backend;host;mysql,1.0,1.0,1.0,1.0,0.0,1.0,1.0,1.0,1.0,1.0,0.5,1.0,1.0,0.75
mr2_intra_res-cart_cpu_x_order_cpu-k8s-v2-formal-r1-20260817192502,d18,dual,2,cart;order,BARO,resource,order,order;cart;host;review-query;backend,1.0,1.0,1.0,1.0,0.0,1.0,1.0,1.0,1.0,1.0,0.5,1.0,1.0,0.75
mr2_intra_res-cart_cpu_x_order_cpu-k8s-v2-formal-r1-20260817192502,d18,dual,2,cart;order,RCD_seed0,resource,order,order;review-query,1.0,1.0,1.0,0.5,0.0,0.0,0.0,1.0,0.6131471927654584,0.6131471927654584,0.5,0.5,0.5,0.5
mr2_intra_res-cart_cpu_x_order_cpu-k8s-v2-formal-r1-20260817192502,d18,dual,2,cart;order,RCD_seed1,resource,order,order,1.0,1.0,1.0,0.5,0.0,0.0,0.0,1.0,0.6131471927654584,0.6131471927654584,0.5,0.5,0.5,0.5
mr2_intra_res-cart_cpu_x_order_cpu-k8s-v2-formal-r1-20260817192502,d18,dual,2,cart;order,RCD_seed2,resource,order,order,1.0,1.0,1.0,0.5,0.0,0.0,0.0,1.0,0.6131471927654584,0.6131471927654584,0.5,0.5,0.5,0.5
mr2_intra_res-cart_cpu_x_order_cpu-k8s-v2-formal-r1-20260817192502,d18,dual,2,cart;order,RCD_seed3,resource,order,order,1.0,1.0,1.0,0.5,0.0,0.0,0.0,1.0,0.6131471927654584,0.6131471927654584,0.5,0.5,0.5,0.5
mr2_intra_res-cart_cpu_x_order_cpu-k8s-v2-formal-r1-20260817192502,d18,dual,2,cart;order,RCD_seed4,resource,order,order;review-query,1.0,1.0,1.0,0.5,0.0,0.0,0.0,1.0,0.6131471927654584,0.6131471927654584,0.5,0.5,0.5,0.5
mr2_intra_res-cart_cpu_x_order_cpu-k8s-v2-formal-r1-20260817192502,d18,dual,2,cart;order,delta_ratio,resource,order,order;cart;host;mysql;catalog,1.0,1.0,1.0,1.0,0.0,1.0,1.0,1.0,1.0,1.0,0.5,1.0,1.0,0.75
mr2_intra_res-cart_cpu_x_order_cpu-k8s-v2-formal-r1-20260817192502,d18,dual,2,cart;order,delta_z,resource,order,order;cart;host;mysql;catalog-gw,1.0,1.0,1.0,1.0,0.0,1.0,1.0,1.0,1.0,1.0,0.5,1.0,1.0,0.75
mr2_cross_dependency-catalog_latency_x_cfg_timeout-k8s-v2-formal-r1-20260817193105,d12,dual,2,catalog;catalog-gw,BARO,full,checkout,checkout;review-query;catalog;pricing;search,0.0,1.0,1.0,0.0,0.0,0.0,0.0,0.0,0.3065735963827292,0.3065735963827292,0.0,0.5,0.5,0.25
mr2_cross_dependency-catalog_latency_x_cfg_timeout-k8s-v2-formal-r1-20260817193105,d12,dual,2,catalog;catalog-gw,RCD_seed0,full,review-query,review-query;checkout;catalog,0.0,1.0,1.0,0.0,0.0,0.0,0.0,0.0,0.3065735963827292,0.3065735963827292,0.0,0.5,0.5,0.16666666666666666
mr2_cross_dependency-catalog_latency_x_cfg_timeout-k8s-v2-formal-r1-20260817193105,d12,dual,2,catalog;catalog-gw,RCD_seed1,full,catalog,catalog,1.0,1.0,1.0,0.5,0.0,0.0,0.0,1.0,0.6131471927654584,0.6131471927654584,0.5,0.5,0.5,0.5
mr2_cross_dependency-catalog_latency_x_cfg_timeout-k8s-v2-formal-r1-20260817193105,d12,dual,2,catalog;catalog-gw,RCD_seed2,full,review-query,review-query;checkout;search;inventory,0.0,0.0,0.0,0.0,0.0,0.0,0.0,0.0,0.0,0.0,0.0,0.0,0.0,0.0
mr2_cross_dependency-catalog_latency_x_cfg_timeout-k8s-v2-formal-r1-20260817193105,d12,dual,2,catalog;catalog-gw,RCD_seed3,full,inventory,inventory,0.0,0.0,0.0,0.0,0.0,0.0,0.0,0.0,0.0,0.0,0.0,0.0,0.0,0.0
mr2_cross_dependency-catalog_latency_x_cfg_timeout-k8s-v2-formal-r1-20260817193105,d12,dual,2,catalog;catalog-gw,RCD_seed4,full,pricing,pricing;inventory;catalog,0.0,1.0,1.0,0.0,0.0,0.0,0.0,0.0,0.3065735963827292,0.3065735963827292,0.0,0.5,0.5,0.16666666666666666
mr2_cross_dependency-catalog_latency_x_cfg_timeout-k8s-v2-formal-r1-20260817193105,d12,dual,2,catalog;catalog-gw,delta_ratio,full,pricing,pricing;search;catalog;review-query;checkout,0.0,1.0,1.0,0.0,0.0,0.0,0.0,0.0,0.3065735963827292,0.3065735963827292,0.0,0.5,0.5,0.20512820512820512
mr2_cross_dependency-catalog_latency_x_cfg_timeout-k8s-v2-formal-r1-20260817193105,d12,dual,2,catalog;catalog-gw,delta_z,full,catalog,catalog;pricing;search;review-query;checkout,1.0,1.0,1.0,0.5,0.0,0.0,0.0,1.0,0.6131471927654584,0.6131471927654584,0.5,0.5,0.5,0.5384615384615384
mr2_cross_dependency-catalog_latency_x_cfg_timeout-k8s-v2-formal-r1-20260817193105,d12,dual,2,catalog;catalog-gw,BARO,resource,catalog,catalog;search;catalog-gw;user;review-query,1.0,1.0,1.0,0.5,0.0,1.0,1.0,1.0,0.9197207891481876,0.9197207891481876,0.5,1.0,1.0,0.6666666666666666
mr2_cross_dependency-catalog_latency_x_cfg_timeout-k8s-v2-formal-r1-20260817193105,d12,dual,2,catalog;catalog-gw,RCD_seed0,resource,inventory,inventory;catalog;review-query,0.0,1.0,1.0,0.5,0.0,0.0,0.0,0.0,0.38685280723454163,0.38685280723454163,0.0,0.5,0.5,0.25
mr2_cross_dependency-catalog_latency_x_cfg_timeout-k8s-v2-formal-r1-20260817193105,d12,dual,2,catalog;catalog-gw,RCD_seed1,resource,catalog,catalog;backend,1.0,1.0,1.0,0.5,0.0,0.0,0.0,1.0,0.6131471927654584,0.6131471927654584,0.5,0.5,0.5,0.5
mr2_cross_dependency-catalog_latency_x_cfg_timeout-k8s-v2-formal-r1-20260817193105,d12,dual,2,catalog;catalog-gw,RCD_seed2,resource,checkout,checkout;backend,0.0,0.0,0.0,0.0,0.0,0.0,0.0,0.0,0.0,0.0,0.0,0.0,0.0,0.0
mr2_cross_dependency-catalog_latency_x_cfg_timeout-k8s-v2-formal-r1-20260817193105,d12,dual,2,catalog;catalog-gw,RCD_seed3,resource,checkout,checkout;catalog;review-query,0.0,1.0,1.0,0.5,0.0,0.0,0.0,0.0,0.38685280723454163,0.38685280723454163,0.0,0.5,0.5,0.25
mr2_cross_dependency-catalog_latency_x_cfg_timeout-k8s-v2-formal-r1-20260817193105,d12,dual,2,catalog;catalog-gw,RCD_seed4,resource,catalog,catalog;checkout;inventory,1.0,1.0,1.0,0.5,0.0,0.0,0.0,1.0,0.6131471927654584,0.6131471927654584,0.5,0.5,0.5,0.5
mr2_cross_dependency-catalog_latency_x_cfg_timeout-k8s-v2-formal-r1-20260817193105,d12,dual,2,catalog;catalog-gw,delta_ratio,resource,catalog,catalog;search;checkout;host;review-query,1.0,1.0,1.0,0.5,0.0,0.0,0.0,1.0,0.6131471927654584,0.6131471927654584,0.5,0.5,0.5,0.5555555555555556
mr2_cross_dependency-catalog_latency_x_cfg_timeout-k8s-v2-formal-r1-20260817193105,d12,dual,2,catalog;catalog-gw,delta_z,resource,catalog,catalog;review-query;sasrec;user;search,1.0,1.0,1.0,0.5,0.0,0.0,0.0,1.0,0.6131471927654584,0.6131471927654584,0.5,0.5,0.5,0.55
mr3_cross_lif-order_podfail_x_reviewquery_cpu_x_catalog_cpu-k8s-v2-formal-r1-20260817194431,t08,triple,3,order;review-query;catalog,BARO,full,order,order;review-query;catalog;host;checkout,1.0,1.0,1.0,1.0,0.0,1.0,1.0,1.0,1.0,1.0,0.3333333333333333,1.0,1.0,0.611111111111111
mr3_cross_lif-order_podfail_x_reviewquery_cpu_x_catalog_cpu-k8s-v2-formal-r1-20260817194431,t08,triple,3,order;review-query;catalog,RCD_seed0,full,review-query,review-query,1.0,1.0,1.0,0.3333333333333333,0.0,0.0,0.0,1.0,0.46927872602275644,0.46927872602275644,0.3333333333333333,0.3333333333333333,0.3333333333333333,0.3333333333333333
mr3_cross_lif-order_podfail_x_reviewquery_cpu_x_catalog_cpu-k8s-v2-formal-r1-20260817194431,t08,triple,3,order;review-query;catalog,RCD_seed1,full,review-query,review-query,1.0,1.0,1.0,0.3333333333333333,0.0,0.0,0.0,1.0,0.46927872602275644,0.46927872602275644,0.3333333333333333,0.3333333333333333,0.3333333333333333,0.3333333333333333
mr3_cross_lif-order_podfail_x_reviewquery_cpu_x_catalog_cpu-k8s-v2-formal-r1-20260817194431,t08,triple,3,order;review-query;catalog,RCD_seed2,full,review-query,review-query,1.0,1.0,1.0,0.3333333333333333,0.0,0.0,0.0,1.0,0.46927872602275644,0.46927872602275644,0.3333333333333333,0.3333333333333333,0.3333333333333333,0.3333333333333333
mr3_cross_lif-order_podfail_x_reviewquery_cpu_x_catalog_cpu-k8s-v2-formal-r1-20260817194431,t08,triple,3,order;review-query;catalog,RCD_seed3,full,review-query,review-query,1.0,1.0,1.0,0.3333333333333333,0.0,0.0,0.0,1.0,0.46927872602275644,0.46927872602275644,0.3333333333333333,0.3333333333333333,0.3333333333333333,0.3333333333333333
mr3_cross_lif-order_podfail_x_reviewquery_cpu_x_catalog_cpu-k8s-v2-formal-r1-20260817194431,t08,triple,3,order;review-query;catalog,RCD_seed4,full,review-query,review-query,1.0,1.0,1.0,0.3333333333333333,0.0,0.0,0.0,1.0,0.46927872602275644,0.46927872602275644,0.3333333333333333,0.3333333333333333,0.3333333333333333,0.3333333333333333
mr3_cross_lif-order_podfail_x_reviewquery_cpu_x_catalog_cpu-k8s-v2-formal-r1-20260817194431,t08,triple,3,order;review-query;catalog,delta_ratio,full,review-query,review-query;catalog;pricing;host;checkout,1.0,1.0,1.0,0.6666666666666666,0.0,0.0,0.0,1.0,0.7653606369886217,0.7653606369886217,0.3333333333333333,0.6666666666666666,0.6666666666666666,0.5476190476190476
mr3_cross_lif-order_podfail_x_reviewquery_cpu_x_catalog_cpu-k8s-v2-formal-r1-20260817194431,t08,triple,3,order;review-query;catalog,delta_z,full,order,order;review-query;catalog;pricing;host,1.0,1.0,1.0,1.0,0.0,1.0,1.0,1.0,1.0,1.0,0.3333333333333333,1.0,1.0,0.611111111111111
mr3_cross_lif-order_podfail_x_reviewquery_cpu_x_catalog_cpu-k8s-v2-formal-r1-20260817194431,t08,triple,3,order;review-query;catalog,BARO,resource,order,order;review-query;catalog;host;catalog-gw,1.0,1.0,1.0,1.0,0.0,1.0,1.0,1.0,1.0,1.0,0.3333333333333333,1.0,1.0,0.611111111111111
mr3_cross_lif-order_podfail_x_reviewquery_cpu_x_catalog_cpu-k8s-v2-formal-r1-20260817194431,t08,triple,3,order;review-query;catalog,RCD_seed0,resource,review-query,review-query;pricing;catalog;checkout;backend,1.0,1.0,1.0,0.6666666666666666,0.0,0.0,0.0,1.0,0.7039180890341347,0.7039180890341347,0.3333333333333333,0.6666666666666666,0.6666666666666666,0.4444444444444444
mr3_cross_lif-order_podfail_x_reviewquery_cpu_x_catalog_cpu-k8s-v2-formal-r1-20260817194431,t08,triple,3,order;review-query;catalog,RCD_seed1,resource,review-query,review-query;pricing;user;catalog;backend,1.0,1.0,1.0,0.3333333333333333,0.0,0.0,0.0,1.0,0.46927872602275644,0.6713860725233041,0.3333333333333333,0.3333333333333333,0.6666666666666666,0.4166666666666667
mr3_cross_lif-order_podfail_x_reviewquery_cpu_x_catalog_cpu-k8s-v2-formal-r1-20260817194431,t08,triple,3,order;review-query;catalog,RCD_seed2,resource,pricing,pricing;review-query;catalog,0.0,1.0,1.0,0.6666666666666666,0.0,0.0,0.0,0.0,0.5307212739772434,0.5307212739772434,0.0,0.6666666666666666,0.6666666666666666,0.27777777777777773
mr3_cross_lif-order_podfail_x_reviewquery_cpu_x_catalog_cpu-k8s-v2-formal-r1-20260817194431,t08,triple,3,order;review-query;catalog,RCD_seed3,resource,pricing,pricing;review-query;catalog;sasrec;backend,0.0,1.0,1.0,0.6666666666666666,0.0,0.0,0.0,0.0,0.5307212739772434,0.5307212739772434,0.0,0.6666666666666666,0.6666666666666666,0.27777777777777773
mr3_cross_lif-order_podfail_x_reviewquery_cpu_x_catalog_cpu-k8s-v2-formal-r1-20260817194431,t08,triple,3,order;review-query;catalog,RCD_seed4,resource,pricing,pricing;review-query;catalog;search;backend,0.0,1.0,1.0,0.6666666666666666,0.0,0.0,0.0,0.0,0.5307212739772434,0.5307212739772434,0.0,0.6666666666666666,0.6666666666666666,0.27777777777777773
mr3_cross_lif-order_podfail_x_reviewquery_cpu_x_catalog_cpu-k8s-v2-formal-r1-20260817194431,t08,triple,3,order;review-query;catalog,delta_ratio,resource,review-query,review-query;catalog;host;mysql;order,1.0,1.0,1.0,0.6666666666666666,0.0,0.0,1.0,1.0,0.7653606369886217,0.9469024295259745,0.3333333333333333,0.6666666666666666,1.0,0.5666666666666667
mr3_cross_lif-order_podfail_x_reviewquery_cpu_x_catalog_cpu-k8s-v2-formal-r1-20260817194431,t08,triple,3,order;review-query;catalog,delta_z,resource,order,order;review-query;catalog;host;mysql,1.0,1.0,1.0,1.0,0.0,1.0,1.0,1.0,1.0,1.0,0.3333333333333333,1.0,1.0,0.611111111111111
mr3_cross_res-backend_cpu_x_sasrec_cpu_x_gw_netdelay-k8s-v2-formal-r1-20260817195801,t06,triple,3,backend;sasrec;catalog-gw,BARO,full,pricing,pricing;sasrec;checkout;host;backend,0.0,1.0,1.0,0.3333333333333333,0.0,0.0,0.0,0.0,0.2960819109658652,0.4776237035032179,0.0,0.3333333333333333,0.6666666666666666,0.2888888888888889
mr3_cross_res-backend_cpu_x_sasrec_cpu_x_gw_netdelay-k8s-v2-formal-r1-20260817195801,t06,triple,3,backend;sasrec;catalog-gw,RCD_seed0,full,order,order,0.0,0.0,0.0,0.0,0.0,0.0,0.0,0.0,0.0,0.0,0.0,0.0,0.0,0.0
mr3_cross_res-backend_cpu_x_sasrec_cpu_x_gw_netdelay-k8s-v2-formal-r1-20260817195801,t06,triple,3,backend;sasrec;catalog-gw,RCD_seed1,full,sasrec,sasrec,1.0,1.0,1.0,0.3333333333333333,0.0,0.0,0.0,1.0,0.46927872602275644,0.46927872602275644,0.3333333333333333,0.3333333333333333,0.3333333333333333,0.3333333333333333
mr3_cross_res-backend_cpu_x_sasrec_cpu_x_gw_netdelay-k8s-v2-formal-r1-20260817195801,t06,triple,3,backend;sasrec;catalog-gw,RCD_seed2,full,checkout,checkout;order,0.0,0.0,0.0,0.0,0.0,0.0,0.0,0.0,0.0,0.0,0.0,0.0,0.0,0.0
mr3_cross_res-backend_cpu_x_sasrec_cpu_x_gw_netdelay-k8s-v2-formal-r1-20260817195801,t06,triple,3,backend;sasrec;catalog-gw,RCD_seed3,full,sasrec,sasrec;pricing,1.0,1.0,1.0,0.3333333333333333,0.0,0.0,0.0,1.0,0.46927872602275644,0.46927872602275644,0.3333333333333333,0.3333333333333333,0.3333333333333333,0.3333333333333333
mr3_cross_res-backend_cpu_x_sasrec_cpu_x_gw_netdelay-k8s-v2-formal-r1-20260817195801,t06,triple,3,backend;sasrec;catalog-gw,RCD_seed4,full,sasrec,sasrec;pricing;review-query,1.0,1.0,1.0,0.3333333333333333,0.0,0.0,0.0,1.0,0.46927872602275644,0.46927872602275644,0.3333333333333333,0.3333333333333333,0.3333333333333333,0.3333333333333333
mr3_cross_res-backend_cpu_x_sasrec_cpu_x_gw_netdelay-k8s-v2-formal-r1-20260817195801,t06,triple,3,backend;sasrec;catalog-gw,delta_ratio,full,backend,backend;sasrec;host;pricing;checkout,1.0,1.0,1.0,0.6666666666666666,0.0,0.0,0.0,1.0,0.7653606369886217,0.7653606369886217,0.3333333333333333,0.6666666666666666,0.6666666666666666,0.5370370370370371
mr3_cross_res-backend_cpu_x_sasrec_cpu_x_gw_netdelay-k8s-v2-formal-r1-20260817195801,t06,triple,3,backend;sasrec;catalog-gw,delta_z,full,backend,backend;sasrec;host;pricing;checkout,1.0,1.0,1.0,0.6666666666666666,0.0,0.0,0.0,1.0,0.7653606369886217,0.7653606369886217,0.3333333333333333,0.6666666666666666,0.6666666666666666,0.5416666666666666
mr3_cross_res-backend_cpu_x_sasrec_cpu_x_gw_netdelay-k8s-v2-formal-r1-20260817195801,t06,triple,3,backend;sasrec;catalog-gw,BARO,resource,sasrec,sasrec;host;backend;catalog-gw;catalog,1.0,1.0,1.0,0.6666666666666666,0.0,0.0,1.0,1.0,0.7039180890341347,0.9060254355346823,0.3333333333333333,0.6666666666666666,1.0,0.5277777777777778
mr3_cross_res-backend_cpu_x_sasrec_cpu_x_gw_netdelay-k8s-v2-formal-r1-20260817195801,t06,triple,3,backend;sasrec;catalog-gw,RCD_seed0,resource,sasrec,sasrec;pricing;inventory,1.0,1.0,1.0,0.3333333333333333,0.0,0.0,0.0,1.0,0.46927872602275644,0.46927872602275644,0.3333333333333333,0.3333333333333333,0.3333333333333333,0.3333333333333333
mr3_cross_res-backend_cpu_x_sasrec_cpu_x_gw_netdelay-k8s-v2-formal-r1-20260817195801,t06,triple,3,backend;sasrec;catalog-gw,RCD_seed1,resource,sasrec,sasrec;search;cart;checkout,1.0,1.0,1.0,0.3333333333333333,0.0,0.0,0.0,1.0,0.46927872602275644,0.46927872602275644,0.3333333333333333,0.3333333333333333,0.3333333333333333,0.3333333333333333
mr3_cross_res-backend_cpu_x_sasrec_cpu_x_gw_netdelay-k8s-v2-formal-r1-20260817195801,t06,triple,3,backend;sasrec;catalog-gw,RCD_seed2,resource,sasrec,sasrec;order,1.0,1.0,1.0,0.3333333333333333,0.0,0.0,0.0,1.0,0.46927872602275644,0.46927872602275644,0.3333333333333333,0.3333333333333333,0.3333333333333333,0.3333333333333333
mr3_cross_res-backend_cpu_x_sasrec_cpu_x_gw_netdelay-k8s-v2-formal-r1-20260817195801,t06,triple,3,backend;sasrec;catalog-gw,RCD_seed3,resource,order,order,0.0,0.0,0.0,0.0,0.0,0.0,0.0,0.0,0.0,0.0,0.0,0.0,0.0,0.0
mr3_cross_res-backend_cpu_x_sasrec_cpu_x_gw_netdelay-k8s-v2-formal-r1-20260817195801,t06,triple,3,backend;sasrec;catalog-gw,RCD_seed4,resource,sasrec,sasrec;pricing,1.0,1.0,1.0,0.3333333333333333,0.0,0.0,0.0,1.0,0.46927872602275644,0.46927872602275644,0.3333333333333333,0.3333333333333333,0.3333333333333333,0.3333333333333333
mr3_cross_res-backend_cpu_x_sasrec_cpu_x_gw_netdelay-k8s-v2-formal-r1-20260817195801,t06,triple,3,backend;sasrec;catalog-gw,delta_ratio,resource,backend,backend;sasrec;host;catalog;checkout,1.0,1.0,1.0,0.6666666666666666,0.0,0.0,0.0,1.0,0.7653606369886217,0.7653606369886217,0.3333333333333333,0.6666666666666666,0.6666666666666666,0.5333333333333333
mr3_cross_res-backend_cpu_x_sasrec_cpu_x_gw_netdelay-k8s-v2-formal-r1-20260817195801,t06,triple,3,backend;sasrec;catalog-gw,delta_z,resource,backend,backend;sasrec;host;inventory;catalog-gw,1.0,1.0,1.0,0.6666666666666666,0.0,0.0,1.0,1.0,0.7653606369886217,0.9469024295259745,0.3333333333333333,0.6666666666666666,1.0,0.5666666666666667
mr1_single_res-db_lock_single-k8s-v2-formal-r1-20260817200054,s06,single,1,mysql,BARO,full,order,order;review-query;pricing;catalog;cart,0.0,0.0,0.0,0.0,0.0,0.0,0.0,0.0,0.0,0.0,0.0,0.0,0.0,0.07692307692307693
mr1_single_res-db_lock_single-k8s-v2-formal-r1-20260817200054,s06,single,1,mysql,RCD_seed0,full,backend,backend;search,0.0,0.0,0.0,0.0,0.0,0.0,0.0,0.0,0.0,0.0,0.0,0.0,0.0,0.0
mr1_single_res-db_lock_single-k8s-v2-formal-r1-20260817200054,s06,single,1,mysql,RCD_seed1,full,inventory,inventory;sasrec,0.0,0.0,0.0,0.0,0.0,0.0,0.0,0.0,0.0,0.0,0.0,0.0,0.0,0.0
mr1_single_res-db_lock_single-k8s-v2-formal-r1-20260817200054,s06,single,1,mysql,RCD_seed2,full,inventory,inventory;review-query,0.0,0.0,0.0,0.0,0.0,0.0,0.0,0.0,0.0,0.0,0.0,0.0,0.0,0.0
mr1_single_res-db_lock_single-k8s-v2-formal-r1-20260817200054,s06,single,1,mysql,RCD_seed3,full,inventory,inventory;review-query;checkout,0.0,0.0,0.0,0.0,0.0,0.0,0.0,0.0,0.0,0.0,0.0,0.0,0.0,0.0
mr1_single_res-db_lock_single-k8s-v2-formal-r1-20260817200054,s06,single,1,mysql,RCD_seed4,full,inventory,inventory;cart,0.0,0.0,0.0,0.0,0.0,0.0,0.0,0.0,0.0,0.0,0.0,0.0,0.0,0.0
mr1_single_res-db_lock_single-k8s-v2-formal-r1-20260817200054,s06,single,1,mysql,delta_ratio,full,catalog,catalog;pricing;cart;checkout;order,0.0,0.0,0.0,0.0,0.0,0.0,0.0,0.0,0.0,0.0,0.0,0.0,0.0,0.06666666666666667
mr1_single_res-db_lock_single-k8s-v2-formal-r1-20260817200054,s06,single,1,mysql,delta_z,full,user,user;sasrec;backend;catalog;checkout,0.0,0.0,0.0,0.0,0.0,0.0,0.0,0.0,0.0,0.0,0.0,0.0,0.0,0.06666666666666667
mr1_single_res-db_lock_single-k8s-v2-formal-r1-20260817200054,s06,single,1,mysql,BARO,resource,checkout,checkout;user;review-query;cart;order,0.0,0.0,0.0,0.0,0.0,0.0,0.0,0.0,0.0,0.0,0.0,0.0,0.0,0.1
mr1_single_res-db_lock_single-k8s-v2-formal-r1-20260817200054,s06,single,1,mysql,RCD_seed0,resource,user,user;sasrec;backend,0.0,0.0,0.0,0.0,0.0,0.0,0.0,0.0,0.0,0.0,0.0,0.0,0.0,0.0
mr1_single_res-db_lock_single-k8s-v2-formal-r1-20260817200054,s06,single,1,mysql,RCD_seed1,resource,sasrec,sasrec;catalog-gw;user,0.0,0.0,0.0,0.0,0.0,0.0,0.0,0.0,0.0,0.0,0.0,0.0,0.0,0.0
mr1_single_res-db_lock_single-k8s-v2-formal-r1-20260817200054,s06,single,1,mysql,RCD_seed2,resource,user,user;cart,0.0,0.0,0.0,0.0,0.0,0.0,0.0,0.0,0.0,0.0,0.0,0.0,0.0,0.0
mr1_single_res-db_lock_single-k8s-v2-formal-r1-20260817200054,s06,single,1,mysql,RCD_seed3,resource,inventory,inventory;sasrec,0.0,0.0,0.0,0.0,0.0,0.0,0.0,0.0,0.0,0.0,0.0,0.0,0.0,0.0
mr1_single_res-db_lock_single-k8s-v2-formal-r1-20260817200054,s06,single,1,mysql,RCD_seed4,resource,inventory,inventory;user;order,0.0,0.0,0.0,0.0,0.0,0.0,0.0,0.0,0.0,0.0,0.0,0.0,0.0,0.0
mr1_single_res-db_lock_single-k8s-v2-formal-r1-20260817200054,s06,single,1,mysql,delta_ratio,resource,catalog-gw,catalog-gw;catalog;search;user;host,0.0,0.0,0.0,0.0,0.0,0.0,0.0,0.0,0.0,0.0,0.0,0.0,0.0,0.07142857142857142
mr1_single_res-db_lock_single-k8s-v2-formal-r1-20260817200054,s06,single,1,mysql,delta_z,resource,sasrec,sasrec;checkout;backend;order;cart,0.0,0.0,0.0,0.0,0.0,0.0,0.0,0.0,0.0,0.0,0.0,0.0,0.0,0.07142857142857142
mr1_single_res-service_cpu_single-k8s-v2-formal-r1-20260817200339,s13,single,1,checkout,BARO,full,backend,backend;checkout;sasrec;cart;user,0.0,1.0,1.0,0.0,0.0,1.0,1.0,0.0,0.6309297535714575,0.6309297535714575,0.0,1.0,1.0,0.5
mr1_single_res-service_cpu_single-k8s-v2-formal-r1-20260817200339,s13,single,1,checkout,RCD_seed0,full,cart,cart;pricing,0.0,0.0,0.0,0.0,0.0,0.0,0.0,0.0,0.0,0.0,0.0,0.0,0.0,0.0
mr1_single_res-service_cpu_single-k8s-v2-formal-r1-20260817200339,s13,single,1,checkout,RCD_seed1,full,catalog-gw,catalog-gw,0.0,0.0,0.0,0.0,0.0,0.0,0.0,0.0,0.0,0.0,0.0,0.0,0.0,0.0
mr1_single_res-service_cpu_single-k8s-v2-formal-r1-20260817200339,s13,single,1,checkout,RCD_seed2,full,checkout,checkout;cart,1.0,1.0,1.0,1.0,1.0,1.0,1.0,1.0,1.0,1.0,1.0,1.0,1.0,1.0
mr1_single_res-service_cpu_single-k8s-v2-formal-r1-20260817200339,s13,single,1,checkout,RCD_seed3,full,cart,cart,0.0,0.0,0.0,0.0,0.0,0.0,0.0,0.0,0.0,0.0,0.0,0.0,0.0,0.0
mr1_single_res-service_cpu_single-k8s-v2-formal-r1-20260817200339,s13,single,1,checkout,RCD_seed4,full,checkout,checkout;inventory,1.0,1.0,1.0,1.0,1.0,1.0,1.0,1.0,1.0,1.0,1.0,1.0,1.0,1.0
mr1_single_res-service_cpu_single-k8s-v2-formal-r1-20260817200339,s13,single,1,checkout,delta_ratio,full,checkout,checkout;host;catalog;catalog-gw;pricing,1.0,1.0,1.0,1.0,1.0,1.0,1.0,1.0,1.0,1.0,1.0,1.0,1.0,1.0
mr1_single_res-service_cpu_single-k8s-v2-formal-r1-20260817200339,s13,single,1,checkout,delta_z,full,checkout,checkout;review-query;catalog-gw;host;cart,1.0,1.0,1.0,1.0,1.0,1.0,1.0,1.0,1.0,1.0,1.0,1.0,1.0,1.0
mr1_single_res-service_cpu_single-k8s-v2-formal-r1-20260817200339,s13,single,1,checkout,BARO,resource,checkout,checkout;sasrec;catalog-gw;host;cart,1.0,1.0,1.0,1.0,1.0,1.0,1.0,1.0,1.0,1.0,1.0,1.0,1.0,1.0
mr1_single_res-service_cpu_single-k8s-v2-formal-r1-20260817200339,s13,single,1,checkout,RCD_seed0,resource,user,user;pricing;cart,0.0,0.0,0.0,0.0,0.0,0.0,0.0,0.0,0.0,0.0,0.0,0.0,0.0,0.0
mr1_single_res-service_cpu_single-k8s-v2-formal-r1-20260817200339,s13,single,1,checkout,RCD_seed1,resource,search,search;sasrec,0.0,0.0,0.0,0.0,0.0,0.0,0.0,0.0,0.0,0.0,0.0,0.0,0.0,0.0
mr1_single_res-service_cpu_single-k8s-v2-formal-r1-20260817200339,s13,single,1,checkout,RCD_seed2,resource,cart,cart;catalog-gw;pricing,0.0,0.0,0.0,0.0,0.0,0.0,0.0,0.0,0.0,0.0,0.0,0.0,0.0,0.0
mr1_single_res-service_cpu_single-k8s-v2-formal-r1-20260817200339,s13,single,1,checkout,RCD_seed3,resource,cart,cart;catalog-gw,0.0,0.0,0.0,0.0,0.0,0.0,0.0,0.0,0.0,0.0,0.0,0.0,0.0,0.0
mr1_single_res-service_cpu_single-k8s-v2-formal-r1-20260817200339,s13,single,1,checkout,RCD_seed4,resource,catalog-gw,catalog-gw;inventory;user,0.0,0.0,0.0,0.0,0.0,0.0,0.0,0.0,0.0,0.0,0.0,0.0,0.0,0.0
mr1_single_res-service_cpu_single-k8s-v2-formal-r1-20260817200339,s13,single,1,checkout,delta_ratio,resource,checkout,checkout;host;catalog-gw;catalog;user,1.0,1.0,1.0,1.0,1.0,1.0,1.0,1.0,1.0,1.0,1.0,1.0,1.0,1.0
mr1_single_res-service_cpu_single-k8s-v2-formal-r1-20260817200339,s13,single,1,checkout,delta_z,resource,checkout,checkout;catalog-gw;host;cart;backend,1.0,1.0,1.0,1.0,1.0,1.0,1.0,1.0,1.0,1.0,1.0,1.0,1.0,1.0
mr3_cross_net-recagent_netdelay_x_sasrec_cpu_x_catalog_podfail-k8s-v2-formal-r1-20260817201731,t07,triple,3,rec-agent;sasrec;catalog,BARO,full,rec-agent,rec-agent;sasrec;catalog;host;backend,1.0,1.0,1.0,1.0,0.0,1.0,1.0,1.0,1.0,1.0,0.3333333333333333,1.0,1.0,0.611111111111111
mr3_cross_net-recagent_netdelay_x_sasrec_cpu_x_catalog_podfail-k8s-v2-formal-r1-20260817201731,t07,triple,3,rec-agent;sasrec;catalog,RCD_seed0,full,rec-agent,rec-agent,1.0,1.0,1.0,0.3333333333333333,0.0,0.0,0.0,1.0,0.46927872602275644,0.46927872602275644,0.3333333333333333,0.3333333333333333,0.3333333333333333,0.3333333333333333
mr3_cross_net-recagent_netdelay_x_sasrec_cpu_x_catalog_podfail-k8s-v2-formal-r1-20260817201731,t07,triple,3,rec-agent;sasrec;catalog,RCD_seed1,full,rec-agent,rec-agent,1.0,1.0,1.0,0.3333333333333333,0.0,0.0,0.0,1.0,0.46927872602275644,0.46927872602275644,0.3333333333333333,0.3333333333333333,0.3333333333333333,0.3333333333333333
mr3_cross_net-recagent_netdelay_x_sasrec_cpu_x_catalog_podfail-k8s-v2-formal-r1-20260817201731,t07,triple,3,rec-agent;sasrec;catalog,RCD_seed2,full,rec-agent,rec-agent,1.0,1.0,1.0,0.3333333333333333,0.0,0.0,0.0,1.0,0.46927872602275644,0.46927872602275644,0.3333333333333333,0.3333333333333333,0.3333333333333333,0.3333333333333333
mr3_cross_net-recagent_netdelay_x_sasrec_cpu_x_catalog_podfail-k8s-v2-formal-r1-20260817201731,t07,triple,3,rec-agent;sasrec;catalog,RCD_seed3,full,rec-agent,rec-agent,1.0,1.0,1.0,0.3333333333333333,0.0,0.0,0.0,1.0,0.46927872602275644,0.46927872602275644,0.3333333333333333,0.3333333333333333,0.3333333333333333,0.3333333333333333
mr3_cross_net-recagent_netdelay_x_sasrec_cpu_x_catalog_podfail-k8s-v2-formal-r1-20260817201731,t07,triple,3,rec-agent;sasrec;catalog,RCD_seed4,full,rec-agent,rec-agent,1.0,1.0,1.0,0.3333333333333333,0.0,0.0,0.0,1.0,0.46927872602275644,0.46927872602275644,0.3333333333333333,0.3333333333333333,0.3333333333333333,0.3333333333333333
mr3_cross_net-recagent_netdelay_x_sasrec_cpu_x_catalog_podfail-k8s-v2-formal-r1-20260817201731,t07,triple,3,rec-agent;sasrec;catalog,delta_ratio,full,sasrec,sasrec;host;mysql;rec-agent;backend,1.0,1.0,1.0,0.3333333333333333,0.0,0.0,0.0,1.0,0.46927872602275644,0.6713860725233041,0.3333333333333333,0.3333333333333333,0.6666666666666666,0.4583333333333333
mr3_cross_net-recagent_netdelay_x_sasrec_cpu_x_catalog_podfail-k8s-v2-formal-r1-20260817201731,t07,triple,3,rec-agent;sasrec;catalog,delta_z,full,catalog,catalog;sasrec;host;mysql;rec-agent,1.0,1.0,1.0,0.6666666666666666,0.0,0.0,1.0,1.0,0.7653606369886217,0.9469024295259745,0.3333333333333333,0.6666666666666666,1.0,0.5666666666666667
mr3_cross_net-recagent_netdelay_x_sasrec_cpu_x_catalog_podfail-k8s-v2-formal-r1-20260817201731,t07,triple,3,rec-agent;sasrec;catalog,BARO,resource,sasrec,sasrec;catalog;host;catalog-gw;search,1.0,1.0,1.0,0.6666666666666666,0.0,0.0,0.0,1.0,0.7653606369886217,0.7653606369886217,0.3333333333333333,0.6666666666666666,0.6666666666666666,0.5277777777777778
mr3_cross_net-recagent_netdelay_x_sasrec_cpu_x_catalog_podfail-k8s-v2-formal-r1-20260817201731,t07,triple,3,rec-agent;sasrec;catalog,RCD_seed0,resource,host,host;inventory;pricing;mysql;cart,0.0,0.0,0.0,0.0,0.0,0.0,0.0,0.0,0.0,0.0,0.0,0.0,0.0,0.0
mr3_cross_net-recagent_netdelay_x_sasrec_cpu_x_catalog_podfail-k8s-v2-formal-r1-20260817201731,t07,triple,3,rec-agent;sasrec;catalog,RCD_seed1,resource,host,host;inventory;pricing;mysql;order,0.0,0.0,0.0,0.0,0.0,0.0,0.0,0.0,0.0,0.0,0.0,0.0,0.0,0.0
mr3_cross_net-recagent_netdelay_x_sasrec_cpu_x_catalog_podfail-k8s-v2-formal-r1-20260817201731,t07,triple,3,rec-agent;sasrec;catalog,RCD_seed2,resource,host,host;inventory;rec-agent,0.0,1.0,1.0,0.3333333333333333,0.0,0.0,0.0,0.0,0.23463936301137822,0.23463936301137822,0.0,0.3333333333333333,0.3333333333333333,0.1111111111111111
mr3_cross_net-recagent_netdelay_x_sasrec_cpu_x_catalog_podfail-k8s-v2-formal-r1-20260817201731,t07,triple,3,rec-agent;sasrec;catalog,RCD_seed3,resource,host,host;user;mysql;inventory;order,0.0,0.0,0.0,0.0,0.0,0.0,0.0,0.0,0.0,0.0,0.0,0.0,0.0,0.0
mr3_cross_net-recagent_netdelay_x_sasrec_cpu_x_catalog_podfail-k8s-v2-formal-r1-20260817201731,t07,triple,3,rec-agent;sasrec;catalog,RCD_seed4,resource,host,host;rec-agent;sasrec,0.0,1.0,1.0,0.6666666666666666,0.0,0.0,0.0,0.0,0.5307212739772434,0.5307212739772434,0.0,0.6666666666666666,0.6666666666666666,0.27777777777777773
mr3_cross_net-recagent_netdelay_x_sasrec_cpu_x_catalog_podfail-k8s-v2-formal-r1-20260817201731,t07,triple,3,rec-agent;sasrec;catalog,delta_ratio,resource,sasrec,sasrec;host;mysql;catalog;rec-agent,1.0,1.0,1.0,0.3333333333333333,0.0,0.0,1.0,1.0,0.46927872602275644,0.8529278650606567,0.3333333333333333,0.3333333333333333,1.0,0.48333333333333334
mr3_cross_net-recagent_netdelay_x_sasrec_cpu_x_catalog_podfail-k8s-v2-formal-r1-20260817201731,t07,triple,3,rec-agent;sasrec;catalog,delta_z,resource,catalog,catalog;sasrec;host;mysql;search,1.0,1.0,1.0,0.6666666666666666,0.0,0.0,0.0,1.0,0.7653606369886217,0.7653606369886217,0.3333333333333333,0.6666666666666666,0.6666666666666666,0.5238095238095238
mr1_single_lif-pod_failure_single-k8s-v2-formal-r1-20260817202058,s14,single,1,order,BARO,full,sasrec,sasrec;checkout;order;catalog;cart,0.0,1.0,1.0,0.0,0.0,1.0,1.0,0.0,0.5,0.5,0.0,1.0,1.0,0.3333333333333333
mr1_single_lif-pod_failure_single-k8s-v2-formal-r1-20260817202058,s14,single,1,order,RCD_seed0,full,backend,backend,0.0,0.0,0.0,0.0,0.0,0.0,0.0,0.0,0.0,0.0,0.0,0.0,0.0,0.0
mr1_single_lif-pod_failure_single-k8s-v2-formal-r1-20260817202058,s14,single,1,order,RCD_seed1,full,pricing,pricing,0.0,0.0,0.0,0.0,0.0,0.0,0.0,0.0,0.0,0.0,0.0,0.0,0.0,0.0
mr1_single_lif-pod_failure_single-k8s-v2-formal-r1-20260817202058,s14,single,1,order,RCD_seed2,full,checkout,checkout;review-query,0.0,0.0,0.0,0.0,0.0,0.0,0.0,0.0,0.0,0.0,0.0,0.0,0.0,0.0
mr1_single_lif-pod_failure_single-k8s-v2-formal-r1-20260817202058,s14,single,1,order,RCD_seed3,full,user,user;checkout,0.0,0.0,0.0,0.0,0.0,0.0,0.0,0.0,0.0,0.0,0.0,0.0,0.0,0.0
mr1_single_lif-pod_failure_single-k8s-v2-formal-r1-20260817202058,s14,single,1,order,RCD_seed4,full,pricing,pricing;search,0.0,0.0,0.0,0.0,0.0,0.0,0.0,0.0,0.0,0.0,0.0,0.0,0.0,0.0
mr1_single_lif-pod_failure_single-k8s-v2-formal-r1-20260817202058,s14,single,1,order,delta_ratio,full,order,order;user;catalog;catalog-gw;cart,1.0,1.0,1.0,1.0,1.0,1.0,1.0,1.0,1.0,1.0,1.0,1.0,1.0,1.0
mr1_single_lif-pod_failure_single-k8s-v2-formal-r1-20260817202058,s14,single,1,order,delta_z,full,order,order;sasrec;user;cart;backend,1.0,1.0,1.0,1.0,1.0,1.0,1.0,1.0,1.0,1.0,1.0,1.0,1.0,1.0
mr1_single_lif-pod_failure_single-k8s-v2-formal-r1-20260817202058,s14,single,1,order,BARO,resource,sasrec,sasrec;checkout;order;cart;user,0.0,1.0,1.0,0.0,0.0,1.0,1.0,0.0,0.5,0.5,0.0,1.0,1.0,0.3333333333333333
mr1_single_lif-pod_failure_single-k8s-v2-formal-r1-20260817202058,s14,single,1,order,RCD_seed0,resource,user,user;pricing,0.0,0.0,0.0,0.0,0.0,0.0,0.0,0.0,0.0,0.0,0.0,0.0,0.0,0.0
mr1_single_lif-pod_failure_single-k8s-v2-formal-r1-20260817202058,s14,single,1,order,RCD_seed1,resource,backend,backend;catalog-gw,0.0,0.0,0.0,0.0,0.0,0.0,0.0,0.0,0.0,0.0,0.0,0.0,0.0,0.0
mr1_single_lif-pod_failure_single-k8s-v2-formal-r1-20260817202058,s14,single,1,order,RCD_seed2,resource,cart,cart;search;host,0.0,0.0,0.0,0.0,0.0,0.0,0.0,0.0,0.0,0.0,0.0,0.0,0.0,0.0
mr1_single_lif-pod_failure_single-k8s-v2-formal-r1-20260817202058,s14,single,1,order,RCD_seed3,resource,pricing,pricing;catalog,0.0,0.0,0.0,0.0,0.0,0.0,0.0,0.0,0.0,0.0,0.0,0.0,0.0,0.0
mr1_single_lif-pod_failure_single-k8s-v2-formal-r1-20260817202058,s14,single,1,order,RCD_seed4,resource,user,user;order,0.0,1.0,1.0,0.0,0.0,1.0,1.0,0.0,0.6309297535714575,0.6309297535714575,0.0,1.0,1.0,0.5
mr1_single_lif-pod_failure_single-k8s-v2-formal-r1-20260817202058,s14,single,1,order,delta_ratio,resource,user,user;order;catalog-gw;catalog;review-query,0.0,1.0,1.0,0.0,0.0,1.0,1.0,0.0,0.6309297535714575,0.6309297535714575,0.0,1.0,1.0,0.5
mr1_single_lif-pod_failure_single-k8s-v2-formal-r1-20260817202058,s14,single,1,order,delta_z,resource,order,order;sasrec;user;cart;backend,1.0,1.0,1.0,1.0,1.0,1.0,1.0,1.0,1.0,1.0,1.0,1.0,1.0,1.0
mr3_cross_res-pricing_cpu_x_catalog_latency_x_cfg_timeout-k8s-v2-formal-r1-20260817203008,t01,triple,3,pricing;catalog;catalog-gw,BARO,full,catalog,catalog;checkout;pricing;review-query;search,1.0,1.0,1.0,0.6666666666666666,0.0,0.0,0.0,1.0,0.7039180890341347,0.7039180890341347,0.3333333333333333,0.6666666666666666,0.6666666666666666,0.47008547008547
mr3_cross_res-pricing_cpu_x_catalog_latency_x_cfg_timeout-k8s-v2-formal-r1-20260817203008,t01,triple,3,pricing;catalog;catalog-gw,RCD_seed0,full,review-query,review-query;catalog,0.0,1.0,1.0,0.3333333333333333,0.0,0.0,0.0,0.0,0.2960819109658652,0.2960819109658652,0.0,0.3333333333333333,0.3333333333333333,0.16666666666666666
mr3_cross_res-pricing_cpu_x_catalog_latency_x_cfg_timeout-k8s-v2-formal-r1-20260817203008,t01,triple,3,pricing;catalog;catalog-gw,RCD_seed1,full,catalog,catalog,1.0,1.0,1.0,0.3333333333333333,0.0,0.0,0.0,1.0,0.46927872602275644,0.46927872602275644,0.3333333333333333,0.3333333333333333,0.3333333333333333,0.3333333333333333
mr3_cross_res-pricing_cpu_x_catalog_latency_x_cfg_timeout-k8s-v2-formal-r1-20260817203008,t01,triple,3,pricing;catalog;catalog-gw,RCD_seed2,full,catalog,catalog;order,1.0,1.0,1.0,0.3333333333333333,0.0,0.0,0.0,1.0,0.46927872602275644,0.46927872602275644,0.3333333333333333,0.3333333333333333,0.3333333333333333,0.3333333333333333
mr3_cross_res-pricing_cpu_x_catalog_latency_x_cfg_timeout-k8s-v2-formal-r1-20260817203008,t01,triple,3,pricing;catalog;catalog-gw,RCD_seed3,full,catalog,catalog,1.0,1.0,1.0,0.3333333333333333,0.0,0.0,0.0,1.0,0.46927872602275644,0.46927872602275644,0.3333333333333333,0.3333333333333333,0.3333333333333333,0.3333333333333333
mr3_cross_res-pricing_cpu_x_catalog_latency_x_cfg_timeout-k8s-v2-formal-r1-20260817203008,t01,triple,3,pricing;catalog;catalog-gw,RCD_seed4,full,order,order,0.0,0.0,0.0,0.0,0.0,0.0,0.0,0.0,0.0,0.0,0.0,0.0,0.0,0.0
mr3_cross_res-pricing_cpu_x_catalog_latency_x_cfg_timeout-k8s-v2-formal-r1-20260817203008,t01,triple,3,pricing;catalog;catalog-gw,delta_ratio,full,pricing,pricing;host;mysql;search;catalog,1.0,1.0,1.0,0.3333333333333333,0.0,0.0,0.0,1.0,0.46927872602275644,0.6508205185601091,0.3333333333333333,0.3333333333333333,0.6666666666666666,0.43333333333333335
mr3_cross_res-pricing_cpu_x_catalog_latency_x_cfg_timeout-k8s-v2-formal-r1-20260817203008,t01,triple,3,pricing;catalog;catalog-gw,delta_z,full,catalog,catalog;pricing;host;mysql;search,1.0,1.0,1.0,0.6666666666666666,0.0,0.0,0.0,1.0,0.7653606369886217,0.7653606369886217,0.3333333333333333,0.6666666666666666,0.6666666666666666,0.5256410256410257
mr3_cross_res-pricing_cpu_x_catalog_latency_x_cfg_timeout-k8s-v2-formal-r1-20260817203008,t01,triple,3,pricing;catalog;catalog-gw,BARO,resource,catalog,catalog;pricing;host;checkout;cart,1.0,1.0,1.0,0.6666666666666666,0.0,0.0,0.0,1.0,0.7653606369886217,0.7653606369886217,0.3333333333333333,0.6666666666666666,0.6666666666666666,0.5555555555555556
mr3_cross_res-pricing_cpu_x_catalog_latency_x_cfg_timeout-k8s-v2-formal-r1-20260817203008,t01,triple,3,pricing;catalog;catalog-gw,RCD_seed0,resource,catalog,catalog;order,1.0,1.0,1.0,0.3333333333333333,0.0,0.0,0.0,1.0,0.46927872602275644,0.46927872602275644,0.3333333333333333,0.3333333333333333,0.3333333333333333,0.3333333333333333
mr3_cross_res-pricing_cpu_x_catalog_latency_x_cfg_timeout-k8s-v2-formal-r1-20260817203008,t01,triple,3,pricing;catalog;catalog-gw,RCD_seed1,resource,catalog,catalog,1.0,1.0,1.0,0.3333333333333333,0.0,0.0,0.0,1.0,0.46927872602275644,0.46927872602275644,0.3333333333333333,0.3333333333333333,0.3333333333333333,0.3333333333333333
mr3_cross_res-pricing_cpu_x_catalog_latency_x_cfg_timeout-k8s-v2-formal-r1-20260817203008,t01,triple,3,pricing;catalog;catalog-gw,RCD_seed2,resource,sasrec,sasrec;order;catalog,0.0,1.0,1.0,0.3333333333333333,0.0,0.0,0.0,0.0,0.23463936301137822,0.23463936301137822,0.0,0.3333333333333333,0.3333333333333333,0.1111111111111111
mr3_cross_res-pricing_cpu_x_catalog_latency_x_cfg_timeout-k8s-v2-formal-r1-20260817203008,t01,triple,3,pricing;catalog;catalog-gw,RCD_seed3,resource,order,order,0.0,0.0,0.0,0.0,0.0,0.0,0.0,0.0,0.0,0.0,0.0,0.0,0.0,0.0
mr3_cross_res-pricing_cpu_x_catalog_latency_x_cfg_timeout-k8s-v2-formal-r1-20260817203008,t01,triple,3,pricing;catalog;catalog-gw,RCD_seed4,resource,order,order;catalog,0.0,1.0,1.0,0.3333333333333333,0.0,0.0,0.0,0.0,0.2960819109658652,0.2960819109658652,0.0,0.3333333333333333,0.3333333333333333,0.16666666666666666
mr3_cross_res-pricing_cpu_x_catalog_latency_x_cfg_timeout-k8s-v2-formal-r1-20260817203008,t01,triple,3,pricing;catalog;catalog-gw,delta_ratio,resource,pricing,pricing;host;mysql;catalog;order,1.0,1.0,1.0,0.3333333333333333,0.0,0.0,0.0,1.0,0.46927872602275644,0.6713860725233041,0.3333333333333333,0.3333333333333333,0.6666666666666666,0.4583333333333333
mr3_cross_res-pricing_cpu_x_catalog_latency_x_cfg_timeout-k8s-v2-formal-r1-20260817203008,t01,triple,3,pricing;catalog;catalog-gw,delta_z,resource,catalog,catalog;pricing;host;mysql;order,1.0,1.0,1.0,0.6666666666666666,0.0,0.0,0.0,1.0,0.7653606369886217,0.7653606369886217,0.3333333333333333,0.6666666666666666,0.6666666666666666,0.5256410256410257
mr1_single_res-service_cpu_single-k8s-v2-formal-r1-20260817204321,s10,single,1,cart,BARO,full,cart,cart;checkout;pricing;host;catalog-gw,1.0,1.0,1.0,1.0,1.0,1.0,1.0,1.0,1.0,1.0,1.0,1.0,1.0,1.0
mr1_single_res-service_cpu_single-k8s-v2-formal-r1-20260817204321,s10,single,1,cart,RCD_seed0,full,search,search;cart,0.0,1.0,1.0,0.0,0.0,1.0,1.0,0.0,0.6309297535714575,0.6309297535714575,0.0,1.0,1.0,0.5
mr1_single_res-service_cpu_single-k8s-v2-formal-r1-20260817204321,s10,single,1,cart,RCD_seed1,full,review-query,review-query;cart,0.0,1.0,1.0,0.0,0.0,1.0,1.0,0.0,0.6309297535714575,0.6309297535714575,0.0,1.0,1.0,0.5
mr1_single_res-service_cpu_single-k8s-v2-formal-r1-20260817204321,s10,single,1,cart,RCD_seed2,full,user,user;checkout,0.0,0.0,0.0,0.0,0.0,0.0,0.0,0.0,0.0,0.0,0.0,0.0,0.0,0.0
mr1_single_res-service_cpu_single-k8s-v2-formal-r1-20260817204321,s10,single,1,cart,RCD_seed3,full,cart,cart,1.0,1.0,1.0,1.0,1.0,1.0,1.0,1.0,1.0,1.0,1.0,1.0,1.0,1.0
mr1_single_res-service_cpu_single-k8s-v2-formal-r1-20260817204321,s10,single,1,cart,RCD_seed4,full,order,order;search,0.0,0.0,0.0,0.0,0.0,0.0,0.0,0.0,0.0,0.0,0.0,0.0,0.0,0.0
mr1_single_res-service_cpu_single-k8s-v2-formal-r1-20260817204321,s10,single,1,cart,delta_ratio,full,cart,cart;host;catalog-gw;inventory;checkout,1.0,1.0,1.0,1.0,1.0,1.0,1.0,1.0,1.0,1.0,1.0,1.0,1.0,1.0
mr1_single_res-service_cpu_single-k8s-v2-formal-r1-20260817204321,s10,single,1,cart,delta_z,full,cart,cart;catalog-gw;backend;pricing;host,1.0,1.0,1.0,1.0,1.0,1.0,1.0,1.0,1.0,1.0,1.0,1.0,1.0,1.0
mr1_single_res-service_cpu_single-k8s-v2-formal-r1-20260817204321,s10,single,1,cart,BARO,resource,cart,cart;pricing;host;review-query;catalog,1.0,1.0,1.0,1.0,1.0,1.0,1.0,1.0,1.0,1.0,1.0,1.0,1.0,1.0
mr1_single_res-service_cpu_single-k8s-v2-formal-r1-20260817204321,s10,single,1,cart,RCD_seed0,resource,inventory,inventory,0.0,0.0,0.0,0.0,0.0,0.0,0.0,0.0,0.0,0.0,0.0,0.0,0.0,0.0
mr1_single_res-service_cpu_single-k8s-v2-formal-r1-20260817204321,s10,single,1,cart,RCD_seed1,resource,inventory,inventory;backend,0.0,0.0,0.0,0.0,0.0,0.0,0.0,0.0,0.0,0.0,0.0,0.0,0.0,0.0
mr1_single_res-service_cpu_single-k8s-v2-formal-r1-20260817204321,s10,single,1,cart,RCD_seed2,resource,checkout,checkout;order,0.0,0.0,0.0,0.0,0.0,0.0,0.0,0.0,0.0,0.0,0.0,0.0,0.0,0.0
mr1_single_res-service_cpu_single-k8s-v2-formal-r1-20260817204321,s10,single,1,cart,RCD_seed3,resource,checkout,checkout;cart,0.0,1.0,1.0,0.0,0.0,1.0,1.0,0.0,0.6309297535714575,0.6309297535714575,0.0,1.0,1.0,0.5
mr1_single_res-service_cpu_single-k8s-v2-formal-r1-20260817204321,s10,single,1,cart,RCD_seed4,resource,search,search;review-query,0.0,0.0,0.0,0.0,0.0,0.0,0.0,0.0,0.0,0.0,0.0,0.0,0.0,0.0
mr1_single_res-service_cpu_single-k8s-v2-formal-r1-20260817204321,s10,single,1,cart,delta_ratio,resource,cart,cart;host;catalog-gw;inventory;checkout,1.0,1.0,1.0,1.0,1.0,1.0,1.0,1.0,1.0,1.0,1.0,1.0,1.0,1.0
mr1_single_res-service_cpu_single-k8s-v2-formal-r1-20260817204321,s10,single,1,cart,delta_z,resource,cart,cart;catalog-gw;backend;pricing;host,1.0,1.0,1.0,1.0,1.0,1.0,1.0,1.0,1.0,1.0,1.0,1.0,1.0,1.0
mr3_mixed_class_dependency-inv_latency_x_cfg_timeout_x_retry-k8s-v2-formal-r1-20260817205237,t02,dual,2,inventory;catalog-gw,BARO,full,checkout,checkout;inventory;pricing;catalog-gw;catalog,0.0,1.0,1.0,0.5,0.0,0.0,1.0,0.0,0.38685280723454163,0.6509209298071326,0.0,0.5,1.0,0.375
mr3_mixed_class_dependency-inv_latency_x_cfg_timeout_x_retry-k8s-v2-formal-r1-20260817205237,t02,dual,2,inventory;catalog-gw,RCD_seed0,full,inventory,inventory;checkout,1.0,1.0,1.0,0.5,0.0,0.0,0.0,1.0,0.6131471927654584,0.6131471927654584,0.5,0.5,0.5,0.5
mr3_mixed_class_dependency-inv_latency_x_cfg_timeout_x_retry-k8s-v2-formal-r1-20260817205237,t02,dual,2,inventory;catalog-gw,RCD_seed1,full,cart,cart;search,0.0,0.0,0.0,0.0,0.0,0.0,0.0,0.0,0.0,0.0,0.0,0.0,0.0,0.0
mr3_mixed_class_dependency-inv_latency_x_cfg_timeout_x_retry-k8s-v2-formal-r1-20260817205237,t02,dual,2,inventory;catalog-gw,RCD_seed2,full,inventory,inventory;cart,1.0,1.0,1.0,0.5,0.0,0.0,0.0,1.0,0.6131471927654584,0.6131471927654584,0.5,0.5,0.5,0.5
mr3_mixed_class_dependency-inv_latency_x_cfg_timeout_x_retry-k8s-v2-formal-r1-20260817205237,t02,dual,2,inventory;catalog-gw,RCD_seed3,full,checkout,checkout,0.0,0.0,0.0,0.0,0.0,0.0,0.0,0.0,0.0,0.0,0.0,0.0,0.0,0.0
mr3_mixed_class_dependency-inv_latency_x_cfg_timeout_x_retry-k8s-v2-formal-r1-20260817205237,t02,dual,2,inventory;catalog-gw,RCD_seed4,full,search,search;inventory,0.0,1.0,1.0,0.5,0.0,0.0,0.0,0.0,0.38685280723454163,0.38685280723454163,0.0,0.5,0.5,0.25
mr3_mixed_class_dependency-inv_latency_x_cfg_timeout_x_retry-k8s-v2-formal-r1-20260817205237,t02,dual,2,inventory;catalog-gw,delta_ratio,full,pricing,pricing;checkout;inventory;catalog;cart,0.0,1.0,1.0,0.0,0.0,0.0,0.0,0.0,0.3065735963827292,0.3065735963827292,0.0,0.5,0.5,0.23809523809523808
mr3_mixed_class_dependency-inv_latency_x_cfg_timeout_x_retry-k8s-v2-formal-r1-20260817205237,t02,dual,2,inventory;catalog-gw,delta_z,full,inventory,inventory;pricing;checkout;sasrec;backend,1.0,1.0,1.0,0.5,0.0,0.0,0.0,1.0,0.6131471927654584,0.6131471927654584,0.5,0.5,0.5,0.5625
mr3_mixed_class_dependency-inv_latency_x_cfg_timeout_x_retry-k8s-v2-formal-r1-20260817205237,t02,dual,2,inventory;catalog-gw,BARO,resource,inventory,inventory;catalog-gw;catalog;review-query;checkout,1.0,1.0,1.0,1.0,0.0,1.0,1.0,1.0,1.0,1.0,0.5,1.0,1.0,0.75
mr3_mixed_class_dependency-inv_latency_x_cfg_timeout_x_retry-k8s-v2-formal-r1-20260817205237,t02,dual,2,inventory;catalog-gw,RCD_seed0,resource,search,search;cart;sasrec;inventory,0.0,0.0,1.0,0.0,0.0,0.0,0.0,0.0,0.0,0.2640681225725909,0.0,0.0,0.5,0.125
mr3_mixed_class_dependency-inv_latency_x_cfg_timeout_x_retry-k8s-v2-formal-r1-20260817205237,t02,dual,2,inventory;catalog-gw,RCD_seed1,resource,cart,cart,0.0,0.0,0.0,0.0,0.0,0.0,0.0,0.0,0.0,0.0,0.0,0.0,0.0,0.0
mr3_mixed_class_dependency-inv_latency_x_cfg_timeout_x_retry-k8s-v2-formal-r1-20260817205237,t02,dual,2,inventory;catalog-gw,RCD_seed2,resource,cart,cart;inventory;search,0.0,1.0,1.0,0.5,0.0,0.0,0.0,0.0,0.38685280723454163,0.38685280723454163,0.0,0.5,0.5,0.25
mr3_mixed_class_dependency-inv_latency_x_cfg_timeout_x_retry-k8s-v2-formal-r1-20260817205237,t02,dual,2,inventory;catalog-gw,RCD_seed3,resource,sasrec,sasrec;inventory,0.0,1.0,1.0,0.5,0.0,0.0,0.0,0.0,0.38685280723454163,0.38685280723454163,0.0,0.5,0.5,0.25
mr3_mixed_class_dependency-inv_latency_x_cfg_timeout_x_retry-k8s-v2-formal-r1-20260817205237,t02,dual,2,inventory;catalog-gw,RCD_seed4,resource,sasrec,sasrec;inventory,0.0,1.0,1.0,0.5,0.0,0.0,0.0,0.0,0.38685280723454163,0.38685280723454163,0.0,0.5,0.5,0.25
mr3_mixed_class_dependency-inv_latency_x_cfg_timeout_x_retry-k8s-v2-formal-r1-20260817205237,t02,dual,2,inventory;catalog-gw,delta_ratio,resource,inventory,inventory;checkout;pricing;cart;user,1.0,1.0,1.0,0.5,0.0,0.0,0.0,1.0,0.6131471927654584,0.6131471927654584,0.5,0.5,0.5,0.5454545454545454
mr3_mixed_class_dependency-inv_latency_x_cfg_timeout_x_retry-k8s-v2-formal-r1-20260817205237,t02,dual,2,inventory;catalog-gw,delta_z,resource,inventory,inventory;sasrec;host;catalog-gw;backend,1.0,1.0,1.0,0.5,0.0,0.0,1.0,1.0,0.6131471927654584,0.8772153153380493,0.5,0.5,1.0,0.625
mr2_cross_lif-search_podfail_x_reviewquery_cpu-k8s-v2-formal-r1-20260817210558,d19,dual,2,search;review-query,BARO,full,cart,cart;search;user;review-query;backend,0.0,1.0,1.0,0.5,0.0,0.0,1.0,0.0,0.38685280723454163,0.6509209298071326,0.0,0.5,1.0,0.375
mr2_cross_lif-search_podfail_x_reviewquery_cpu-k8s-v2-formal-r1-20260817210558,d19,dual,2,search;review-query,RCD_seed0,full,review-query,review-query;cart;pricing;checkout,1.0,1.0,1.0,0.5,0.0,0.0,0.0,1.0,0.6131471927654584,0.6131471927654584,0.5,0.5,0.5,0.5
mr2_cross_lif-search_podfail_x_reviewquery_cpu-k8s-v2-formal-r1-20260817210558,d19,dual,2,search;review-query,RCD_seed1,full,review-query,review-query;user;checkout,1.0,1.0,1.0,0.5,0.0,0.0,0.0,1.0,0.6131471927654584,0.6131471927654584,0.5,0.5,0.5,0.5
mr2_cross_lif-search_podfail_x_reviewquery_cpu-k8s-v2-formal-r1-20260817210558,d19,dual,2,search;review-query,RCD_seed2,full,checkout,checkout;pricing;review-query;catalog;cart,0.0,1.0,1.0,0.0,0.0,0.0,0.0,0.0,0.3065735963827292,0.3065735963827292,0.0,0.5,0.5,0.16666666666666666
mr2_cross_lif-search_podfail_x_reviewquery_cpu-k8s-v2-formal-r1-20260817210558,d19,dual,2,search;review-query,RCD_seed3,full,review-query,review-query;checkout;cart;user,1.0,1.0,1.0,0.5,0.0,0.0,0.0,1.0,0.6131471927654584,0.6131471927654584,0.5,0.5,0.5,0.5
mr2_cross_lif-search_podfail_x_reviewquery_cpu-k8s-v2-formal-r1-20260817210558,d19,dual,2,search;review-query,RCD_seed4,full,review-query,review-query;checkout;pricing;catalog-gw,1.0,1.0,1.0,0.5,0.0,0.0,0.0,1.0,0.6131471927654584,0.6131471927654584,0.5,0.5,0.5,0.5
mr2_cross_lif-search_podfail_x_reviewquery_cpu-k8s-v2-formal-r1-20260817210558,d19,dual,2,search;review-query,delta_ratio,full,review-query,review-query;host;backend;user;search,1.0,1.0,1.0,0.5,0.0,0.0,1.0,1.0,0.6131471927654584,0.8503449055347546,0.5,0.5,1.0,0.6
mr2_cross_lif-search_podfail_x_reviewquery_cpu-k8s-v2-formal-r1-20260817210558,d19,dual,2,search;review-query,delta_z,full,search,search;backend;review-query;mysql;host,1.0,1.0,1.0,0.5,0.0,1.0,1.0,1.0,0.9197207891481876,0.9197207891481876,0.5,1.0,1.0,0.6666666666666666
mr2_cross_lif-search_podfail_x_reviewquery_cpu-k8s-v2-formal-r1-20260817210558,d19,dual,2,search;review-query,BARO,resource,search,search;review-query;catalog-gw;host;checkout,1.0,1.0,1.0,1.0,0.0,1.0,1.0,1.0,1.0,1.0,0.5,1.0,1.0,0.75
mr2_cross_lif-search_podfail_x_reviewquery_cpu-k8s-v2-formal-r1-20260817210558,d19,dual,2,search;review-query,RCD_seed0,resource,inventory,inventory;checkout;pricing;review-query,0.0,0.0,1.0,0.0,0.0,0.0,0.0,0.0,0.0,0.2640681225725909,0.0,0.0,0.5,0.125
mr2_cross_lif-search_podfail_x_reviewquery_cpu-k8s-v2-formal-r1-20260817210558,d19,dual,2,search;review-query,RCD_seed1,resource,review-query,review-query;checkout;inventory;cart,1.0,1.0,1.0,0.5,0.0,0.0,0.0,1.0,0.6131471927654584,0.6131471927654584,0.5,0.5,0.5,0.5
mr2_cross_lif-search_podfail_x_reviewquery_cpu-k8s-v2-formal-r1-20260817210558,d19,dual,2,search;review-query,RCD_seed2,resource,checkout,checkout;catalog-gw;pricing;review-query;cart,0.0,0.0,1.0,0.0,0.0,0.0,0.0,0.0,0.0,0.2640681225725909,0.0,0.0,0.5,0.125
mr2_cross_lif-search_podfail_x_reviewquery_cpu-k8s-v2-formal-r1-20260817210558,d19,dual,2,search;review-query,RCD_seed3,resource,review-query,review-query;checkout;pricing;cart,1.0,1.0,1.0,0.5,0.0,0.0,0.0,1.0,0.6131471927654584,0.6131471927654584,0.5,0.5,0.5,0.5
mr2_cross_lif-search_podfail_x_reviewquery_cpu-k8s-v2-formal-r1-20260817210558,d19,dual,2,search;review-query,RCD_seed4,resource,review-query,review-query;checkout;pricing;cart;catalog-gw,1.0,1.0,1.0,0.5,0.0,0.0,0.0,1.0,0.6131471927654584,0.6131471927654584,0.5,0.5,0.5,0.5
mr2_cross_lif-search_podfail_x_reviewquery_cpu-k8s-v2-formal-r1-20260817210558,d19,dual,2,search;review-query,delta_ratio,resource,review-query,review-query;host;search;mysql;inventory,1.0,1.0,1.0,0.5,0.0,1.0,1.0,1.0,0.9197207891481876,0.9197207891481876,0.5,1.0,1.0,0.6666666666666666
mr2_cross_lif-search_podfail_x_reviewquery_cpu-k8s-v2-formal-r1-20260817210558,d19,dual,2,search;review-query,delta_z,resource,search,search;review-query;mysql;host;inventory,1.0,1.0,1.0,1.0,0.0,1.0,1.0,1.0,1.0,1.0,0.5,1.0,1.0,0.75
mr1_single_res-host_cpu_single-k8s-v2-formal-r1-20260817210844,s05,single,1,host,BARO,full,sasrec,sasrec;review-query;backend;pricing;order,0.0,0.0,0.0,0.0,0.0,0.0,0.0,0.0,0.0,0.0,0.0,0.0,0.0,0.06666666666666667
mr1_single_res-host_cpu_single-k8s-v2-formal-r1-20260817210844,s05,single,1,host,RCD_seed0,full,search,search,0.0,0.0,0.0,0.0,0.0,0.0,0.0,0.0,0.0,0.0,0.0,0.0,0.0,0.0
mr1_single_res-host_cpu_single-k8s-v2-formal-r1-20260817210844,s05,single,1,host,RCD_seed1,full,search,search,0.0,0.0,0.0,0.0,0.0,0.0,0.0,0.0,0.0,0.0,0.0,0.0,0.0,0.0
mr1_single_res-host_cpu_single-k8s-v2-formal-r1-20260817210844,s05,single,1,host,RCD_seed2,full,catalog-gw,catalog-gw;pricing,0.0,0.0,0.0,0.0,0.0,0.0,0.0,0.0,0.0,0.0,0.0,0.0,0.0,0.0
mr1_single_res-host_cpu_single-k8s-v2-formal-r1-20260817210844,s05,single,1,host,RCD_seed3,full,backend,backend;inventory,0.0,0.0,0.0,0.0,0.0,0.0,0.0,0.0,0.0,0.0,0.0,0.0,0.0,0.0
mr1_single_res-host_cpu_single-k8s-v2-formal-r1-20260817210844,s05,single,1,host,RCD_seed4,full,checkout,checkout;pricing,0.0,0.0,0.0,0.0,0.0,0.0,0.0,0.0,0.0,0.0,0.0,0.0,0.0,0.0
mr1_single_res-host_cpu_single-k8s-v2-formal-r1-20260817210844,s05,single,1,host,delta_ratio,full,backend,backend;catalog;host;pricing;checkout,0.0,1.0,1.0,0.0,0.0,1.0,1.0,0.0,0.5,0.5,0.0,1.0,1.0,0.3333333333333333
mr1_single_res-host_cpu_single-k8s-v2-formal-r1-20260817210844,s05,single,1,host,delta_z,full,search,search;backend;catalog;review-query;pricing,0.0,0.0,0.0,0.0,0.0,0.0,0.0,0.0,0.0,0.0,0.0,0.0,0.0,0.16666666666666666
mr1_single_res-host_cpu_single-k8s-v2-formal-r1-20260817210844,s05,single,1,host,BARO,resource,sasrec,sasrec;review-query;order;checkout;user,0.0,0.0,0.0,0.0,0.0,0.0,0.0,0.0,0.0,0.0,0.0,0.0,0.0,0.07142857142857142
mr1_single_res-host_cpu_single-k8s-v2-formal-r1-20260817210844,s05,single,1,host,RCD_seed0,resource,backend,backend,0.0,0.0,0.0,0.0,0.0,0.0,0.0,0.0,0.0,0.0,0.0,0.0,0.0,0.0
mr1_single_res-host_cpu_single-k8s-v2-formal-r1-20260817210844,s05,single,1,host,RCD_seed1,resource,order,order;checkout,0.0,0.0,0.0,0.0,0.0,0.0,0.0,0.0,0.0,0.0,0.0,0.0,0.0,0.0
mr1_single_res-host_cpu_single-k8s-v2-formal-r1-20260817210844,s05,single,1,host,RCD_seed2,resource,sasrec,sasrec;inventory,0.0,0.0,0.0,0.0,0.0,0.0,0.0,0.0,0.0,0.0,0.0,0.0,0.0,0.0
mr1_single_res-host_cpu_single-k8s-v2-formal-r1-20260817210844,s05,single,1,host,RCD_seed3,resource,user,user;sasrec,0.0,0.0,0.0,0.0,0.0,0.0,0.0,0.0,0.0,0.0,0.0,0.0,0.0,0.0
mr1_single_res-host_cpu_single-k8s-v2-formal-r1-20260817210844,s05,single,1,host,RCD_seed4,resource,pricing,pricing;user,0.0,0.0,0.0,0.0,0.0,0.0,0.0,0.0,0.0,0.0,0.0,0.0,0.0,0.0
mr1_single_res-host_cpu_single-k8s-v2-formal-r1-20260817210844,s05,single,1,host,delta_ratio,resource,host,host;pricing;catalog-gw;inventory;catalog,1.0,1.0,1.0,1.0,1.0,1.0,1.0,1.0,1.0,1.0,1.0,1.0,1.0,1.0
mr1_single_res-host_cpu_single-k8s-v2-formal-r1-20260817210844,s05,single,1,host,delta_z,resource,review-query,review-query;pricing;host;inventory;backend,0.0,1.0,1.0,0.0,0.0,1.0,1.0,0.0,0.5,0.5,0.0,1.0,1.0,0.3333333333333333
mr2_cross_net-net_delay_x_svc_cpu-k8s-v2-formal-r1-20260817211429,d14,dual,2,catalog-gw;catalog,BARO,full,pricing,pricing;checkout;catalog;cart;inventory,0.0,1.0,1.0,0.0,0.0,0.0,0.0,0.0,0.3065735963827292,0.3065735963827292,0.0,0.5,0.5,0.20238095238095238
mr2_cross_net-net_delay_x_svc_cpu-k8s-v2-formal-r1-20260817211429,d14,dual,2,catalog-gw;catalog,RCD_seed0,full,checkout,checkout;pricing;catalog,0.0,1.0,1.0,0.0,0.0,0.0,0.0,0.0,0.3065735963827292,0.3065735963827292,0.0,0.5,0.5,0.16666666666666666
mr2_cross_net-net_delay_x_svc_cpu-k8s-v2-formal-r1-20260817211429,d14,dual,2,catalog-gw;catalog,RCD_seed1,full,search,search;pricing;checkout,0.0,0.0,0.0,0.0,0.0,0.0,0.0,0.0,0.0,0.0,0.0,0.0,0.0,0.0
mr2_cross_net-net_delay_x_svc_cpu-k8s-v2-formal-r1-20260817211429,d14,dual,2,catalog-gw;catalog,RCD_seed2,full,search,search,0.0,0.0,0.0,0.0,0.0,0.0,0.0,0.0,0.0,0.0,0.0,0.0,0.0,0.0
mr2_cross_net-net_delay_x_svc_cpu-k8s-v2-formal-r1-20260817211429,d14,dual,2,catalog-gw;catalog,RCD_seed3,full,search,search,0.0,0.0,0.0,0.0,0.0,0.0,0.0,0.0,0.0,0.0,0.0,0.0,0.0,0.0
mr2_cross_net-net_delay_x_svc_cpu-k8s-v2-formal-r1-20260817211429,d14,dual,2,catalog-gw;catalog,RCD_seed4,full,pricing,pricing;search,0.0,0.0,0.0,0.0,0.0,0.0,0.0,0.0,0.0,0.0,0.0,0.0,0.0,0.0
mr2_cross_net-net_delay_x_svc_cpu-k8s-v2-formal-r1-20260817211429,d14,dual,2,catalog-gw;catalog,delta_ratio,full,catalog,catalog;host;mysql;pricing;checkout,1.0,1.0,1.0,0.5,0.0,0.0,0.0,1.0,0.6131471927654584,0.6131471927654584,0.5,0.5,0.5,0.5384615384615384
mr2_cross_net-net_delay_x_svc_cpu-k8s-v2-formal-r1-20260817211429,d14,dual,2,catalog-gw;catalog,delta_z,full,catalog,catalog;host;mysql;pricing;sasrec,1.0,1.0,1.0,0.5,0.0,0.0,0.0,1.0,0.6131471927654584,0.6131471927654584,0.5,0.5,0.5,0.5625
mr2_cross_net-net_delay_x_svc_cpu-k8s-v2-formal-r1-20260817211429,d14,dual,2,catalog-gw;catalog,BARO,resource,catalog,catalog;host;review-query;backend;pricing,1.0,1.0,1.0,0.5,0.0,0.0,0.0,1.0,0.6131471927654584,0.6131471927654584,0.5,0.5,0.5,0.5384615384615384
mr2_cross_net-net_delay_x_svc_cpu-k8s-v2-formal-r1-20260817211429,d14,dual,2,catalog-gw;catalog,RCD_seed0,resource,search,search;pricing,0.0,0.0,0.0,0.0,0.0,0.0,0.0,0.0,0.0,0.0,0.0,0.0,0.0,0.0
mr2_cross_net-net_delay_x_svc_cpu-k8s-v2-formal-r1-20260817211429,d14,dual,2,catalog-gw;catalog,RCD_seed1,resource,pricing,pricing;search,0.0,0.0,0.0,0.0,0.0,0.0,0.0,0.0,0.0,0.0,0.0,0.0,0.0,0.0
mr2_cross_net-net_delay_x_svc_cpu-k8s-v2-formal-r1-20260817211429,d14,dual,2,catalog-gw;catalog,RCD_seed2,resource,checkout,checkout;catalog,0.0,1.0,1.0,0.5,0.0,0.0,0.0,0.0,0.38685280723454163,0.38685280723454163,0.0,0.5,0.5,0.25
mr2_cross_net-net_delay_x_svc_cpu-k8s-v2-formal-r1-20260817211429,d14,dual,2,catalog-gw;catalog,RCD_seed3,resource,pricing,pricing,0.0,0.0,0.0,0.0,0.0,0.0,0.0,0.0,0.0,0.0,0.0,0.0,0.0,0.0
mr2_cross_net-net_delay_x_svc_cpu-k8s-v2-formal-r1-20260817211429,d14,dual,2,catalog-gw;catalog,RCD_seed4,resource,search,search,0.0,0.0,0.0,0.0,0.0,0.0,0.0,0.0,0.0,0.0,0.0,0.0,0.0,0.0
mr2_cross_net-net_delay_x_svc_cpu-k8s-v2-formal-r1-20260817211429,d14,dual,2,catalog-gw;catalog,delta_ratio,resource,catalog,catalog;host;mysql;checkout;backend,1.0,1.0,1.0,0.5,0.0,0.0,0.0,1.0,0.6131471927654584,0.6131471927654584,0.5,0.5,0.5,0.55
mr2_cross_net-net_delay_x_svc_cpu-k8s-v2-formal-r1-20260817211429,d14,dual,2,catalog-gw;catalog,delta_z,resource,catalog,catalog;host;mysql;sasrec;checkout,1.0,1.0,1.0,0.5,0.0,0.0,0.0,1.0,0.6131471927654584,0.6131471927654584,0.5,0.5,0.5,0.5833333333333334
mr1_single_res-service_cpu_single-k8s-v2-formal-r1-20260817211710,s13,single,1,checkout,BARO,full,checkout,checkout;review-query;cart;order;host,1.0,1.0,1.0,1.0,1.0,1.0,1.0,1.0,1.0,1.0,1.0,1.0,1.0,1.0
mr1_single_res-service_cpu_single-k8s-v2-formal-r1-20260817211710,s13,single,1,checkout,RCD_seed0,full,user,user;pricing,0.0,0.0,0.0,0.0,0.0,0.0,0.0,0.0,0.0,0.0,0.0,0.0,0.0,0.0
mr1_single_res-service_cpu_single-k8s-v2-formal-r1-20260817211710,s13,single,1,checkout,RCD_seed1,full,pricing,pricing;checkout,0.0,1.0,1.0,0.0,0.0,1.0,1.0,0.0,0.6309297535714575,0.6309297535714575,0.0,1.0,1.0,0.5
mr1_single_res-service_cpu_single-k8s-v2-formal-r1-20260817211710,s13,single,1,checkout,RCD_seed2,full,backend,backend;review-query,0.0,0.0,0.0,0.0,0.0,0.0,0.0,0.0,0.0,0.0,0.0,0.0,0.0,0.0
mr1_single_res-service_cpu_single-k8s-v2-formal-r1-20260817211710,s13,single,1,checkout,RCD_seed3,full,review-query,review-query;backend,0.0,0.0,0.0,0.0,0.0,0.0,0.0,0.0,0.0,0.0,0.0,0.0,0.0,0.0
mr1_single_res-service_cpu_single-k8s-v2-formal-r1-20260817211710,s13,single,1,checkout,RCD_seed4,full,backend,backend,0.0,0.0,0.0,0.0,0.0,0.0,0.0,0.0,0.0,0.0,0.0,0.0,0.0,0.0
mr1_single_res-service_cpu_single-k8s-v2-formal-r1-20260817211710,s13,single,1,checkout,delta_ratio,full,checkout,checkout;host;mysql;catalog-gw;catalog,1.0,1.0,1.0,1.0,1.0,1.0,1.0,1.0,1.0,1.0,1.0,1.0,1.0,1.0
mr1_single_res-service_cpu_single-k8s-v2-formal-r1-20260817211710,s13,single,1,checkout,delta_z,full,checkout,checkout;mysql;host;search;review-query,1.0,1.0,1.0,1.0,1.0,1.0,1.0,1.0,1.0,1.0,1.0,1.0,1.0,1.0
mr1_single_res-service_cpu_single-k8s-v2-formal-r1-20260817211710,s13,single,1,checkout,BARO,resource,checkout,checkout;review-query;cart;order;host,1.0,1.0,1.0,1.0,1.0,1.0,1.0,1.0,1.0,1.0,1.0,1.0,1.0,1.0
mr1_single_res-service_cpu_single-k8s-v2-formal-r1-20260817211710,s13,single,1,checkout,RCD_seed0,resource,checkout,checkout;review-query,1.0,1.0,1.0,1.0,1.0,1.0,1.0,1.0,1.0,1.0,1.0,1.0,1.0,1.0
mr1_single_res-service_cpu_single-k8s-v2-formal-r1-20260817211710,s13,single,1,checkout,RCD_seed1,resource,pricing,pricing;checkout;backend,0.0,1.0,1.0,0.0,0.0,1.0,1.0,0.0,0.6309297535714575,0.6309297535714575,0.0,1.0,1.0,0.5
mr1_single_res-service_cpu_single-k8s-v2-formal-r1-20260817211710,s13,single,1,checkout,RCD_seed2,resource,inventory,inventory;checkout,0.0,1.0,1.0,0.0,0.0,1.0,1.0,0.0,0.6309297535714575,0.6309297535714575,0.0,1.0,1.0,0.5
mr1_single_res-service_cpu_single-k8s-v2-formal-r1-20260817211710,s13,single,1,checkout,RCD_seed3,resource,pricing,pricing;review-query;search,0.0,0.0,0.0,0.0,0.0,0.0,0.0,0.0,0.0,0.0,0.0,0.0,0.0,0.0
mr1_single_res-service_cpu_single-k8s-v2-formal-r1-20260817211710,s13,single,1,checkout,RCD_seed4,resource,inventory,inventory;backend,0.0,0.0,0.0,0.0,0.0,0.0,0.0,0.0,0.0,0.0,0.0,0.0,0.0,0.0
mr1_single_res-service_cpu_single-k8s-v2-formal-r1-20260817211710,s13,single,1,checkout,delta_ratio,resource,checkout,checkout;host;mysql;catalog-gw;catalog,1.0,1.0,1.0,1.0,1.0,1.0,1.0,1.0,1.0,1.0,1.0,1.0,1.0,1.0
mr1_single_res-service_cpu_single-k8s-v2-formal-r1-20260817211710,s13,single,1,checkout,delta_z,resource,checkout,checkout;mysql;host;search;review-query,1.0,1.0,1.0,1.0,1.0,1.0,1.0,1.0,1.0,1.0,1.0,1.0,1.0,1.0
mr3_cross_net-net_delay_x_net_loss_x_db_lock-k8s-v2-formal-r1-20260817212557,t03,dual,2,catalog-gw;mysql,BARO,full,order,order;catalog;checkout;pricing;cart,0.0,0.0,0.0,0.0,0.0,0.0,0.0,0.0,0.0,0.0,0.0,0.0,0.0,0.09583333333333333
mr3_cross_net-net_delay_x_net_loss_x_db_lock-k8s-v2-formal-r1-20260817212557,t03,dual,2,catalog-gw;mysql,RCD_seed0,full,checkout,checkout;pricing,0.0,0.0,0.0,0.0,0.0,0.0,0.0,0.0,0.0,0.0,0.0,0.0,0.0,0.0
mr3_cross_net-net_delay_x_net_loss_x_db_lock-k8s-v2-formal-r1-20260817212557,t03,dual,2,catalog-gw;mysql,RCD_seed1,full,checkout,checkout,0.0,0.0,0.0,0.0,0.0,0.0,0.0,0.0,0.0,0.0,0.0,0.0,0.0,0.0
mr3_cross_net-net_delay_x_net_loss_x_db_lock-k8s-v2-formal-r1-20260817212557,t03,dual,2,catalog-gw;mysql,RCD_seed2,full,cart,cart,0.0,0.0,0.0,0.0,0.0,0.0,0.0,0.0,0.0,0.0,0.0,0.0,0.0,0.0
mr3_cross_net-net_delay_x_net_loss_x_db_lock-k8s-v2-formal-r1-20260817212557,t03,dual,2,catalog-gw;mysql,RCD_seed3,full,checkout,checkout,0.0,0.0,0.0,0.0,0.0,0.0,0.0,0.0,0.0,0.0,0.0,0.0,0.0,0.0
mr3_cross_net-net_delay_x_net_loss_x_db_lock-k8s-v2-formal-r1-20260817212557,t03,dual,2,catalog-gw;mysql,RCD_seed4,full,checkout,checkout;pricing,0.0,0.0,0.0,0.0,0.0,0.0,0.0,0.0,0.0,0.0,0.0,0.0,0.0,0.0
mr3_cross_net-net_delay_x_net_loss_x_db_lock-k8s-v2-formal-r1-20260817212557,t03,dual,2,catalog-gw;mysql,delta_ratio,full,checkout,checkout;pricing;cart;catalog;catalog-gw,0.0,0.0,1.0,0.0,0.0,0.0,0.0,0.0,0.0,0.23719771276929622,0.0,0.0,0.5,0.13333333333333333
mr3_cross_net-net_delay_x_net_loss_x_db_lock-k8s-v2-formal-r1-20260817212557,t03,dual,2,catalog-gw;mysql,delta_z,full,checkout,checkout;pricing;host;cart;catalog,0.0,0.0,0.0,0.0,0.0,0.0,0.0,0.0,0.0,0.0,0.0,0.0,0.0,0.11666666666666667
mr3_cross_net-net_delay_x_net_loss_x_db_lock-k8s-v2-formal-r1-20260817212557,t03,dual,2,catalog-gw;mysql,BARO,resource,search,search;checkout;catalog-gw;order;catalog,0.0,1.0,1.0,0.0,0.0,0.0,0.0,0.0,0.3065735963827292,0.3065735963827292,0.0,0.5,0.5,0.20238095238095238
mr3_cross_net-net_delay_x_net_loss_x_db_lock-k8s-v2-formal-r1-20260817212557,t03,dual,2,catalog-gw;mysql,RCD_seed0,resource,cart,cart,0.0,0.0,0.0,0.0,0.0,0.0,0.0,0.0,0.0,0.0,0.0,0.0,0.0,0.0
mr3_cross_net-net_delay_x_net_loss_x_db_lock-k8s-v2-formal-r1-20260817212557,t03,dual,2,catalog-gw;mysql,RCD_seed1,resource,cart,cart,0.0,0.0,0.0,0.0,0.0,0.0,0.0,0.0,0.0,0.0,0.0,0.0,0.0,0.0
mr3_cross_net-net_delay_x_net_loss_x_db_lock-k8s-v2-formal-r1-20260817212557,t03,dual,2,catalog-gw;mysql,RCD_seed2,resource,cart,cart,0.0,0.0,0.0,0.0,0.0,0.0,0.0,0.0,0.0,0.0,0.0,0.0,0.0,0.0
mr3_cross_net-net_delay_x_net_loss_x_db_lock-k8s-v2-formal-r1-20260817212557,t03,dual,2,catalog-gw;mysql,RCD_seed3,resource,cart,cart,0.0,0.0,0.0,0.0,0.0,0.0,0.0,0.0,0.0,0.0,0.0,0.0,0.0,0.0
mr3_cross_net-net_delay_x_net_loss_x_db_lock-k8s-v2-formal-r1-20260817212557,t03,dual,2,catalog-gw;mysql,RCD_seed4,resource,cart,cart,0.0,0.0,0.0,0.0,0.0,0.0,0.0,0.0,0.0,0.0,0.0,0.0,0.0,0.0
mr3_cross_net-net_delay_x_net_loss_x_db_lock-k8s-v2-formal-r1-20260817212557,t03,dual,2,catalog-gw;mysql,delta_ratio,resource,catalog-gw,catalog-gw;catalog;checkout;pricing;cart,1.0,1.0,1.0,0.5,0.0,0.0,0.0,1.0,0.6131471927654584,0.6131471927654584,0.5,0.5,0.5,0.5357142857142857
mr3_cross_net-net_delay_x_net_loss_x_db_lock-k8s-v2-formal-r1-20260817212557,t03,dual,2,catalog-gw;mysql,delta_z,resource,host,host;catalog-gw;search;checkout;catalog,0.0,1.0,1.0,0.5,0.0,0.0,0.0,0.0,0.38685280723454163,0.38685280723454163,0.0,0.5,0.5,0.2857142857142857
mr1_single_net-net_loss_single-k8s-v2-formal-r1-20260817213214,s02,single,1,catalog-gw,BARO,full,checkout,checkout;pricing;catalog-gw;order;user,0.0,1.0,1.0,0.0,0.0,1.0,1.0,0.0,0.5,0.5,0.0,1.0,1.0,0.3333333333333333
mr1_single_net-net_loss_single-k8s-v2-formal-r1-20260817213214,s02,single,1,catalog-gw,RCD_seed0,full,review-query,review-query,0.0,0.0,0.0,0.0,0.0,0.0,0.0,0.0,0.0,0.0,0.0,0.0,0.0,0.0
mr1_single_net-net_loss_single-k8s-v2-formal-r1-20260817213214,s02,single,1,catalog-gw,RCD_seed1,full,review-query,review-query,0.0,0.0,0.0,0.0,0.0,0.0,0.0,0.0,0.0,0.0,0.0,0.0,0.0,0.0
mr1_single_net-net_loss_single-k8s-v2-formal-r1-20260817213214,s02,single,1,catalog-gw,RCD_seed2,full,review-query,review-query,0.0,0.0,0.0,0.0,0.0,0.0,0.0,0.0,0.0,0.0,0.0,0.0,0.0,0.0
mr1_single_net-net_loss_single-k8s-v2-formal-r1-20260817213214,s02,single,1,catalog-gw,RCD_seed3,full,review-query,review-query,0.0,0.0,0.0,0.0,0.0,0.0,0.0,0.0,0.0,0.0,0.0,0.0,0.0,0.0
mr1_single_net-net_loss_single-k8s-v2-formal-r1-20260817213214,s02,single,1,catalog-gw,RCD_seed4,full,review-query,review-query,0.0,0.0,0.0,0.0,0.0,0.0,0.0,0.0,0.0,0.0,0.0,0.0,0.0,0.0
mr1_single_net-net_loss_single-k8s-v2-formal-r1-20260817213214,s02,single,1,catalog-gw,delta_ratio,full,checkout,checkout;pricing;catalog-gw;cart;catalog,0.0,1.0,1.0,0.0,0.0,1.0,1.0,0.0,0.5,0.5,0.0,1.0,1.0,0.3333333333333333
mr1_single_net-net_loss_single-k8s-v2-formal-r1-20260817213214,s02,single,1,catalog-gw,delta_z,full,checkout,checkout;pricing;review-query;user;sasrec,0.0,0.0,0.0,0.0,0.0,0.0,0.0,0.0,0.0,0.0,0.0,0.0,0.0,0.14285714285714285
mr1_single_net-net_loss_single-k8s-v2-formal-r1-20260817213214,s02,single,1,catalog-gw,BARO,resource,catalog-gw,catalog-gw;order;user;sasrec;catalog,1.0,1.0,1.0,1.0,1.0,1.0,1.0,1.0,1.0,1.0,1.0,1.0,1.0,1.0
mr1_single_net-net_loss_single-k8s-v2-formal-r1-20260817213214,s02,single,1,catalog-gw,RCD_seed0,resource,review-query,review-query,0.0,0.0,0.0,0.0,0.0,0.0,0.0,0.0,0.0,0.0,0.0,0.0,0.0,0.0
mr1_single_net-net_loss_single-k8s-v2-formal-r1-20260817213214,s02,single,1,catalog-gw,RCD_seed1,resource,review-query,review-query,0.0,0.0,0.0,0.0,0.0,0.0,0.0,0.0,0.0,0.0,0.0,0.0,0.0,0.0
mr1_single_net-net_loss_single-k8s-v2-formal-r1-20260817213214,s02,single,1,catalog-gw,RCD_seed2,resource,review-query,review-query,0.0,0.0,0.0,0.0,0.0,0.0,0.0,0.0,0.0,0.0,0.0,0.0,0.0,0.0
mr1_single_net-net_loss_single-k8s-v2-formal-r1-20260817213214,s02,single,1,catalog-gw,RCD_seed3,resource,review-query,review-query,0.0,0.0,0.0,0.0,0.0,0.0,0.0,0.0,0.0,0.0,0.0,0.0,0.0,0.0
mr1_single_net-net_loss_single-k8s-v2-formal-r1-20260817213214,s02,single,1,catalog-gw,RCD_seed4,resource,review-query,review-query,0.0,0.0,0.0,0.0,0.0,0.0,0.0,0.0,0.0,0.0,0.0,0.0,0.0,0.0
mr1_single_net-net_loss_single-k8s-v2-formal-r1-20260817213214,s02,single,1,catalog-gw,delta_ratio,resource,catalog-gw,catalog-gw;catalog;pricing;host;checkout,1.0,1.0,1.0,1.0,1.0,1.0,1.0,1.0,1.0,1.0,1.0,1.0,1.0,1.0
mr1_single_net-net_loss_single-k8s-v2-formal-r1-20260817213214,s02,single,1,catalog-gw,delta_z,resource,review-query,review-query;user;sasrec;host;catalog-gw,0.0,0.0,1.0,0.0,0.0,0.0,1.0,0.0,0.0,0.38685280723454163,0.0,0.0,1.0,0.2
mr1_single_lif-pod_failure_single-k8s-v2-formal-r1-20260817213543,s19,single,1,search,BARO,full,inventory,inventory;search;sasrec;rec-agent;order,0.0,1.0,1.0,0.0,0.0,1.0,1.0,0.0,0.6309297535714575,0.6309297535714575,0.0,1.0,1.0,0.5
mr1_single_lif-pod_failure_single-k8s-v2-formal-r1-20260817213543,s19,single,1,search,RCD_seed0,full,review-query,review-query;inventory,0.0,0.0,0.0,0.0,0.0,0.0,0.0,0.0,0.0,0.0,0.0,0.0,0.0,0.0
mr1_single_lif-pod_failure_single-k8s-v2-formal-r1-20260817213543,s19,single,1,search,RCD_seed1,full,catalog-gw,catalog-gw,0.0,0.0,0.0,0.0,0.0,0.0,0.0,0.0,0.0,0.0,0.0,0.0,0.0,0.0
mr1_single_lif-pod_failure_single-k8s-v2-formal-r1-20260817213543,s19,single,1,search,RCD_seed2,full,checkout,checkout;catalog,0.0,0.0,0.0,0.0,0.0,0.0,0.0,0.0,0.0,0.0,0.0,0.0,0.0,0.0
mr1_single_lif-pod_failure_single-k8s-v2-formal-r1-20260817213543,s19,single,1,search,RCD_seed3,full,catalog,catalog;cart,0.0,0.0,0.0,0.0,0.0,0.0,0.0,0.0,0.0,0.0,0.0,0.0,0.0,0.0
mr1_single_lif-pod_failure_single-k8s-v2-formal-r1-20260817213543,s19,single,1,search,RCD_seed4,full,user,user;cart,0.0,0.0,0.0,0.0,0.0,0.0,0.0,0.0,0.0,0.0,0.0,0.0,0.0,0.0
mr1_single_lif-pod_failure_single-k8s-v2-formal-r1-20260817213543,s19,single,1,search,delta_ratio,full,search,search;cart;order;catalog-gw;review-query,1.0,1.0,1.0,1.0,1.0,1.0,1.0,1.0,1.0,1.0,1.0,1.0,1.0,1.0
mr1_single_lif-pod_failure_single-k8s-v2-formal-r1-20260817213543,s19,single,1,search,delta_z,full,search,search;backend;mysql;pricing;cart,1.0,1.0,1.0,1.0,1.0,1.0,1.0,1.0,1.0,1.0,1.0,1.0,1.0,1.0
mr1_single_lif-pod_failure_single-k8s-v2-formal-r1-20260817213543,s19,single,1,search,BARO,resource,inventory,inventory;search;order;pricing;checkout,0.0,1.0,1.0,0.0,0.0,1.0,1.0,0.0,0.6309297535714575,0.6309297535714575,0.0,1.0,1.0,0.5
mr1_single_lif-pod_failure_single-k8s-v2-formal-r1-20260817213543,s19,single,1,search,RCD_seed0,resource,backend,backend;mysql;host,0.0,0.0,0.0,0.0,0.0,0.0,0.0,0.0,0.0,0.0,0.0,0.0,0.0,0.0
mr1_single_lif-pod_failure_single-k8s-v2-formal-r1-20260817213543,s19,single,1,search,RCD_seed1,resource,user,user;sasrec,0.0,0.0,0.0,0.0,0.0,0.0,0.0,0.0,0.0,0.0,0.0,0.0,0.0,0.0
mr1_single_lif-pod_failure_single-k8s-v2-formal-r1-20260817213543,s19,single,1,search,RCD_seed2,resource,inventory,inventory,0.0,0.0,0.0,0.0,0.0,0.0,0.0,0.0,0.0,0.0,0.0,0.0,0.0,0.0
mr1_single_lif-pod_failure_single-k8s-v2-formal-r1-20260817213543,s19,single,1,search,RCD_seed3,resource,sasrec,sasrec;review-query;catalog,0.0,0.0,0.0,0.0,0.0,0.0,0.0,0.0,0.0,0.0,0.0,0.0,0.0,0.0
mr1_single_lif-pod_failure_single-k8s-v2-formal-r1-20260817213543,s19,single,1,search,RCD_seed4,resource,review-query,review-query;inventory;catalog,0.0,0.0,0.0,0.0,0.0,0.0,0.0,0.0,0.0,0.0,0.0,0.0,0.0,0.0
mr1_single_lif-pod_failure_single-k8s-v2-formal-r1-20260817213543,s19,single,1,search,delta_ratio,resource,search,search;catalog-gw;catalog;inventory;review-query,1.0,1.0,1.0,1.0,1.0,1.0,1.0,1.0,1.0,1.0,1.0,1.0,1.0,1.0
mr1_single_lif-pod_failure_single-k8s-v2-formal-r1-20260817213543,s19,single,1,search,delta_z,resource,search,search;mysql;pricing;cart;sasrec,1.0,1.0,1.0,1.0,1.0,1.0,1.0,1.0,1.0,1.0,1.0,1.0,1.0,1.0
mr1_single_res-service_cpu_single-k8s-v2-formal-r1-20260817213822,s11,single,1,review-query,BARO,full,inventory,inventory;cart;review-query;host;catalog-gw,0.0,1.0,1.0,0.0,0.0,1.0,1.0,0.0,0.5,0.5,0.0,1.0,1.0,0.3333333333333333
mr1_single_res-service_cpu_single-k8s-v2-formal-r1-20260817213822,s11,single,1,review-query,RCD_seed0,full,catalog-gw,catalog-gw;pricing,0.0,0.0,0.0,0.0,0.0,0.0,0.0,0.0,0.0,0.0,0.0,0.0,0.0,0.0
mr1_single_res-service_cpu_single-k8s-v2-formal-r1-20260817213822,s11,single,1,review-query,RCD_seed1,full,review-query,review-query;inventory,1.0,1.0,1.0,1.0,1.0,1.0,1.0,1.0,1.0,1.0,1.0,1.0,1.0,1.0
mr1_single_res-service_cpu_single-k8s-v2-formal-r1-20260817213822,s11,single,1,review-query,RCD_seed2,full,checkout,checkout;pricing,0.0,0.0,0.0,0.0,0.0,0.0,0.0,0.0,0.0,0.0,0.0,0.0,0.0,0.0
mr1_single_res-service_cpu_single-k8s-v2-formal-r1-20260817213822,s11,single,1,review-query,RCD_seed3,full,pricing,pricing;checkout,0.0,0.0,0.0,0.0,0.0,0.0,0.0,0.0,0.0,0.0,0.0,0.0,0.0,0.0
mr1_single_res-service_cpu_single-k8s-v2-formal-r1-20260817213822,s11,single,1,review-query,RCD_seed4,full,search,search;catalog,0.0,0.0,0.0,0.0,0.0,0.0,0.0,0.0,0.0,0.0,0.0,0.0,0.0,0.0
mr1_single_res-service_cpu_single-k8s-v2-formal-r1-20260817213822,s11,single,1,review-query,delta_ratio,full,review-query,review-query;host;user;mysql;catalog-gw,1.0,1.0,1.0,1.0,1.0,1.0,1.0,1.0,1.0,1.0,1.0,1.0,1.0,1.0
mr1_single_res-service_cpu_single-k8s-v2-formal-r1-20260817213822,s11,single,1,review-query,delta_z,full,review-query,review-query;search;backend;catalog-gw;pricing,1.0,1.0,1.0,1.0,1.0,1.0,1.0,1.0,1.0,1.0,1.0,1.0,1.0,1.0
mr1_single_res-service_cpu_single-k8s-v2-formal-r1-20260817213822,s11,single,1,review-query,BARO,resource,review-query,review-query;host;catalog-gw;catalog;order,1.0,1.0,1.0,1.0,1.0,1.0,1.0,1.0,1.0,1.0,1.0,1.0,1.0,1.0
mr1_single_res-service_cpu_single-k8s-v2-formal-r1-20260817213822,s11,single,1,review-query,RCD_seed0,resource,catalog-gw,catalog-gw,0.0,0.0,0.0,0.0,0.0,0.0,0.0,0.0,0.0,0.0,0.0,0.0,0.0,0.0
mr1_single_res-service_cpu_single-k8s-v2-formal-r1-20260817213822,s11,single,1,review-query,RCD_seed1,resource,inventory,inventory;pricing,0.0,0.0,0.0,0.0,0.0,0.0,0.0,0.0,0.0,0.0,0.0,0.0,0.0,0.0
mr1_single_res-service_cpu_single-k8s-v2-formal-r1-20260817213822,s11,single,1,review-query,RCD_seed2,resource,checkout,checkout;search,0.0,0.0,0.0,0.0,0.0,0.0,0.0,0.0,0.0,0.0,0.0,0.0,0.0,0.0
mr1_single_res-service_cpu_single-k8s-v2-formal-r1-20260817213822,s11,single,1,review-query,RCD_seed3,resource,backend,backend;catalog,0.0,0.0,0.0,0.0,0.0,0.0,0.0,0.0,0.0,0.0,0.0,0.0,0.0,0.0
mr1_single_res-service_cpu_single-k8s-v2-formal-r1-20260817213822,s11,single,1,review-query,RCD_seed4,resource,search,search;catalog,0.0,0.0,0.0,0.0,0.0,0.0,0.0,0.0,0.0,0.0,0.0,0.0,0.0,0.0
mr1_single_res-service_cpu_single-k8s-v2-formal-r1-20260817213822,s11,single,1,review-query,delta_ratio,resource,review-query,review-query;host;mysql;catalog-gw;backend,1.0,1.0,1.0,1.0,1.0,1.0,1.0,1.0,1.0,1.0,1.0,1.0,1.0,1.0
mr1_single_res-service_cpu_single-k8s-v2-formal-r1-20260817213822,s11,single,1,review-query,delta_z,resource,review-query,review-query;search;backend;catalog-gw;pricing,1.0,1.0,1.0,1.0,1.0,1.0,1.0,1.0,1.0,1.0,1.0,1.0,1.0,1.0
mr2_intra_res-recagent_cpu_x_backend_cpu-k8s-v2-formal-r1-20260817215238,d20,dual,2,rec-agent;backend,BARO,full,rec-agent,rec-agent;sasrec;backend;catalog-gw;host,1.0,1.0,1.0,0.5,0.0,1.0,1.0,1.0,0.9197207891481876,0.9197207891481876,0.5,1.0,1.0,0.6666666666666666
mr2_intra_res-recagent_cpu_x_backend_cpu-k8s-v2-formal-r1-20260817215238,d20,dual,2,rec-agent;backend,RCD_seed0,full,sasrec,sasrec,0.0,0.0,0.0,0.0,0.0,0.0,0.0,0.0,0.0,0.0,0.0,0.0,0.0,0.0
mr2_intra_res-recagent_cpu_x_backend_cpu-k8s-v2-formal-r1-20260817215238,d20,dual,2,rec-agent;backend,RCD_seed1,full,sasrec,sasrec,0.0,0.0,0.0,0.0,0.0,0.0,0.0,0.0,0.0,0.0,0.0,0.0,0.0,0.0
mr2_intra_res-recagent_cpu_x_backend_cpu-k8s-v2-formal-r1-20260817215238,d20,dual,2,rec-agent;backend,RCD_seed2,full,sasrec,sasrec,0.0,0.0,0.0,0.0,0.0,0.0,0.0,0.0,0.0,0.0,0.0,0.0,0.0,0.0
mr2_intra_res-recagent_cpu_x_backend_cpu-k8s-v2-formal-r1-20260817215238,d20,dual,2,rec-agent;backend,RCD_seed3,full,sasrec,sasrec,0.0,0.0,0.0,0.0,0.0,0.0,0.0,0.0,0.0,0.0,0.0,0.0,0.0,0.0
mr2_intra_res-recagent_cpu_x_backend_cpu-k8s-v2-formal-r1-20260817215238,d20,dual,2,rec-agent;backend,RCD_seed4,full,sasrec,sasrec,0.0,0.0,0.0,0.0,0.0,0.0,0.0,0.0,0.0,0.0,0.0,0.0,0.0,0.0
mr2_intra_res-recagent_cpu_x_backend_cpu-k8s-v2-formal-r1-20260817215238,d20,dual,2,rec-agent;backend,delta_ratio,full,rec-agent,rec-agent;backend;host;mysql;user,1.0,1.0,1.0,1.0,0.0,1.0,1.0,1.0,1.0,1.0,0.5,1.0,1.0,0.75
mr2_intra_res-recagent_cpu_x_backend_cpu-k8s-v2-formal-r1-20260817215238,d20,dual,2,rec-agent;backend,delta_z,full,rec-agent,rec-agent;backend;host;user;sasrec,1.0,1.0,1.0,1.0,0.0,1.0,1.0,1.0,1.0,1.0,0.5,1.0,1.0,0.75
mr2_intra_res-recagent_cpu_x_backend_cpu-k8s-v2-formal-r1-20260817215238,d20,dual,2,rec-agent;backend,BARO,resource,backend,backend;catalog-gw;host;rec-agent;catalog,1.0,1.0,1.0,0.5,0.0,0.0,1.0,1.0,0.6131471927654584,0.8772153153380493,0.5,0.5,1.0,0.625
mr2_intra_res-recagent_cpu_x_backend_cpu-k8s-v2-formal-r1-20260817215238,d20,dual,2,rec-agent;backend,RCD_seed0,resource,sasrec,sasrec,0.0,0.0,0.0,0.0,0.0,0.0,0.0,0.0,0.0,0.0,0.0,0.0,0.0,0.0
mr2_intra_res-recagent_cpu_x_backend_cpu-k8s-v2-formal-r1-20260817215238,d20,dual,2,rec-agent;backend,RCD_seed1,resource,sasrec,sasrec,0.0,0.0,0.0,0.0,0.0,0.0,0.0,0.0,0.0,0.0,0.0,0.0,0.0,0.0
mr2_intra_res-recagent_cpu_x_backend_cpu-k8s-v2-formal-r1-20260817215238,d20,dual,2,rec-agent;backend,RCD_seed2,resource,sasrec,sasrec,0.0,0.0,0.0,0.0,0.0,0.0,0.0,0.0,0.0,0.0,0.0,0.0,0.0,0.0
mr2_intra_res-recagent_cpu_x_backend_cpu-k8s-v2-formal-r1-20260817215238,d20,dual,2,rec-agent;backend,RCD_seed3,resource,sasrec,sasrec,0.0,0.0,0.0,0.0,0.0,0.0,0.0,0.0,0.0,0.0,0.0,0.0,0.0,0.0
mr2_intra_res-recagent_cpu_x_backend_cpu-k8s-v2-formal-r1-20260817215238,d20,dual,2,rec-agent;backend,RCD_seed4,resource,sasrec,sasrec,0.0,0.0,0.0,0.0,0.0,0.0,0.0,0.0,0.0,0.0,0.0,0.0,0.0,0.0
mr2_intra_res-recagent_cpu_x_backend_cpu-k8s-v2-formal-r1-20260817215238,d20,dual,2,rec-agent;backend,delta_ratio,resource,rec-agent,rec-agent;backend;host;mysql;review-query,1.0,1.0,1.0,1.0,0.0,1.0,1.0,1.0,1.0,1.0,0.5,1.0,1.0,0.75
mr2_intra_res-recagent_cpu_x_backend_cpu-k8s-v2-formal-r1-20260817215238,d20,dual,2,rec-agent;backend,delta_z,resource,rec-agent,rec-agent;backend;host;sasrec;catalog-gw,1.0,1.0,1.0,1.0,0.0,1.0,1.0,1.0,1.0,1.0,0.5,1.0,1.0,0.75
mr1_single_lif-pod_failure_single-k8s-v2-formal-r1-20260817215608,s03,single,1,catalog,BARO,full,checkout,checkout;pricing;catalog;review-query;order,0.0,1.0,1.0,0.0,0.0,1.0,1.0,0.0,0.5,0.5,0.0,1.0,1.0,0.3333333333333333
mr1_single_lif-pod_failure_single-k8s-v2-formal-r1-20260817215608,s03,single,1,catalog,RCD_seed0,full,cart,cart,0.0,0.0,0.0,0.0,0.0,0.0,0.0,0.0,0.0,0.0,0.0,0.0,0.0,0.0
mr1_single_lif-pod_failure_single-k8s-v2-formal-r1-20260817215608,s03,single,1,catalog,RCD_seed1,full,review-query,review-query;catalog,0.0,1.0,1.0,0.0,0.0,1.0,1.0,0.0,0.6309297535714575,0.6309297535714575,0.0,1.0,1.0,0.5
mr1_single_lif-pod_failure_single-k8s-v2-formal-r1-20260817215608,s03,single,1,catalog,RCD_seed2,full,cart,cart;backend,0.0,0.0,0.0,0.0,0.0,0.0,0.0,0.0,0.0,0.0,0.0,0.0,0.0,0.0
mr1_single_lif-pod_failure_single-k8s-v2-formal-r1-20260817215608,s03,single,1,catalog,RCD_seed3,full,catalog-gw,catalog-gw;search,0.0,0.0,0.0,0.0,0.0,0.0,0.0,0.0,0.0,0.0,0.0,0.0,0.0,0.0
mr1_single_lif-pod_failure_single-k8s-v2-formal-r1-20260817215608,s03,single,1,catalog,RCD_seed4,full,review-query,review-query;catalog,0.0,1.0,1.0,0.0,0.0,1.0,1.0,0.0,0.6309297535714575,0.6309297535714575,0.0,1.0,1.0,0.5
mr1_single_lif-pod_failure_single-k8s-v2-formal-r1-20260817215608,s03,single,1,catalog,delta_ratio,full,pricing,pricing;catalog;checkout;cart;search,0.0,1.0,1.0,0.0,0.0,1.0,1.0,0.0,0.6309297535714575,0.6309297535714575,0.0,1.0,1.0,0.5
mr1_single_lif-pod_failure_single-k8s-v2-formal-r1-20260817215608,s03,single,1,catalog,delta_z,full,catalog,catalog;pricing;checkout;search;order,1.0,1.0,1.0,1.0,1.0,1.0,1.0,1.0,1.0,1.0,1.0,1.0,1.0,1.0
mr1_single_lif-pod_failure_single-k8s-v2-formal-r1-20260817215608,s03,single,1,catalog,BARO,resource,pricing,pricing;catalog;review-query;order;search,0.0,1.0,1.0,0.0,0.0,1.0,1.0,0.0,0.6309297535714575,0.6309297535714575,0.0,1.0,1.0,0.5
mr1_single_lif-pod_failure_single-k8s-v2-formal-r1-20260817215608,s03,single,1,catalog,RCD_seed0,resource,catalog,catalog;cart,1.0,1.0,1.0,1.0,1.0,1.0,1.0,1.0,1.0,1.0,1.0,1.0,1.0,1.0
mr1_single_lif-pod_failure_single-k8s-v2-formal-r1-20260817215608,s03,single,1,catalog,RCD_seed1,resource,host,host;cart,0.0,0.0,0.0,0.0,0.0,0.0,0.0,0.0,0.0,0.0,0.0,0.0,0.0,0.0
mr1_single_lif-pod_failure_single-k8s-v2-formal-r1-20260817215608,s03,single,1,catalog,RCD_seed2,resource,backend,backend;catalog,0.0,1.0,1.0,0.0,0.0,1.0,1.0,0.0,0.6309297535714575,0.6309297535714575,0.0,1.0,1.0,0.5
mr1_single_lif-pod_failure_single-k8s-v2-formal-r1-20260817215608,s03,single,1,catalog,RCD_seed3,resource,backend,backend;catalog;search,0.0,1.0,1.0,0.0,0.0,1.0,1.0,0.0,0.6309297535714575,0.6309297535714575,0.0,1.0,1.0,0.5
mr1_single_lif-pod_failure_single-k8s-v2-formal-r1-20260817215608,s03,single,1,catalog,RCD_seed4,resource,catalog,catalog;backend,1.0,1.0,1.0,1.0,1.0,1.0,1.0,1.0,1.0,1.0,1.0,1.0,1.0,1.0
mr1_single_lif-pod_failure_single-k8s-v2-formal-r1-20260817215608,s03,single,1,catalog,delta_ratio,resource,catalog,catalog;catalog-gw;checkout;search;host,1.0,1.0,1.0,1.0,1.0,1.0,1.0,1.0,1.0,1.0,1.0,1.0,1.0,1.0
mr1_single_lif-pod_failure_single-k8s-v2-formal-r1-20260817215608,s03,single,1,catalog,delta_z,resource,catalog,catalog;search;order;cart;user,1.0,1.0,1.0,1.0,1.0,1.0,1.0,1.0,1.0,1.0,1.0,1.0,1.0,1.0
mr2_cross_lif-checkout_podfail_x_inv_latency-k8s-v2-formal-r1-20260817221743,d17,dual,2,checkout;inventory,BARO,full,inventory,inventory;checkout;backend;catalog-gw;pricing,1.0,1.0,1.0,1.0,0.0,1.0,1.0,1.0,1.0,1.0,0.5,1.0,1.0,0.75
mr2_cross_lif-checkout_podfail_x_inv_latency-k8s-v2-formal-r1-20260817221743,d17,dual,2,checkout;inventory,RCD_seed0,full,backend,backend;user;catalog;review-query;cart,0.0,0.0,0.0,0.0,0.0,0.0,0.0,0.0,0.0,0.0,0.0,0.0,0.0,0.0
mr2_cross_lif-checkout_podfail_x_inv_latency-k8s-v2-formal-r1-20260817221743,d17,dual,2,checkout;inventory,RCD_seed1,full,catalog,catalog;backend;user;review-query;cart,0.0,0.0,0.0,0.0,0.0,0.0,0.0,0.0,0.0,0.0,0.0,0.0,0.0,0.0
mr2_cross_lif-checkout_podfail_x_inv_latency-k8s-v2-formal-r1-20260817221743,d17,dual,2,checkout;inventory,RCD_seed2,full,backend,backend;review-query;user;catalog;cart,0.0,0.0,0.0,0.0,0.0,0.0,0.0,0.0,0.0,0.0,0.0,0.0,0.0,0.0
mr2_cross_lif-checkout_podfail_x_inv_latency-k8s-v2-formal-r1-20260817221743,d17,dual,2,checkout;inventory,RCD_seed3,full,backend,backend;user;review-query;catalog;pricing,0.0,0.0,0.0,0.0,0.0,0.0,0.0,0.0,0.0,0.0,0.0,0.0,0.0,0.0
mr2_cross_lif-checkout_podfail_x_inv_latency-k8s-v2-formal-r1-20260817221743,d17,dual,2,checkout;inventory,RCD_seed4,full,backend,backend;review-query;cart;catalog,0.0,0.0,0.0,0.0,0.0,0.0,0.0,0.0,0.0,0.0,0.0,0.0,0.0,0.0
mr2_cross_lif-checkout_podfail_x_inv_latency-k8s-v2-formal-r1-20260817221743,d17,dual,2,checkout;inventory,delta_ratio,full,inventory,inventory;checkout;mysql;catalog;sasrec,1.0,1.0,1.0,1.0,0.0,1.0,1.0,1.0,1.0,1.0,0.5,1.0,1.0,0.75
mr2_cross_lif-checkout_podfail_x_inv_latency-k8s-v2-formal-r1-20260817221743,d17,dual,2,checkout;inventory,delta_z,full,checkout,checkout;inventory;mysql;host;backend,1.0,1.0,1.0,1.0,0.0,1.0,1.0,1.0,1.0,1.0,0.5,1.0,1.0,0.75
mr2_cross_lif-checkout_podfail_x_inv_latency-k8s-v2-formal-r1-20260817221743,d17,dual,2,checkout;inventory,BARO,resource,checkout,checkout;inventory;catalog-gw;review-query;catalog,1.0,1.0,1.0,1.0,0.0,1.0,1.0,1.0,1.0,1.0,0.5,1.0,1.0,0.75
mr2_cross_lif-checkout_podfail_x_inv_latency-k8s-v2-formal-r1-20260817221743,d17,dual,2,checkout;inventory,RCD_seed0,resource,backend,backend;cart;order;user;review-query,0.0,0.0,0.0,0.0,0.0,0.0,0.0,0.0,0.0,0.0,0.0,0.0,0.0,0.0
mr2_cross_lif-checkout_podfail_x_inv_latency-k8s-v2-formal-r1-20260817221743,d17,dual,2,checkout;inventory,RCD_seed1,resource,backend,backend;review-query;pricing;cart;catalog,0.0,0.0,0.0,0.0,0.0,0.0,0.0,0.0,0.0,0.0,0.0,0.0,0.0,0.0
mr2_cross_lif-checkout_podfail_x_inv_latency-k8s-v2-formal-r1-20260817221743,d17,dual,2,checkout;inventory,RCD_seed2,resource,catalog,catalog;backend;review-query;cart;pricing,0.0,0.0,0.0,0.0,0.0,0.0,0.0,0.0,0.0,0.0,0.0,0.0,0.0,0.0
mr2_cross_lif-checkout_podfail_x_inv_latency-k8s-v2-formal-r1-20260817221743,d17,dual,2,checkout;inventory,RCD_seed3,resource,backend,backend;user;review-query;cart,0.0,0.0,0.0,0.0,0.0,0.0,0.0,0.0,0.0,0.0,0.0,0.0,0.0,0.0
mr2_cross_lif-checkout_podfail_x_inv_latency-k8s-v2-formal-r1-20260817221743,d17,dual,2,checkout;inventory,RCD_seed4,resource,backend,backend;user;cart;order,0.0,0.0,0.0,0.0,0.0,0.0,0.0,0.0,0.0,0.0,0.0,0.0,0.0,0.0
mr2_cross_lif-checkout_podfail_x_inv_latency-k8s-v2-formal-r1-20260817221743,d17,dual,2,checkout;inventory,delta_ratio,resource,mysql,mysql;checkout;inventory;host;backend,0.0,1.0,1.0,0.5,0.0,1.0,1.0,0.0,0.6934264036172708,0.6934264036172708,0.0,1.0,1.0,0.41666666666666663
mr2_cross_lif-checkout_podfail_x_inv_latency-k8s-v2-formal-r1-20260817221743,d17,dual,2,checkout;inventory,delta_z,resource,checkout,checkout;inventory;mysql;host;sasrec,1.0,1.0,1.0,1.0,0.0,1.0,1.0,1.0,1.0,1.0,0.5,1.0,1.0,0.75
mr2_cross_res-catalog_latency_x_svc_cpu-k8s-v2-formal-r1-20260817222520,d15,single,1,catalog,BARO,full,catalog,catalog;checkout;pricing;review-query;search,1.0,1.0,1.0,1.0,1.0,1.0,1.0,1.0,1.0,1.0,1.0,1.0,1.0,1.0
mr2_cross_res-catalog_latency_x_svc_cpu-k8s-v2-formal-r1-20260817222520,d15,single,1,catalog,RCD_seed0,full,sasrec,sasrec;pricing,0.0,0.0,0.0,0.0,0.0,0.0,0.0,0.0,0.0,0.0,0.0,0.0,0.0,0.0
mr2_cross_res-catalog_latency_x_svc_cpu-k8s-v2-formal-r1-20260817222520,d15,single,1,catalog,RCD_seed1,full,pricing,pricing;sasrec,0.0,0.0,0.0,0.0,0.0,0.0,0.0,0.0,0.0,0.0,0.0,0.0,0.0,0.0
mr2_cross_res-catalog_latency_x_svc_cpu-k8s-v2-formal-r1-20260817222520,d15,single,1,catalog,RCD_seed2,full,checkout,checkout;catalog;pricing;host,0.0,1.0,1.0,0.0,0.0,1.0,1.0,0.0,0.6309297535714575,0.6309297535714575,0.0,1.0,1.0,0.5
mr2_cross_res-catalog_latency_x_svc_cpu-k8s-v2-formal-r1-20260817222520,d15,single,1,catalog,RCD_seed3,full,pricing,pricing;sasrec;catalog;search,0.0,1.0,1.0,0.0,0.0,1.0,1.0,0.0,0.5,0.5,0.0,1.0,1.0,0.3333333333333333
mr2_cross_res-catalog_latency_x_svc_cpu-k8s-v2-formal-r1-20260817222520,d15,single,1,catalog,RCD_seed4,full,sasrec,sasrec;pricing;checkout;catalog,0.0,0.0,1.0,0.0,0.0,0.0,1.0,0.0,0.0,0.43067655807339306,0.0,0.0,1.0,0.25
mr2_cross_res-catalog_latency_x_svc_cpu-k8s-v2-formal-r1-20260817222520,d15,single,1,catalog,delta_ratio,full,catalog,catalog;host;search;review-query;pricing,1.0,1.0,1.0,1.0,1.0,1.0,1.0,1.0,1.0,1.0,1.0,1.0,1.0,1.0
mr2_cross_res-catalog_latency_x_svc_cpu-k8s-v2-formal-r1-20260817222520,d15,single,1,catalog,delta_z,full,catalog,catalog;host;search;checkout;pricing,1.0,1.0,1.0,1.0,1.0,1.0,1.0,1.0,1.0,1.0,1.0,1.0,1.0,1.0
mr2_cross_res-catalog_latency_x_svc_cpu-k8s-v2-formal-r1-20260817222520,d15,single,1,catalog,BARO,resource,catalog,catalog;user;host;catalog-gw;pricing,1.0,1.0,1.0,1.0,1.0,1.0,1.0,1.0,1.0,1.0,1.0,1.0,1.0,1.0
mr2_cross_res-catalog_latency_x_svc_cpu-k8s-v2-formal-r1-20260817222520,d15,single,1,catalog,RCD_seed0,resource,host,host;catalog;sasrec,0.0,1.0,1.0,0.0,0.0,1.0,1.0,0.0,0.6309297535714575,0.6309297535714575,0.0,1.0,1.0,0.5
mr2_cross_res-catalog_latency_x_svc_cpu-k8s-v2-formal-r1-20260817222520,d15,single,1,catalog,RCD_seed1,resource,host,host,0.0,0.0,0.0,0.0,0.0,0.0,0.0,0.0,0.0,0.0,0.0,0.0,0.0,0.0
mr2_cross_res-catalog_latency_x_svc_cpu-k8s-v2-formal-r1-20260817222520,d15,single,1,catalog,RCD_seed2,resource,inventory,inventory;catalog,0.0,1.0,1.0,0.0,0.0,1.0,1.0,0.0,0.6309297535714575,0.6309297535714575,0.0,1.0,1.0,0.5
mr2_cross_res-catalog_latency_x_svc_cpu-k8s-v2-formal-r1-20260817222520,d15,single,1,catalog,RCD_seed3,resource,catalog,catalog;sasrec,1.0,1.0,1.0,1.0,1.0,1.0,1.0,1.0,1.0,1.0,1.0,1.0,1.0,1.0
mr2_cross_res-catalog_latency_x_svc_cpu-k8s-v2-formal-r1-20260817222520,d15,single,1,catalog,RCD_seed4,resource,host,host,0.0,0.0,0.0,0.0,0.0,0.0,0.0,0.0,0.0,0.0,0.0,0.0,0.0,0.0
mr2_cross_res-catalog_latency_x_svc_cpu-k8s-v2-formal-r1-20260817222520,d15,single,1,catalog,delta_ratio,resource,catalog,catalog;host;search;catalog-gw;checkout,1.0,1.0,1.0,1.0,1.0,1.0,1.0,1.0,1.0,1.0,1.0,1.0,1.0,1.0
mr2_cross_res-catalog_latency_x_svc_cpu-k8s-v2-formal-r1-20260817222520,d15,single,1,catalog,delta_z,resource,catalog,catalog;host;sasrec;catalog-gw;user,1.0,1.0,1.0,1.0,1.0,1.0,1.0,1.0,1.0,1.0,1.0,1.0,1.0,1.0
mr2_cross_dependency-net_delay_x_inv_latency-k8s-v2-formal-r1-20260817224241,d07,dual,2,inventory;catalog-gw,BARO,full,inventory,inventory;checkout;pricing;user;rec-agent,1.0,1.0,1.0,0.5,0.0,0.0,0.0,1.0,0.6131471927654584,0.6131471927654584,0.5,0.5,0.5,0.5714285714285714
mr2_cross_dependency-net_delay_x_inv_latency-k8s-v2-formal-r1-20260817224241,d07,dual,2,inventory;catalog-gw,RCD_seed0,full,inventory,inventory,1.0,1.0,1.0,0.5,0.0,0.0,0.0,1.0,0.6131471927654584,0.6131471927654584,0.5,0.5,0.5,0.5
mr2_cross_dependency-net_delay_x_inv_latency-k8s-v2-formal-r1-20260817224241,d07,dual,2,inventory;catalog-gw,RCD_seed1,full,inventory,inventory,1.0,1.0,1.0,0.5,0.0,0.0,0.0,1.0,0.6131471927654584,0.6131471927654584,0.5,0.5,0.5,0.5
mr2_cross_dependency-net_delay_x_inv_latency-k8s-v2-formal-r1-20260817224241,d07,dual,2,inventory;catalog-gw,RCD_seed2,full,inventory,inventory,1.0,1.0,1.0,0.5,0.0,0.0,0.0,1.0,0.6131471927654584,0.6131471927654584,0.5,0.5,0.5,0.5
mr2_cross_dependency-net_delay_x_inv_latency-k8s-v2-formal-r1-20260817224241,d07,dual,2,inventory;catalog-gw,RCD_seed3,full,sasrec,sasrec;inventory,0.0,1.0,1.0,0.5,0.0,0.0,0.0,0.0,0.38685280723454163,0.38685280723454163,0.0,0.5,0.5,0.25
mr2_cross_dependency-net_delay_x_inv_latency-k8s-v2-formal-r1-20260817224241,d07,dual,2,inventory;catalog-gw,RCD_seed4,full,inventory,inventory,1.0,1.0,1.0,0.5,0.0,0.0,0.0,1.0,0.6131471927654584,0.6131471927654584,0.5,0.5,0.5,0.5
mr2_cross_dependency-net_delay_x_inv_latency-k8s-v2-formal-r1-20260817224241,d07,dual,2,inventory;catalog-gw,delta_ratio,full,checkout,checkout;inventory;user;catalog;pricing,0.0,1.0,1.0,0.5,0.0,0.0,0.0,0.0,0.38685280723454163,0.38685280723454163,0.0,0.5,0.5,0.29545454545454547
mr2_cross_dependency-net_delay_x_inv_latency-k8s-v2-formal-r1-20260817224241,d07,dual,2,inventory;catalog-gw,delta_z,full,inventory,inventory;sasrec;checkout;user;host,1.0,1.0,1.0,0.5,0.0,0.0,0.0,1.0,0.6131471927654584,0.6131471927654584,0.5,0.5,0.5,0.5357142857142857
mr2_cross_dependency-net_delay_x_inv_latency-k8s-v2-formal-r1-20260817224241,d07,dual,2,inventory;catalog-gw,BARO,resource,inventory,inventory;catalog-gw;order;review-query;pricing,1.0,1.0,1.0,1.0,0.0,1.0,1.0,1.0,1.0,1.0,0.5,1.0,1.0,0.75
mr2_cross_dependency-net_delay_x_inv_latency-k8s-v2-formal-r1-20260817224241,d07,dual,2,inventory;catalog-gw,RCD_seed0,resource,sasrec,sasrec,0.0,0.0,0.0,0.0,0.0,0.0,0.0,0.0,0.0,0.0,0.0,0.0,0.0,0.0
mr2_cross_dependency-net_delay_x_inv_latency-k8s-v2-formal-r1-20260817224241,d07,dual,2,inventory;catalog-gw,RCD_seed1,resource,inventory,inventory,1.0,1.0,1.0,0.5,0.0,0.0,0.0,1.0,0.6131471927654584,0.6131471927654584,0.5,0.5,0.5,0.5
mr2_cross_dependency-net_delay_x_inv_latency-k8s-v2-formal-r1-20260817224241,d07,dual,2,inventory;catalog-gw,RCD_seed2,resource,inventory,inventory,1.0,1.0,1.0,0.5,0.0,0.0,0.0,1.0,0.6131471927654584,0.6131471927654584,0.5,0.5,0.5,0.5
mr2_cross_dependency-net_delay_x_inv_latency-k8s-v2-formal-r1-20260817224241,d07,dual,2,inventory;catalog-gw,RCD_seed3,resource,sasrec,sasrec,0.0,0.0,0.0,0.0,0.0,0.0,0.0,0.0,0.0,0.0,0.0,0.0,0.0,0.0
mr2_cross_dependency-net_delay_x_inv_latency-k8s-v2-formal-r1-20260817224241,d07,dual,2,inventory;catalog-gw,RCD_seed4,resource,inventory,inventory,1.0,1.0,1.0,0.5,0.0,0.0,0.0,1.0,0.6131471927654584,0.6131471927654584,0.5,0.5,0.5,0.5
mr2_cross_dependency-net_delay_x_inv_latency-k8s-v2-formal-r1-20260817224241,d07,dual,2,inventory;catalog-gw,delta_ratio,resource,inventory,inventory;mysql;catalog;checkout;review-query,1.0,1.0,1.0,0.5,0.0,0.0,0.0,1.0,0.6131471927654584,0.6131471927654584,0.5,0.5,0.5,0.5833333333333334
mr2_cross_dependency-net_delay_x_inv_latency-k8s-v2-formal-r1-20260817224241,d07,dual,2,inventory;catalog-gw,delta_z,resource,inventory,inventory;sasrec;host;catalog;checkout,1.0,1.0,1.0,0.5,0.0,0.0,0.0,1.0,0.6131471927654584,0.6131471927654584,0.5,0.5,0.5,0.5384615384615384
mr1_single_res-service_cpu_single-k8s-v2-formal-r1-20260817224525,s12,single,1,backend,BARO,full,backend,backend;cart;inventory;host;rec-agent,1.0,1.0,1.0,1.0,1.0,1.0,1.0,1.0,1.0,1.0,1.0,1.0,1.0,1.0
mr1_single_res-service_cpu_single-k8s-v2-formal-r1-20260817224525,s12,single,1,backend,RCD_seed0,full,order,order;backend,0.0,1.0,1.0,0.0,0.0,1.0,1.0,0.0,0.6309297535714575,0.6309297535714575,0.0,1.0,1.0,0.5
mr1_single_res-service_cpu_single-k8s-v2-formal-r1-20260817224525,s12,single,1,backend,RCD_seed1,full,sasrec,sasrec;user,0.0,0.0,0.0,0.0,0.0,0.0,0.0,0.0,0.0,0.0,0.0,0.0,0.0,0.0
mr1_single_res-service_cpu_single-k8s-v2-formal-r1-20260817224525,s12,single,1,backend,RCD_seed2,full,user,user;backend,0.0,1.0,1.0,0.0,0.0,1.0,1.0,0.0,0.6309297535714575,0.6309297535714575,0.0,1.0,1.0,0.5
mr1_single_res-service_cpu_single-k8s-v2-formal-r1-20260817224525,s12,single,1,backend,RCD_seed3,full,inventory,inventory;sasrec,0.0,0.0,0.0,0.0,0.0,0.0,0.0,0.0,0.0,0.0,0.0,0.0,0.0,0.0
mr1_single_res-service_cpu_single-k8s-v2-formal-r1-20260817224525,s12,single,1,backend,RCD_seed4,full,backend,backend,1.0,1.0,1.0,1.0,1.0,1.0,1.0,1.0,1.0,1.0,1.0,1.0,1.0,1.0
mr1_single_res-service_cpu_single-k8s-v2-formal-r1-20260817224525,s12,single,1,backend,delta_ratio,full,backend,backend;host;review-query;inventory;catalog-gw,1.0,1.0,1.0,1.0,1.0,1.0,1.0,1.0,1.0,1.0,1.0,1.0,1.0,1.0
mr1_single_res-service_cpu_single-k8s-v2-formal-r1-20260817224525,s12,single,1,backend,delta_z,full,checkout,checkout;cart;order;mysql;inventory,0.0,0.0,0.0,0.0,0.0,0.0,0.0,0.0,0.0,0.0,0.0,0.0,0.0,0.16666666666666666
mr1_single_res-service_cpu_single-k8s-v2-formal-r1-20260817224525,s12,single,1,backend,BARO,resource,backend,backend;host;mysql;review-query;search,1.0,1.0,1.0,1.0,1.0,1.0,1.0,1.0,1.0,1.0,1.0,1.0,1.0,1.0
mr1_single_res-service_cpu_single-k8s-v2-formal-r1-20260817224525,s12,single,1,backend,RCD_seed0,resource,order,order,0.0,0.0,0.0,0.0,0.0,0.0,0.0,0.0,0.0,0.0,0.0,0.0,0.0,0.0
mr1_single_res-service_cpu_single-k8s-v2-formal-r1-20260817224525,s12,single,1,backend,RCD_seed1,resource,user,user,0.0,0.0,0.0,0.0,0.0,0.0,0.0,0.0,0.0,0.0,0.0,0.0,0.0,0.0
mr1_single_res-service_cpu_single-k8s-v2-formal-r1-20260817224525,s12,single,1,backend,RCD_seed2,resource,order,order,0.0,0.0,0.0,0.0,0.0,0.0,0.0,0.0,0.0,0.0,0.0,0.0,0.0,0.0
mr1_single_res-service_cpu_single-k8s-v2-formal-r1-20260817224525,s12,single,1,backend,RCD_seed3,resource,inventory,inventory,0.0,0.0,0.0,0.0,0.0,0.0,0.0,0.0,0.0,0.0,0.0,0.0,0.0,0.0
mr1_single_res-service_cpu_single-k8s-v2-formal-r1-20260817224525,s12,single,1,backend,RCD_seed4,resource,checkout,checkout;pricing,0.0,0.0,0.0,0.0,0.0,0.0,0.0,0.0,0.0,0.0,0.0,0.0,0.0,0.0
mr1_single_res-service_cpu_single-k8s-v2-formal-r1-20260817224525,s12,single,1,backend,delta_ratio,resource,backend,backend;host;inventory;catalog-gw;catalog,1.0,1.0,1.0,1.0,1.0,1.0,1.0,1.0,1.0,1.0,1.0,1.0,1.0,1.0
mr1_single_res-service_cpu_single-k8s-v2-formal-r1-20260817224525,s12,single,1,backend,delta_z,resource,checkout,checkout;cart;order;mysql;inventory,0.0,0.0,0.0,0.0,0.0,0.0,0.0,0.0,0.0,0.0,0.0,0.0,0.0,0.16666666666666666
mr2_cross_dependency-catalog_latency_x_cfg_timeout-k8s-v2-formal-r1-20260817225125,d12,dual,2,catalog;catalog-gw,BARO,full,catalog,catalog;review-query;checkout;pricing;search,1.0,1.0,1.0,0.5,0.0,0.0,0.0,1.0,0.6131471927654584,0.6131471927654584,0.5,0.5,0.5,0.5357142857142857
mr2_cross_dependency-catalog_latency_x_cfg_timeout-k8s-v2-formal-r1-20260817225125,d12,dual,2,catalog;catalog-gw,RCD_seed0,full,order,order;checkout,0.0,0.0,0.0,0.0,0.0,0.0,0.0,0.0,0.0,0.0,0.0,0.0,0.0,0.0
mr2_cross_dependency-catalog_latency_x_cfg_timeout-k8s-v2-formal-r1-20260817225125,d12,dual,2,catalog;catalog-gw,RCD_seed1,full,search,search;catalog;pricing;inventory,0.0,1.0,1.0,0.5,0.0,0.0,0.0,0.0,0.38685280723454163,0.38685280723454163,0.0,0.5,0.5,0.25
mr2_cross_dependency-catalog_latency_x_cfg_timeout-k8s-v2-formal-r1-20260817225125,d12,dual,2,catalog;catalog-gw,RCD_seed2,full,sasrec,sasrec;checkout,0.0,0.0,0.0,0.0,0.0,0.0,0.0,0.0,0.0,0.0,0.0,0.0,0.0,0.0
mr2_cross_dependency-catalog_latency_x_cfg_timeout-k8s-v2-formal-r1-20260817225125,d12,dual,2,catalog;catalog-gw,RCD_seed3,full,checkout,checkout;order,0.0,0.0,0.0,0.0,0.0,0.0,0.0,0.0,0.0,0.0,0.0,0.0,0.0,0.0
mr2_cross_dependency-catalog_latency_x_cfg_timeout-k8s-v2-formal-r1-20260817225125,d12,dual,2,catalog;catalog-gw,RCD_seed4,full,catalog,catalog;pricing,1.0,1.0,1.0,0.5,0.0,0.0,0.0,1.0,0.6131471927654584,0.6131471927654584,0.5,0.5,0.5,0.5
mr2_cross_dependency-catalog_latency_x_cfg_timeout-k8s-v2-formal-r1-20260817225125,d12,dual,2,catalog;catalog-gw,delta_ratio,full,pricing,pricing;search;catalog;review-query;checkout,0.0,1.0,1.0,0.0,0.0,0.0,0.0,0.0,0.3065735963827292,0.3065735963827292,0.0,0.5,0.5,0.25
mr2_cross_dependency-catalog_latency_x_cfg_timeout-k8s-v2-formal-r1-20260817225125,d12,dual,2,catalog;catalog-gw,delta_z,full,catalog,catalog;pricing;mysql;search;review-query,1.0,1.0,1.0,0.5,0.0,0.0,0.0,1.0,0.6131471927654584,0.6131471927654584,0.5,0.5,0.5,0.5333333333333333
mr2_cross_dependency-catalog_latency_x_cfg_timeout-k8s-v2-formal-r1-20260817225125,d12,dual,2,catalog;catalog-gw,BARO,resource,catalog,catalog;user;inventory;pricing;search,1.0,1.0,1.0,0.5,0.0,0.0,0.0,1.0,0.6131471927654584,0.6131471927654584,0.5,0.5,0.5,0.5454545454545454
mr2_cross_dependency-catalog_latency_x_cfg_timeout-k8s-v2-formal-r1-20260817225125,d12,dual,2,catalog;catalog-gw,RCD_seed0,resource,sasrec,sasrec;catalog,0.0,1.0,1.0,0.5,0.0,0.0,0.0,0.0,0.38685280723454163,0.38685280723454163,0.0,0.5,0.5,0.25
mr2_cross_dependency-catalog_latency_x_cfg_timeout-k8s-v2-formal-r1-20260817225125,d12,dual,2,catalog;catalog-gw,RCD_seed1,resource,catalog,catalog,1.0,1.0,1.0,0.5,0.0,0.0,0.0,1.0,0.6131471927654584,0.6131471927654584,0.5,0.5,0.5,0.5
mr2_cross_dependency-catalog_latency_x_cfg_timeout-k8s-v2-formal-r1-20260817225125,d12,dual,2,catalog;catalog-gw,RCD_seed2,resource,sasrec,sasrec,0.0,0.0,0.0,0.0,0.0,0.0,0.0,0.0,0.0,0.0,0.0,0.0,0.0,0.0
mr2_cross_dependency-catalog_latency_x_cfg_timeout-k8s-v2-formal-r1-20260817225125,d12,dual,2,catalog;catalog-gw,RCD_seed3,resource,catalog,catalog,1.0,1.0,1.0,0.5,0.0,0.0,0.0,1.0,0.6131471927654584,0.6131471927654584,0.5,0.5,0.5,0.5
mr2_cross_dependency-catalog_latency_x_cfg_timeout-k8s-v2-formal-r1-20260817225125,d12,dual,2,catalog;catalog-gw,RCD_seed4,resource,user,user;catalog,0.0,1.0,1.0,0.5,0.0,0.0,0.0,0.0,0.38685280723454163,0.38685280723454163,0.0,0.5,0.5,0.25
mr2_cross_dependency-catalog_latency_x_cfg_timeout-k8s-v2-formal-r1-20260817225125,d12,dual,2,catalog;catalog-gw,delta_ratio,resource,catalog,catalog;order;mysql;checkout;backend,1.0,1.0,1.0,0.5,0.0,0.0,0.0,1.0,0.6131471927654584,0.6131471927654584,0.5,0.5,0.5,0.5384615384615384
mr2_cross_dependency-catalog_latency_x_cfg_timeout-k8s-v2-formal-r1-20260817225125,d12,dual,2,catalog;catalog-gw,delta_z,resource,catalog,catalog;mysql;host;pricing;user,1.0,1.0,1.0,0.5,0.0,0.0,0.0,1.0,0.6131471927654584,0.6131471927654584,0.5,0.5,0.5,0.5357142857142857
mr1_single_lif-pod_failure_single-k8s-v2-formal-r1-20260817225448,s14,single,1,order,BARO,full,order,order;search;sasrec;review-query;pricing,1.0,1.0,1.0,1.0,1.0,1.0,1.0,1.0,1.0,1.0,1.0,1.0,1.0,1.0
mr1_single_lif-pod_failure_single-k8s-v2-formal-r1-20260817225448,s14,single,1,order,RCD_seed0,full,cart,cart;order;sasrec,0.0,1.0,1.0,0.0,0.0,1.0,1.0,0.0,0.6309297535714575,0.6309297535714575,0.0,1.0,1.0,0.5
mr1_single_lif-pod_failure_single-k8s-v2-formal-r1-20260817225448,s14,single,1,order,RCD_seed1,full,pricing,pricing;order,0.0,1.0,1.0,0.0,0.0,1.0,1.0,0.0,0.6309297535714575,0.6309297535714575,0.0,1.0,1.0,0.5
mr1_single_lif-pod_failure_single-k8s-v2-formal-r1-20260817225448,s14,single,1,order,RCD_seed2,full,backend,backend;catalog-gw,0.0,0.0,0.0,0.0,0.0,0.0,0.0,0.0,0.0,0.0,0.0,0.0,0.0,0.0
mr1_single_lif-pod_failure_single-k8s-v2-formal-r1-20260817225448,s14,single,1,order,RCD_seed3,full,catalog,catalog;order,0.0,1.0,1.0,0.0,0.0,1.0,1.0,0.0,0.6309297535714575,0.6309297535714575,0.0,1.0,1.0,0.5
mr1_single_lif-pod_failure_single-k8s-v2-formal-r1-20260817225448,s14,single,1,order,RCD_seed4,full,review-query,review-query;order,0.0,1.0,1.0,0.0,0.0,1.0,1.0,0.0,0.6309297535714575,0.6309297535714575,0.0,1.0,1.0,0.5
mr1_single_lif-pod_failure_single-k8s-v2-formal-r1-20260817225448,s14,single,1,order,delta_ratio,full,order,order;review-query;catalog;catalog-gw;search,1.0,1.0,1.0,1.0,1.0,1.0,1.0,1.0,1.0,1.0,1.0,1.0,1.0,1.0
mr1_single_lif-pod_failure_single-k8s-v2-formal-r1-20260817225448,s14,single,1,order,delta_z,full,order,order;review-query;pricing;user;sasrec,1.0,1.0,1.0,1.0,1.0,1.0,1.0,1.0,1.0,1.0,1.0,1.0,1.0,1.0
mr1_single_lif-pod_failure_single-k8s-v2-formal-r1-20260817225448,s14,single,1,order,BARO,resource,order,order;search;review-query;pricing;sasrec,1.0,1.0,1.0,1.0,1.0,1.0,1.0,1.0,1.0,1.0,1.0,1.0,1.0,1.0
mr1_single_lif-pod_failure_single-k8s-v2-formal-r1-20260817225448,s14,single,1,order,RCD_seed0,resource,catalog,catalog;search,0.0,0.0,0.0,0.0,0.0,0.0,0.0,0.0,0.0,0.0,0.0,0.0,0.0,0.0
mr1_single_lif-pod_failure_single-k8s-v2-formal-r1-20260817225448,s14,single,1,order,RCD_seed1,resource,search,search;sasrec,0.0,0.0,0.0,0.0,0.0,0.0,0.0,0.0,0.0,0.0,0.0,0.0,0.0,0.0
mr1_single_lif-pod_failure_single-k8s-v2-formal-r1-20260817225448,s14,single,1,order,RCD_seed2,resource,search,search;catalog,0.0,0.0,0.0,0.0,0.0,0.0,0.0,0.0,0.0,0.0,0.0,0.0,0.0,0.0
mr1_single_lif-pod_failure_single-k8s-v2-formal-r1-20260817225448,s14,single,1,order,RCD_seed3,resource,sasrec,sasrec;backend,0.0,0.0,0.0,0.0,0.0,0.0,0.0,0.0,0.0,0.0,0.0,0.0,0.0,0.0
mr1_single_lif-pod_failure_single-k8s-v2-formal-r1-20260817225448,s14,single,1,order,RCD_seed4,resource,cart,cart;catalog-gw,0.0,0.0,0.0,0.0,0.0,0.0,0.0,0.0,0.0,0.0,0.0,0.0,0.0,0.0
mr1_single_lif-pod_failure_single-k8s-v2-formal-r1-20260817225448,s14,single,1,order,delta_ratio,resource,review-query,review-query;order;catalog-gw;catalog;checkout,0.0,1.0,1.0,0.0,0.0,1.0,1.0,0.0,0.6309297535714575,0.6309297535714575,0.0,1.0,1.0,0.5
mr1_single_lif-pod_failure_single-k8s-v2-formal-r1-20260817225448,s14,single,1,order,delta_z,resource,order,order;review-query;pricing;user;sasrec,1.0,1.0,1.0,1.0,1.0,1.0,1.0,1.0,1.0,1.0,1.0,1.0,1.0,1.0
mr3_cross_net-recagent_netdelay_x_sasrec_cpu_x_catalog_podfail-k8s-v2-formal-r1-20260817230836,t07,triple,3,rec-agent;sasrec;catalog,BARO,full,rec-agent,rec-agent;sasrec;catalog;host;checkout,1.0,1.0,1.0,1.0,0.0,1.0,1.0,1.0,1.0,1.0,0.3333333333333333,1.0,1.0,0.611111111111111
mr3_cross_net-recagent_netdelay_x_sasrec_cpu_x_catalog_podfail-k8s-v2-formal-r1-20260817230836,t07,triple,3,rec-agent;sasrec;catalog,RCD_seed0,full,rec-agent,rec-agent,1.0,1.0,1.0,0.3333333333333333,0.0,0.0,0.0,1.0,0.46927872602275644,0.46927872602275644,0.3333333333333333,0.3333333333333333,0.3333333333333333,0.3333333333333333
mr3_cross_net-recagent_netdelay_x_sasrec_cpu_x_catalog_podfail-k8s-v2-formal-r1-20260817230836,t07,triple,3,rec-agent;sasrec;catalog,RCD_seed1,full,rec-agent,rec-agent,1.0,1.0,1.0,0.3333333333333333,0.0,0.0,0.0,1.0,0.46927872602275644,0.46927872602275644,0.3333333333333333,0.3333333333333333,0.3333333333333333,0.3333333333333333
mr3_cross_net-recagent_netdelay_x_sasrec_cpu_x_catalog_podfail-k8s-v2-formal-r1-20260817230836,t07,triple,3,rec-agent;sasrec;catalog,RCD_seed2,full,rec-agent,rec-agent,1.0,1.0,1.0,0.3333333333333333,0.0,0.0,0.0,1.0,0.46927872602275644,0.46927872602275644,0.3333333333333333,0.3333333333333333,0.3333333333333333,0.3333333333333333
mr3_cross_net-recagent_netdelay_x_sasrec_cpu_x_catalog_podfail-k8s-v2-formal-r1-20260817230836,t07,triple,3,rec-agent;sasrec;catalog,RCD_seed3,full,rec-agent,rec-agent,1.0,1.0,1.0,0.3333333333333333,0.0,0.0,0.0,1.0,0.46927872602275644,0.46927872602275644,0.3333333333333333,0.3333333333333333,0.3333333333333333,0.3333333333333333
mr3_cross_net-recagent_netdelay_x_sasrec_cpu_x_catalog_podfail-k8s-v2-formal-r1-20260817230836,t07,triple,3,rec-agent;sasrec;catalog,RCD_seed4,full,rec-agent,rec-agent,1.0,1.0,1.0,0.3333333333333333,0.0,0.0,0.0,1.0,0.46927872602275644,0.46927872602275644,0.3333333333333333,0.3333333333333333,0.3333333333333333,0.3333333333333333
mr3_cross_net-recagent_netdelay_x_sasrec_cpu_x_catalog_podfail-k8s-v2-formal-r1-20260817230836,t07,triple,3,rec-agent;sasrec;catalog,delta_ratio,full,sasrec,sasrec;mysql;host;rec-agent;backend,1.0,1.0,1.0,0.3333333333333333,0.0,0.0,0.0,1.0,0.46927872602275644,0.6713860725233041,0.3333333333333333,0.3333333333333333,0.6666666666666666,0.46428571428571425
mr3_cross_net-recagent_netdelay_x_sasrec_cpu_x_catalog_podfail-k8s-v2-formal-r1-20260817230836,t07,triple,3,rec-agent;sasrec;catalog,delta_z,full,catalog,catalog;sasrec;mysql;host;rec-agent,1.0,1.0,1.0,0.6666666666666666,0.0,0.0,1.0,1.0,0.7653606369886217,0.9469024295259745,0.3333333333333333,0.6666666666666666,1.0,0.5666666666666667
mr3_cross_net-recagent_netdelay_x_sasrec_cpu_x_catalog_podfail-k8s-v2-formal-r1-20260817230836,t07,triple,3,rec-agent;sasrec;catalog,BARO,resource,sasrec,sasrec;catalog;host;catalog-gw;search,1.0,1.0,1.0,0.6666666666666666,0.0,0.0,0.0,1.0,0.7653606369886217,0.7653606369886217,0.3333333333333333,0.6666666666666666,0.6666666666666666,0.5238095238095238
mr3_cross_net-recagent_netdelay_x_sasrec_cpu_x_catalog_podfail-k8s-v2-formal-r1-20260817230836,t07,triple,3,rec-agent;sasrec;catalog,RCD_seed0,resource,sasrec,sasrec;order;checkout,1.0,1.0,1.0,0.3333333333333333,0.0,0.0,0.0,1.0,0.46927872602275644,0.46927872602275644,0.3333333333333333,0.3333333333333333,0.3333333333333333,0.3333333333333333
mr3_cross_net-recagent_netdelay_x_sasrec_cpu_x_catalog_podfail-k8s-v2-formal-r1-20260817230836,t07,triple,3,rec-agent;sasrec;catalog,RCD_seed1,resource,sasrec,sasrec;checkout;order,1.0,1.0,1.0,0.3333333333333333,0.0,0.0,0.0,1.0,0.46927872602275644,0.46927872602275644,0.3333333333333333,0.3333333333333333,0.3333333333333333,0.3333333333333333
mr3_cross_net-recagent_netdelay_x_sasrec_cpu_x_catalog_podfail-k8s-v2-formal-r1-20260817230836,t07,triple,3,rec-agent;sasrec;catalog,RCD_seed2,resource,sasrec,sasrec;review-query;mysql;inventory;backend,1.0,1.0,1.0,0.3333333333333333,0.0,0.0,0.0,1.0,0.46927872602275644,0.46927872602275644,0.3333333333333333,0.3333333333333333,0.3333333333333333,0.3333333333333333
mr3_cross_net-recagent_netdelay_x_sasrec_cpu_x_catalog_podfail-k8s-v2-formal-r1-20260817230836,t07,triple,3,rec-agent;sasrec;catalog,RCD_seed3,resource,sasrec,sasrec;checkout;order,1.0,1.0,1.0,0.3333333333333333,0.0,0.0,0.0,1.0,0.46927872602275644,0.46927872602275644,0.3333333333333333,0.3333333333333333,0.3333333333333333,0.3333333333333333
mr3_cross_net-recagent_netdelay_x_sasrec_cpu_x_catalog_podfail-k8s-v2-formal-r1-20260817230836,t07,triple,3,rec-agent;sasrec;catalog,RCD_seed4,resource,sasrec,sasrec;order;checkout,1.0,1.0,1.0,0.3333333333333333,0.0,0.0,0.0,1.0,0.46927872602275644,0.46927872602275644,0.3333333333333333,0.3333333333333333,0.3333333333333333,0.3333333333333333
mr3_cross_net-recagent_netdelay_x_sasrec_cpu_x_catalog_podfail-k8s-v2-formal-r1-20260817230836,t07,triple,3,rec-agent;sasrec;catalog,delta_ratio,resource,sasrec,sasrec;mysql;host;catalog;order,1.0,1.0,1.0,0.3333333333333333,0.0,0.0,0.0,1.0,0.46927872602275644,0.6713860725233041,0.3333333333333333,0.3333333333333333,0.6666666666666666,0.47222222222222215
mr3_cross_net-recagent_netdelay_x_sasrec_cpu_x_catalog_podfail-k8s-v2-formal-r1-20260817230836,t07,triple,3,rec-agent;sasrec;catalog,delta_z,resource,catalog,catalog;sasrec;mysql;host;order,1.0,1.0,1.0,0.6666666666666666,0.0,0.0,0.0,1.0,0.7653606369886217,0.7653606369886217,0.3333333333333333,0.6666666666666666,0.6666666666666666,0.5238095238095238
mr1_single_dependency-catalog_latency_single-k8s-v2-formal-r1-20260817231255,s08,single,1,catalog,BARO,full,pricing,pricing;review-query;catalog;checkout;search,0.0,1.0,1.0,0.0,0.0,1.0,1.0,0.0,0.5,0.5,0.0,1.0,1.0,0.3333333333333333
mr1_single_dependency-catalog_latency_single-k8s-v2-formal-r1-20260817231255,s08,single,1,catalog,RCD_seed0,full,checkout,checkout;catalog,0.0,1.0,1.0,0.0,0.0,1.0,1.0,0.0,0.6309297535714575,0.6309297535714575,0.0,1.0,1.0,0.5
mr1_single_dependency-catalog_latency_single-k8s-v2-formal-r1-20260817231255,s08,single,1,catalog,RCD_seed1,full,catalog,catalog;pricing,1.0,1.0,1.0,1.0,1.0,1.0,1.0,1.0,1.0,1.0,1.0,1.0,1.0,1.0
mr1_single_dependency-catalog_latency_single-k8s-v2-formal-r1-20260817231255,s08,single,1,catalog,RCD_seed2,full,catalog-gw,catalog-gw;pricing,0.0,0.0,0.0,0.0,0.0,0.0,0.0,0.0,0.0,0.0,0.0,0.0,0.0,0.0
mr1_single_dependency-catalog_latency_single-k8s-v2-formal-r1-20260817231255,s08,single,1,catalog,RCD_seed3,full,checkout,checkout,0.0,0.0,0.0,0.0,0.0,0.0,0.0,0.0,0.0,0.0,0.0,0.0,0.0,0.0
mr1_single_dependency-catalog_latency_single-k8s-v2-formal-r1-20260817231255,s08,single,1,catalog,RCD_seed4,full,pricing,pricing;catalog,0.0,1.0,1.0,0.0,0.0,1.0,1.0,0.0,0.6309297535714575,0.6309297535714575,0.0,1.0,1.0,0.5
mr1_single_dependency-catalog_latency_single-k8s-v2-formal-r1-20260817231255,s08,single,1,catalog,delta_ratio,full,search,search;catalog;pricing;review-query;checkout,0.0,1.0,1.0,0.0,0.0,1.0,1.0,0.0,0.6309297535714575,0.6309297535714575,0.0,1.0,1.0,0.5
mr1_single_dependency-catalog_latency_single-k8s-v2-formal-r1-20260817231255,s08,single,1,catalog,delta_z,full,catalog,catalog;search;pricing;review-query;checkout,1.0,1.0,1.0,1.0,1.0,1.0,1.0,1.0,1.0,1.0,1.0,1.0,1.0,1.0
mr1_single_dependency-catalog_latency_single-k8s-v2-formal-r1-20260817231255,s08,single,1,catalog,BARO,resource,catalog,catalog;pricing;catalog-gw;mysql;host,1.0,1.0,1.0,1.0,1.0,1.0,1.0,1.0,1.0,1.0,1.0,1.0,1.0,1.0
mr1_single_dependency-catalog_latency_single-k8s-v2-formal-r1-20260817231255,s08,single,1,catalog,RCD_seed0,resource,pricing,pricing;catalog;catalog-gw,0.0,1.0,1.0,0.0,0.0,1.0,1.0,0.0,0.6309297535714575,0.6309297535714575,0.0,1.0,1.0,0.5
mr1_single_dependency-catalog_latency_single-k8s-v2-formal-r1-20260817231255,s08,single,1,catalog,RCD_seed1,resource,catalog-gw,catalog-gw;pricing;catalog,0.0,1.0,1.0,0.0,0.0,1.0,1.0,0.0,0.5,0.5,0.0,1.0,1.0,0.3333333333333333
mr1_single_dependency-catalog_latency_single-k8s-v2-formal-r1-20260817231255,s08,single,1,catalog,RCD_seed2,resource,catalog,catalog,1.0,1.0,1.0,1.0,1.0,1.0,1.0,1.0,1.0,1.0,1.0,1.0,1.0,1.0
mr1_single_dependency-catalog_latency_single-k8s-v2-formal-r1-20260817231255,s08,single,1,catalog,RCD_seed3,resource,pricing,pricing;catalog,0.0,1.0,1.0,0.0,0.0,1.0,1.0,0.0,0.6309297535714575,0.6309297535714575,0.0,1.0,1.0,0.5
mr1_single_dependency-catalog_latency_single-k8s-v2-formal-r1-20260817231255,s08,single,1,catalog,RCD_seed4,resource,pricing,pricing;catalog-gw,0.0,0.0,0.0,0.0,0.0,0.0,0.0,0.0,0.0,0.0,0.0,0.0,0.0,0.0
mr1_single_dependency-catalog_latency_single-k8s-v2-formal-r1-20260817231255,s08,single,1,catalog,delta_ratio,resource,catalog-gw,catalog-gw;host;catalog;pricing;mysql,0.0,1.0,1.0,0.0,0.0,1.0,1.0,0.0,0.5,0.5,0.0,1.0,1.0,0.3333333333333333
mr1_single_dependency-catalog_latency_single-k8s-v2-formal-r1-20260817231255,s08,single,1,catalog,delta_z,resource,catalog,catalog;pricing;host;catalog-gw;mysql,1.0,1.0,1.0,1.0,1.0,1.0,1.0,1.0,1.0,1.0,1.0,1.0,1.0,1.0
mr3_cross_res-pricing_cpu_x_catalog_latency_x_cfg_timeout-k8s-v2-formal-r1-20260817232204,t01,triple,3,pricing;catalog;catalog-gw,BARO,full,catalog,catalog;checkout;review-query;pricing;search,1.0,1.0,1.0,0.3333333333333333,0.0,0.0,0.0,1.0,0.46927872602275644,0.6713860725233041,0.3333333333333333,0.3333333333333333,0.6666666666666666,0.46428571428571425
mr3_cross_res-pricing_cpu_x_catalog_latency_x_cfg_timeout-k8s-v2-formal-r1-20260817232204,t01,triple,3,pricing;catalog;catalog-gw,RCD_seed0,full,search,search;inventory;checkout,0.0,0.0,0.0,0.0,0.0,0.0,0.0,0.0,0.0,0.0,0.0,0.0,0.0,0.0
mr3_cross_res-pricing_cpu_x_catalog_latency_x_cfg_timeout-k8s-v2-formal-r1-20260817232204,t01,triple,3,pricing;catalog;catalog-gw,RCD_seed1,full,pricing,pricing;search,1.0,1.0,1.0,0.3333333333333333,0.0,0.0,0.0,1.0,0.46927872602275644,0.46927872602275644,0.3333333333333333,0.3333333333333333,0.3333333333333333,0.3333333333333333
mr3_cross_res-pricing_cpu_x_catalog_latency_x_cfg_timeout-k8s-v2-formal-r1-20260817232204,t01,triple,3,pricing;catalog;catalog-gw,RCD_seed2,full,inventory,inventory;pricing,0.0,1.0,1.0,0.3333333333333333,0.0,0.0,0.0,0.0,0.2960819109658652,0.2960819109658652,0.0,0.3333333333333333,0.3333333333333333,0.16666666666666666
mr3_cross_res-pricing_cpu_x_catalog_latency_x_cfg_timeout-k8s-v2-formal-r1-20260817232204,t01,triple,3,pricing;catalog;catalog-gw,RCD_seed3,full,pricing,pricing;inventory,1.0,1.0,1.0,0.3333333333333333,0.0,0.0,0.0,1.0,0.46927872602275644,0.46927872602275644,0.3333333333333333,0.3333333333333333,0.3333333333333333,0.3333333333333333
mr3_cross_res-pricing_cpu_x_catalog_latency_x_cfg_timeout-k8s-v2-formal-r1-20260817232204,t01,triple,3,pricing;catalog;catalog-gw,RCD_seed4,full,checkout,checkout,0.0,0.0,0.0,0.0,0.0,0.0,0.0,0.0,0.0,0.0,0.0,0.0,0.0,0.0
mr3_cross_res-pricing_cpu_x_catalog_latency_x_cfg_timeout-k8s-v2-formal-r1-20260817232204,t01,triple,3,pricing;catalog;catalog-gw,delta_ratio,full,pricing,pricing;host;mysql;search;catalog,1.0,1.0,1.0,0.3333333333333333,0.0,0.0,0.0,1.0,0.46927872602275644,0.6508205185601091,0.3333333333333333,0.3333333333333333,0.6666666666666666,0.43030303030303024
mr3_cross_res-pricing_cpu_x_catalog_latency_x_cfg_timeout-k8s-v2-formal-r1-20260817232204,t01,triple,3,pricing;catalog;catalog-gw,delta_z,full,catalog,catalog;pricing;host;mysql;search,1.0,1.0,1.0,0.6666666666666666,0.0,0.0,0.0,1.0,0.7653606369886217,0.7653606369886217,0.3333333333333333,0.6666666666666666,0.6666666666666666,0.5238095238095238
mr3_cross_res-pricing_cpu_x_catalog_latency_x_cfg_timeout-k8s-v2-formal-r1-20260817232204,t01,triple,3,pricing;catalog;catalog-gw,BARO,resource,pricing,pricing;host;catalog-gw;inventory;user,1.0,1.0,1.0,0.6666666666666666,0.0,0.0,0.0,1.0,0.7039180890341347,0.7039180890341347,0.3333333333333333,0.6666666666666666,0.6666666666666666,0.49206349206349204
mr3_cross_res-pricing_cpu_x_catalog_latency_x_cfg_timeout-k8s-v2-formal-r1-20260817232204,t01,triple,3,pricing;catalog;catalog-gw,RCD_seed0,resource,inventory,inventory,0.0,0.0,0.0,0.0,0.0,0.0,0.0,0.0,0.0,0.0,0.0,0.0,0.0,0.0
mr3_cross_res-pricing_cpu_x_catalog_latency_x_cfg_timeout-k8s-v2-formal-r1-20260817232204,t01,triple,3,pricing;catalog;catalog-gw,RCD_seed1,resource,inventory,inventory,0.0,0.0,0.0,0.0,0.0,0.0,0.0,0.0,0.0,0.0,0.0,0.0,0.0,0.0
mr3_cross_res-pricing_cpu_x_catalog_latency_x_cfg_timeout-k8s-v2-formal-r1-20260817232204,t01,triple,3,pricing;catalog;catalog-gw,RCD_seed2,resource,inventory,inventory,0.0,0.0,0.0,0.0,0.0,0.0,0.0,0.0,0.0,0.0,0.0,0.0,0.0,0.0
mr3_cross_res-pricing_cpu_x_catalog_latency_x_cfg_timeout-k8s-v2-formal-r1-20260817232204,t01,triple,3,pricing;catalog;catalog-gw,RCD_seed3,resource,inventory,inventory,0.0,0.0,0.0,0.0,0.0,0.0,0.0,0.0,0.0,0.0,0.0,0.0,0.0,0.0
mr3_cross_res-pricing_cpu_x_catalog_latency_x_cfg_timeout-k8s-v2-formal-r1-20260817232204,t01,triple,3,pricing;catalog;catalog-gw,RCD_seed4,resource,inventory,inventory,0.0,0.0,0.0,0.0,0.0,0.0,0.0,0.0,0.0,0.0,0.0,0.0,0.0,0.0
mr3_cross_res-pricing_cpu_x_catalog_latency_x_cfg_timeout-k8s-v2-formal-r1-20260817232204,t01,triple,3,pricing;catalog;catalog-gw,delta_ratio,resource,pricing,pricing;host;mysql;catalog;search,1.0,1.0,1.0,0.3333333333333333,0.0,0.0,0.0,1.0,0.46927872602275644,0.6713860725233041,0.3333333333333333,0.3333333333333333,0.6666666666666666,0.44047619047619047
mr3_cross_res-pricing_cpu_x_catalog_latency_x_cfg_timeout-k8s-v2-formal-r1-20260817232204,t01,triple,3,pricing;catalog;catalog-gw,delta_z,resource,catalog,catalog;pricing;host;mysql;sasrec,1.0,1.0,1.0,0.6666666666666666,0.0,0.0,0.0,1.0,0.7653606369886217,0.7653606369886217,0.3333333333333333,0.6666666666666666,0.6666666666666666,0.5277777777777778
mr2_cross_lif-user_podfail_x_backend_cpu-k8s-v2-formal-r1-20260817233527,d21,dual,2,user;backend,BARO,full,user,user;backend;catalog;host;pricing,1.0,1.0,1.0,1.0,0.0,1.0,1.0,1.0,1.0,1.0,0.5,1.0,1.0,0.75
mr2_cross_lif-user_podfail_x_backend_cpu-k8s-v2-formal-r1-20260817233527,d21,dual,2,user;backend,RCD_seed0,full,backend,backend;order;user,1.0,1.0,1.0,0.5,0.0,1.0,1.0,1.0,0.9197207891481876,0.9197207891481876,0.5,1.0,1.0,0.6666666666666666
mr2_cross_lif-user_podfail_x_backend_cpu-k8s-v2-formal-r1-20260817233527,d21,dual,2,user;backend,RCD_seed1,full,backend,backend;search;cart;order;user,1.0,1.0,1.0,0.5,0.0,0.0,1.0,1.0,0.6131471927654584,0.8503449055347546,0.5,0.5,1.0,0.6
mr2_cross_lif-user_podfail_x_backend_cpu-k8s-v2-formal-r1-20260817233527,d21,dual,2,user;backend,RCD_seed2,full,backend,backend;search;user;cart;mysql,1.0,1.0,1.0,0.5,0.0,1.0,1.0,1.0,0.9197207891481876,0.9197207891481876,0.5,1.0,1.0,0.6666666666666666
mr2_cross_lif-user_podfail_x_backend_cpu-k8s-v2-formal-r1-20260817233527,d21,dual,2,user;backend,RCD_seed3,full,backend,backend;cart;search;order,1.0,1.0,1.0,0.5,0.0,0.0,0.0,1.0,0.6131471927654584,0.6131471927654584,0.5,0.5,0.5,0.5
mr2_cross_lif-user_podfail_x_backend_cpu-k8s-v2-formal-r1-20260817233527,d21,dual,2,user;backend,RCD_seed4,full,backend,backend;order;cart;search;review-query,1.0,1.0,1.0,0.5,0.0,0.0,0.0,1.0,0.6131471927654584,0.6131471927654584,0.5,0.5,0.5,0.5
mr2_cross_lif-user_podfail_x_backend_cpu-k8s-v2-formal-r1-20260817233527,d21,dual,2,user;backend,delta_ratio,full,backend,backend;host;catalog;mysql;pricing,1.0,1.0,1.0,0.5,0.0,0.0,0.0,1.0,0.6131471927654584,0.6131471927654584,0.5,0.5,0.5,0.5833333333333334
mr2_cross_lif-user_podfail_x_backend_cpu-k8s-v2-formal-r1-20260817233527,d21,dual,2,user;backend,delta_z,full,user,user;backend;host;catalog;mysql,1.0,1.0,1.0,1.0,0.0,1.0,1.0,1.0,1.0,1.0,0.5,1.0,1.0,0.75
mr2_cross_lif-user_podfail_x_backend_cpu-k8s-v2-formal-r1-20260817233527,d21,dual,2,user;backend,BARO,resource,user,user;backend;host;catalog-gw;inventory,1.0,1.0,1.0,1.0,0.0,1.0,1.0,1.0,1.0,1.0,0.5,1.0,1.0,0.75
mr2_cross_lif-user_podfail_x_backend_cpu-k8s-v2-formal-r1-20260817233527,d21,dual,2,user;backend,RCD_seed0,resource,backend,backend;search;order;cart,1.0,1.0,1.0,0.5,0.0,0.0,0.0,1.0,0.6131471927654584,0.6131471927654584,0.5,0.5,0.5,0.5
mr2_cross_lif-user_podfail_x_backend_cpu-k8s-v2-formal-r1-20260817233527,d21,dual,2,user;backend,RCD_seed1,resource,backend,backend;search;cart;catalog,1.0,1.0,1.0,0.5,0.0,0.0,0.0,1.0,0.6131471927654584,0.6131471927654584,0.5,0.5,0.5,0.5
mr2_cross_lif-user_podfail_x_backend_cpu-k8s-v2-formal-r1-20260817233527,d21,dual,2,user;backend,RCD_seed2,resource,backend,backend;search;order;review-query,1.0,1.0,1.0,0.5,0.0,0.0,0.0,1.0,0.6131471927654584,0.6131471927654584,0.5,0.5,0.5,0.5
mr2_cross_lif-user_podfail_x_backend_cpu-k8s-v2-formal-r1-20260817233527,d21,dual,2,user;backend,RCD_seed3,resource,backend,backend;order;review-query;cart,1.0,1.0,1.0,0.5,0.0,0.0,0.0,1.0,0.6131471927654584,0.6131471927654584,0.5,0.5,0.5,0.5
mr2_cross_lif-user_podfail_x_backend_cpu-k8s-v2-formal-r1-20260817233527,d21,dual,2,user;backend,RCD_seed4,resource,backend,backend;cart;order;search;review-query,1.0,1.0,1.0,0.5,0.0,0.0,0.0,1.0,0.6131471927654584,0.6131471927654584,0.5,0.5,0.5,0.5
mr2_cross_lif-user_podfail_x_backend_cpu-k8s-v2-formal-r1-20260817233527,d21,dual,2,user;backend,delta_ratio,resource,backend,backend;host;mysql;user;catalog,1.0,1.0,1.0,0.5,0.0,0.0,1.0,1.0,0.6131471927654584,0.8772153153380493,0.5,0.5,1.0,0.625
mr2_cross_lif-user_podfail_x_backend_cpu-k8s-v2-formal-r1-20260817233527,d21,dual,2,user;backend,delta_z,resource,user,user;backend;host;mysql;catalog,1.0,1.0,1.0,1.0,0.0,1.0,1.0,1.0,1.0,1.0,0.5,1.0,1.0,0.75
mr1_single_res-service_cpu_single-k8s-v2-formal-r1-20260817234917,s20,single,1,rec-agent,BARO,full,rec-agent,rec-agent;sasrec;inventory;backend;host,1.0,1.0,1.0,1.0,1.0,1.0,1.0,1.0,1.0,1.0,1.0,1.0,1.0,1.0
mr1_single_res-service_cpu_single-k8s-v2-formal-r1-20260817234917,s20,single,1,rec-agent,RCD_seed0,full,rec-agent,rec-agent;catalog-gw;backend;checkout;sasrec,1.0,1.0,1.0,1.0,1.0,1.0,1.0,1.0,1.0,1.0,1.0,1.0,1.0,1.0
mr1_single_res-service_cpu_single-k8s-v2-formal-r1-20260817234917,s20,single,1,rec-agent,RCD_seed1,full,rec-agent,rec-agent;pricing,1.0,1.0,1.0,1.0,1.0,1.0,1.0,1.0,1.0,1.0,1.0,1.0,1.0,1.0
mr1_single_res-service_cpu_single-k8s-v2-formal-r1-20260817234917,s20,single,1,rec-agent,RCD_seed2,full,rec-agent,rec-agent;checkout;catalog-gw,1.0,1.0,1.0,1.0,1.0,1.0,1.0,1.0,1.0,1.0,1.0,1.0,1.0,1.0
mr1_single_res-service_cpu_single-k8s-v2-formal-r1-20260817234917,s20,single,1,rec-agent,RCD_seed3,full,rec-agent,rec-agent;user;order;pricing,1.0,1.0,1.0,1.0,1.0,1.0,1.0,1.0,1.0,1.0,1.0,1.0,1.0,1.0
mr1_single_res-service_cpu_single-k8s-v2-formal-r1-20260817234917,s20,single,1,rec-agent,RCD_seed4,full,rec-agent,rec-agent;backend,1.0,1.0,1.0,1.0,1.0,1.0,1.0,1.0,1.0,1.0,1.0,1.0,1.0,1.0
mr1_single_res-service_cpu_single-k8s-v2-formal-r1-20260817234917,s20,single,1,rec-agent,delta_ratio,full,rec-agent,rec-agent;mysql;host;order;review-query,1.0,1.0,1.0,1.0,1.0,1.0,1.0,1.0,1.0,1.0,1.0,1.0,1.0,1.0
mr1_single_res-service_cpu_single-k8s-v2-formal-r1-20260817234917,s20,single,1,rec-agent,delta_z,full,rec-agent,rec-agent;mysql;host;sasrec;inventory,1.0,1.0,1.0,1.0,1.0,1.0,1.0,1.0,1.0,1.0,1.0,1.0,1.0,1.0
mr1_single_res-service_cpu_single-k8s-v2-formal-r1-20260817234917,s20,single,1,rec-agent,BARO,resource,rec-agent,rec-agent;host;inventory;backend;checkout,1.0,1.0,1.0,1.0,1.0,1.0,1.0,1.0,1.0,1.0,1.0,1.0,1.0,1.0
mr1_single_res-service_cpu_single-k8s-v2-formal-r1-20260817234917,s20,single,1,rec-agent,RCD_seed0,resource,rec-agent,rec-agent;user;checkout;pricing,1.0,1.0,1.0,1.0,1.0,1.0,1.0,1.0,1.0,1.0,1.0,1.0,1.0,1.0
mr1_single_res-service_cpu_single-k8s-v2-formal-r1-20260817234917,s20,single,1,rec-agent,RCD_seed1,resource,rec-agent,rec-agent;user,1.0,1.0,1.0,1.0,1.0,1.0,1.0,1.0,1.0,1.0,1.0,1.0,1.0,1.0
mr1_single_res-service_cpu_single-k8s-v2-formal-r1-20260817234917,s20,single,1,rec-agent,RCD_seed2,resource,rec-agent,rec-agent;user;catalog-gw;mysql;review-query,1.0,1.0,1.0,1.0,1.0,1.0,1.0,1.0,1.0,1.0,1.0,1.0,1.0,1.0
mr1_single_res-service_cpu_single-k8s-v2-formal-r1-20260817234917,s20,single,1,rec-agent,RCD_seed3,resource,rec-agent,rec-agent;pricing,1.0,1.0,1.0,1.0,1.0,1.0,1.0,1.0,1.0,1.0,1.0,1.0,1.0,1.0
mr1_single_res-service_cpu_single-k8s-v2-formal-r1-20260817234917,s20,single,1,rec-agent,RCD_seed4,resource,rec-agent,rec-agent;catalog-gw;review-query;order,1.0,1.0,1.0,1.0,1.0,1.0,1.0,1.0,1.0,1.0,1.0,1.0,1.0,1.0
mr1_single_res-service_cpu_single-k8s-v2-formal-r1-20260817234917,s20,single,1,rec-agent,delta_ratio,resource,rec-agent,rec-agent;mysql;host;order;review-query,1.0,1.0,1.0,1.0,1.0,1.0,1.0,1.0,1.0,1.0,1.0,1.0,1.0,1.0
mr1_single_res-service_cpu_single-k8s-v2-formal-r1-20260817234917,s20,single,1,rec-agent,delta_z,resource,rec-agent,rec-agent;mysql;host;sasrec;catalog-gw,1.0,1.0,1.0,1.0,1.0,1.0,1.0,1.0,1.0,1.0,1.0,1.0,1.0,1.0
mr1_single_res-db_lock_single-k8s-v2-formal-r1-20260817235208,s06,single,1,mysql,BARO,full,review-query,review-query;cart;order;pricing;checkout,0.0,0.0,0.0,0.0,0.0,0.0,0.0,0.0,0.0,0.0,0.0,0.0,0.0,0.07142857142857142
mr1_single_res-db_lock_single-k8s-v2-formal-r1-20260817235208,s06,single,1,mysql,RCD_seed0,full,catalog,catalog,0.0,0.0,0.0,0.0,0.0,0.0,0.0,0.0,0.0,0.0,0.0,0.0,0.0,0.0
mr1_single_res-db_lock_single-k8s-v2-formal-r1-20260817235208,s06,single,1,mysql,RCD_seed1,full,catalog-gw,catalog-gw,0.0,0.0,0.0,0.0,0.0,0.0,0.0,0.0,0.0,0.0,0.0,0.0,0.0,0.0
mr1_single_res-db_lock_single-k8s-v2-formal-r1-20260817235208,s06,single,1,mysql,RCD_seed2,full,catalog,catalog;pricing,0.0,0.0,0.0,0.0,0.0,0.0,0.0,0.0,0.0,0.0,0.0,0.0,0.0,0.0
mr1_single_res-db_lock_single-k8s-v2-formal-r1-20260817235208,s06,single,1,mysql,RCD_seed3,full,review-query,review-query;cart,0.0,0.0,0.0,0.0,0.0,0.0,0.0,0.0,0.0,0.0,0.0,0.0,0.0,0.0
mr1_single_res-db_lock_single-k8s-v2-formal-r1-20260817235208,s06,single,1,mysql,RCD_seed4,full,host,host;catalog-gw;order;inventory,0.0,0.0,0.0,0.0,0.0,0.0,0.0,0.0,0.0,0.0,0.0,0.0,0.0,0.0
mr1_single_res-db_lock_single-k8s-v2-formal-r1-20260817235208,s06,single,1,mysql,delta_ratio,full,cart,cart;catalog;checkout;order;pricing,0.0,0.0,0.0,0.0,0.0,0.0,0.0,0.0,0.0,0.0,0.0,0.0,0.0,0.07692307692307693
mr1_single_res-db_lock_single-k8s-v2-formal-r1-20260817235208,s06,single,1,mysql,delta_z,full,backend,backend;catalog-gw;cart;catalog;checkout,0.0,0.0,0.0,0.0,0.0,0.0,0.0,0.0,0.0,0.0,0.0,0.0,0.0,0.16666666666666666
mr1_single_res-db_lock_single-k8s-v2-formal-r1-20260817235208,s06,single,1,mysql,BARO,resource,catalog,catalog;catalog-gw;checkout;search;review-query,0.0,0.0,0.0,0.0,0.0,0.0,0.0,0.0,0.0,0.0,0.0,0.0,0.0,0.1
mr1_single_res-db_lock_single-k8s-v2-formal-r1-20260817235208,s06,single,1,mysql,RCD_seed0,resource,order,order;cart;inventory,0.0,0.0,0.0,0.0,0.0,0.0,0.0,0.0,0.0,0.0,0.0,0.0,0.0,0.0
mr1_single_res-db_lock_single-k8s-v2-formal-r1-20260817235208,s06,single,1,mysql,RCD_seed1,resource,order,order;inventory;catalog-gw,0.0,0.0,0.0,0.0,0.0,0.0,0.0,0.0,0.0,0.0,0.0,0.0,0.0,0.0
mr1_single_res-db_lock_single-k8s-v2-formal-r1-20260817235208,s06,single,1,mysql,RCD_seed2,resource,user,user;pricing,0.0,0.0,0.0,0.0,0.0,0.0,0.0,0.0,0.0,0.0,0.0,0.0,0.0,0.0
mr1_single_res-db_lock_single-k8s-v2-formal-r1-20260817235208,s06,single,1,mysql,RCD_seed3,resource,inventory,inventory;catalog,0.0,0.0,0.0,0.0,0.0,0.0,0.0,0.0,0.0,0.0,0.0,0.0,0.0,0.0
mr1_single_res-db_lock_single-k8s-v2-formal-r1-20260817235208,s06,single,1,mysql,RCD_seed4,resource,catalog,catalog;pricing,0.0,0.0,0.0,0.0,0.0,0.0,0.0,0.0,0.0,0.0,0.0,0.0,0.0,0.0
mr1_single_res-db_lock_single-k8s-v2-formal-r1-20260817235208,s06,single,1,mysql,delta_ratio,resource,catalog-gw,catalog-gw;catalog;host;search;mysql,0.0,0.0,1.0,0.0,0.0,0.0,1.0,0.0,0.0,0.38685280723454163,0.0,0.0,1.0,0.2
mr1_single_res-db_lock_single-k8s-v2-formal-r1-20260817235208,s06,single,1,mysql,delta_z,resource,catalog-gw,catalog-gw;mysql;checkout;sasrec;user,0.0,1.0,1.0,0.0,0.0,1.0,1.0,0.0,0.6309297535714575,0.6309297535714575,0.0,1.0,1.0,0.5
mr2_intra_net-net_delay_x_net_loss-k8s-v2-formal-r1-20260817235634,d02,single,1,catalog-gw,BARO,full,pricing,pricing;checkout;order;sasrec;cart,0.0,0.0,0.0,0.0,0.0,0.0,0.0,0.0,0.0,0.0,0.0,0.0,0.0,0.09090909090909091
mr2_intra_net-net_delay_x_net_loss-k8s-v2-formal-r1-20260817235634,d02,single,1,catalog-gw,RCD_seed0,full,cart,cart;review-query,0.0,0.0,0.0,0.0,0.0,0.0,0.0,0.0,0.0,0.0,0.0,0.0,0.0,0.0
mr2_intra_net-net_delay_x_net_loss-k8s-v2-formal-r1-20260817235634,d02,single,1,catalog-gw,RCD_seed1,full,review-query,review-query;order,0.0,0.0,0.0,0.0,0.0,0.0,0.0,0.0,0.0,0.0,0.0,0.0,0.0,0.0
mr2_intra_net-net_delay_x_net_loss-k8s-v2-formal-r1-20260817235634,d02,single,1,catalog-gw,RCD_seed2,full,cart,cart,0.0,0.0,0.0,0.0,0.0,0.0,0.0,0.0,0.0,0.0,0.0,0.0,0.0,0.0
mr2_intra_net-net_delay_x_net_loss-k8s-v2-formal-r1-20260817235634,d02,single,1,catalog-gw,RCD_seed3,full,order,order,0.0,0.0,0.0,0.0,0.0,0.0,0.0,0.0,0.0,0.0,0.0,0.0,0.0,0.0
mr2_intra_net-net_delay_x_net_loss-k8s-v2-formal-r1-20260817235634,d02,single,1,catalog-gw,RCD_seed4,full,order,order,0.0,0.0,0.0,0.0,0.0,0.0,0.0,0.0,0.0,0.0,0.0,0.0,0.0,0.0
mr2_intra_net-net_delay_x_net_loss-k8s-v2-formal-r1-20260817235634,d02,single,1,catalog-gw,delta_ratio,full,pricing,pricing;checkout;catalog;mysql;catalog-gw,0.0,0.0,1.0,0.0,0.0,0.0,1.0,0.0,0.0,0.38685280723454163,0.0,0.0,1.0,0.2
mr2_intra_net-net_delay_x_net_loss-k8s-v2-formal-r1-20260817235634,d02,single,1,catalog-gw,delta_z,full,mysql,mysql;order;pricing;checkout;host,0.0,0.0,0.0,0.0,0.0,0.0,0.0,0.0,0.0,0.0,0.0,0.0,0.0,0.125
mr2_intra_net-net_delay_x_net_loss-k8s-v2-formal-r1-20260817235634,d02,single,1,catalog-gw,BARO,resource,order,order;pricing;checkout;inventory;user,0.0,0.0,0.0,0.0,0.0,0.0,0.0,0.0,0.0,0.0,0.0,0.0,0.0,0.14285714285714285
mr2_intra_net-net_delay_x_net_loss-k8s-v2-formal-r1-20260817235634,d02,single,1,catalog-gw,RCD_seed0,resource,review-query,review-query;order,0.0,0.0,0.0,0.0,0.0,0.0,0.0,0.0,0.0,0.0,0.0,0.0,0.0,0.0
mr2_intra_net-net_delay_x_net_loss-k8s-v2-formal-r1-20260817235634,d02,single,1,catalog-gw,RCD_seed1,resource,review-query,review-query;cart;order,0.0,0.0,0.0,0.0,0.0,0.0,0.0,0.0,0.0,0.0,0.0,0.0,0.0,0.0
mr2_intra_net-net_delay_x_net_loss-k8s-v2-formal-r1-20260817235634,d02,single,1,catalog-gw,RCD_seed2,resource,user,user,0.0,0.0,0.0,0.0,0.0,0.0,0.0,0.0,0.0,0.0,0.0,0.0,0.0,0.0
mr2_intra_net-net_delay_x_net_loss-k8s-v2-formal-r1-20260817235634,d02,single,1,catalog-gw,RCD_seed3,resource,order,order,0.0,0.0,0.0,0.0,0.0,0.0,0.0,0.0,0.0,0.0,0.0,0.0,0.0,0.0
mr2_intra_net-net_delay_x_net_loss-k8s-v2-formal-r1-20260817235634,d02,single,1,catalog-gw,RCD_seed4,resource,order,order;cart;review-query,0.0,0.0,0.0,0.0,0.0,0.0,0.0,0.0,0.0,0.0,0.0,0.0,0.0,0.0
mr2_intra_net-net_delay_x_net_loss-k8s-v2-formal-r1-20260817235634,d02,single,1,catalog-gw,delta_ratio,resource,mysql,mysql;catalog-gw;catalog;search;pricing,0.0,1.0,1.0,0.0,0.0,1.0,1.0,0.0,0.6309297535714575,0.6309297535714575,0.0,1.0,1.0,0.5
mr2_intra_net-net_delay_x_net_loss-k8s-v2-formal-r1-20260817235634,d02,single,1,catalog-gw,delta_z,resource,mysql,mysql;order;host;pricing;review-query,0.0,0.0,0.0,0.0,0.0,0.0,0.0,0.0,0.0,0.0,0.0,0.0,0.0,0.16666666666666666
mr2_intra_lif-dual_podfail_staggered-k8s-v2-formal-r1-20260818000056,d04,dual,2,catalog;user,BARO,full,checkout,checkout;pricing;catalog;inventory;search,0.0,1.0,1.0,0.0,0.0,0.0,0.0,0.0,0.3065735963827292,0.3065735963827292,0.0,0.5,0.5,0.25
mr2_intra_lif-dual_podfail_staggered-k8s-v2-formal-r1-20260818000056,d04,dual,2,catalog;user,RCD_seed0,full,review-query,review-query;cart,0.0,0.0,0.0,0.0,0.0,0.0,0.0,0.0,0.0,0.0,0.0,0.0,0.0,0.0
mr2_intra_lif-dual_podfail_staggered-k8s-v2-formal-r1-20260818000056,d04,dual,2,catalog;user,RCD_seed1,full,inventory,inventory;pricing,0.0,0.0,0.0,0.0,0.0,0.0,0.0,0.0,0.0,0.0,0.0,0.0,0.0,0.0
mr2_intra_lif-dual_podfail_staggered-k8s-v2-formal-r1-20260818000056,d04,dual,2,catalog;user,RCD_seed2,full,cart,cart;review-query;inventory,0.0,0.0,0.0,0.0,0.0,0.0,0.0,0.0,0.0,0.0,0.0,0.0,0.0,0.0
mr2_intra_lif-dual_podfail_staggered-k8s-v2-formal-r1-20260818000056,d04,dual,2,catalog;user,RCD_seed3,full,inventory,inventory;catalog-gw,0.0,0.0,0.0,0.0,0.0,0.0,0.0,0.0,0.0,0.0,0.0,0.0,0.0,0.0
mr2_intra_lif-dual_podfail_staggered-k8s-v2-formal-r1-20260818000056,d04,dual,2,catalog;user,RCD_seed4,full,review-query,review-query,0.0,0.0,0.0,0.0,0.0,0.0,0.0,0.0,0.0,0.0,0.0,0.0,0.0,0.0
mr2_intra_lif-dual_podfail_staggered-k8s-v2-formal-r1-20260818000056,d04,dual,2,catalog;user,delta_ratio,full,pricing,pricing;catalog;checkout;search;cart,0.0,1.0,1.0,0.5,0.0,0.0,0.0,0.0,0.38685280723454163,0.38685280723454163,0.0,0.5,0.5,0.28846153846153844
mr2_intra_lif-dual_podfail_staggered-k8s-v2-formal-r1-20260818000056,d04,dual,2,catalog;user,delta_z,full,catalog,catalog;pricing;review-query;order;search,1.0,1.0,1.0,0.5,0.0,0.0,0.0,1.0,0.6131471927654584,0.6131471927654584,0.5,0.5,0.5,0.5384615384615384
mr2_intra_lif-dual_podfail_staggered-k8s-v2-formal-r1-20260818000056,d04,dual,2,catalog;user,BARO,resource,catalog,catalog;inventory;search;pricing;user,1.0,1.0,1.0,0.5,0.0,0.0,1.0,1.0,0.6131471927654584,0.8503449055347546,0.5,0.5,1.0,0.6
mr2_intra_lif-dual_podfail_staggered-k8s-v2-formal-r1-20260818000056,d04,dual,2,catalog;user,RCD_seed0,resource,cart,cart;inventory;catalog-gw,0.0,0.0,0.0,0.0,0.0,0.0,0.0,0.0,0.0,0.0,0.0,0.0,0.0,0.0
mr2_intra_lif-dual_podfail_staggered-k8s-v2-formal-r1-20260818000056,d04,dual,2,catalog;user,RCD_seed1,resource,inventory,inventory;pricing,0.0,0.0,0.0,0.0,0.0,0.0,0.0,0.0,0.0,0.0,0.0,0.0,0.0,0.0
mr2_intra_lif-dual_podfail_staggered-k8s-v2-formal-r1-20260818000056,d04,dual,2,catalog;user,RCD_seed2,resource,user,user;inventory,1.0,1.0,1.0,0.5,0.0,0.0,0.0,1.0,0.6131471927654584,0.6131471927654584,0.5,0.5,0.5,0.5
mr2_intra_lif-dual_podfail_staggered-k8s-v2-formal-r1-20260818000056,d04,dual,2,catalog;user,RCD_seed3,resource,checkout,checkout;cart,0.0,0.0,0.0,0.0,0.0,0.0,0.0,0.0,0.0,0.0,0.0,0.0,0.0,0.0
mr2_intra_lif-dual_podfail_staggered-k8s-v2-formal-r1-20260818000056,d04,dual,2,catalog;user,RCD_seed4,resource,inventory,inventory;user;checkout,0.0,1.0,1.0,0.5,0.0,0.0,0.0,0.0,0.38685280723454163,0.38685280723454163,0.0,0.5,0.5,0.25
mr2_intra_lif-dual_podfail_staggered-k8s-v2-formal-r1-20260818000056,d04,dual,2,catalog;user,delta_ratio,resource,catalog,catalog;cart;backend;search;checkout,1.0,1.0,1.0,0.5,0.0,0.0,0.0,1.0,0.6131471927654584,0.6131471927654584,0.5,0.5,0.5,0.5416666666666666
mr2_intra_lif-dual_podfail_staggered-k8s-v2-formal-r1-20260818000056,d04,dual,2,catalog;user,delta_z,resource,catalog,catalog;order;review-query;search;host,1.0,1.0,1.0,0.5,0.0,0.0,0.0,1.0,0.6131471927654584,0.6131471927654584,0.5,0.5,0.5,0.5416666666666666
mr2_intra_res-host_cpu_x_svccpu-k8s-v2-formal-r1-20260818000347,d03,dual,2,host;catalog,BARO,full,order,order;sasrec;inventory;pricing;catalog,0.0,0.0,1.0,0.0,0.0,0.0,0.0,0.0,0.0,0.23719771276929622,0.0,0.0,0.5,0.13846153846153847
mr2_intra_res-host_cpu_x_svccpu-k8s-v2-formal-r1-20260818000347,d03,dual,2,host;catalog,RCD_seed0,full,catalog,catalog;cart,1.0,1.0,1.0,0.5,0.0,0.0,0.0,1.0,0.6131471927654584,0.6131471927654584,0.5,0.5,0.5,0.5
mr2_intra_res-host_cpu_x_svccpu-k8s-v2-formal-r1-20260818000347,d03,dual,2,host;catalog,RCD_seed1,full,sasrec,sasrec;catalog,0.0,1.0,1.0,0.5,0.0,0.0,0.0,0.0,0.38685280723454163,0.38685280723454163,0.0,0.5,0.5,0.25
mr2_intra_res-host_cpu_x_svccpu-k8s-v2-formal-r1-20260818000347,d03,dual,2,host;catalog,RCD_seed2,full,pricing,pricing;checkout,0.0,0.0,0.0,0.0,0.0,0.0,0.0,0.0,0.0,0.0,0.0,0.0,0.0,0.0
mr2_intra_res-host_cpu_x_svccpu-k8s-v2-formal-r1-20260818000347,d03,dual,2,host;catalog,RCD_seed3,full,checkout,checkout;backend,0.0,0.0,0.0,0.0,0.0,0.0,0.0,0.0,0.0,0.0,0.0,0.0,0.0,0.0
mr2_intra_res-host_cpu_x_svccpu-k8s-v2-formal-r1-20260818000347,d03,dual,2,host;catalog,RCD_seed4,full,checkout,checkout;backend,0.0,0.0,0.0,0.0,0.0,0.0,0.0,0.0,0.0,0.0,0.0,0.0,0.0,0.0
mr2_intra_res-host_cpu_x_svccpu-k8s-v2-formal-r1-20260818000347,d03,dual,2,host;catalog,delta_ratio,full,catalog,catalog;pricing;host;checkout;review-query,1.0,1.0,1.0,0.5,0.0,1.0,1.0,1.0,0.9197207891481876,0.9197207891481876,0.5,1.0,1.0,0.6666666666666666
mr2_intra_res-host_cpu_x_svccpu-k8s-v2-formal-r1-20260818000347,d03,dual,2,host;catalog,delta_z,full,catalog,catalog;pricing;search;mysql;catalog-gw,1.0,1.0,1.0,0.5,0.0,0.0,0.0,1.0,0.6131471927654584,0.6131471927654584,0.5,0.5,0.5,0.5714285714285714
mr2_intra_res-host_cpu_x_svccpu-k8s-v2-formal-r1-20260818000347,d03,dual,2,host;catalog,BARO,resource,sasrec,sasrec;inventory;catalog;host;order,0.0,1.0,1.0,0.0,0.0,0.0,1.0,0.0,0.3065735963827292,0.5706417189553201,0.0,0.5,1.0,0.29166666666666663
mr2_intra_res-host_cpu_x_svccpu-k8s-v2-formal-r1-20260818000347,d03,dual,2,host;catalog,RCD_seed0,resource,checkout,checkout,0.0,0.0,0.0,0.0,0.0,0.0,0.0,0.0,0.0,0.0,0.0,0.0,0.0,0.0
mr2_intra_res-host_cpu_x_svccpu-k8s-v2-formal-r1-20260818000347,d03,dual,2,host;catalog,RCD_seed1,resource,user,user;catalog-gw,0.0,0.0,0.0,0.0,0.0,0.0,0.0,0.0,0.0,0.0,0.0,0.0,0.0,0.0
mr2_intra_res-host_cpu_x_svccpu-k8s-v2-formal-r1-20260818000347,d03,dual,2,host;catalog,RCD_seed2,resource,search,search;pricing,0.0,0.0,0.0,0.0,0.0,0.0,0.0,0.0,0.0,0.0,0.0,0.0,0.0,0.0
mr2_intra_res-host_cpu_x_svccpu-k8s-v2-formal-r1-20260818000347,d03,dual,2,host;catalog,RCD_seed3,resource,inventory,inventory;pricing,0.0,0.0,0.0,0.0,0.0,0.0,0.0,0.0,0.0,0.0,0.0,0.0,0.0,0.0
mr2_intra_res-host_cpu_x_svccpu-k8s-v2-formal-r1-20260818000347,d03,dual,2,host;catalog,RCD_seed4,resource,checkout,checkout;catalog-gw,0.0,0.0,0.0,0.0,0.0,0.0,0.0,0.0,0.0,0.0,0.0,0.0,0.0,0.0
mr2_intra_res-host_cpu_x_svccpu-k8s-v2-formal-r1-20260818000347,d03,dual,2,host;catalog,delta_ratio,resource,catalog,catalog;host;checkout;review-query;mysql,1.0,1.0,1.0,1.0,0.0,1.0,1.0,1.0,1.0,1.0,0.5,1.0,1.0,0.75
mr2_intra_res-host_cpu_x_svccpu-k8s-v2-formal-r1-20260818000347,d03,dual,2,host;catalog,delta_z,resource,catalog,catalog;search;mysql;catalog-gw;review-query,1.0,1.0,1.0,0.5,0.0,0.0,0.0,1.0,0.6131471927654584,0.6131471927654584,0.5,0.5,0.5,0.5833333333333334
mr1_single_lif-pod_failure_single-k8s-v2-formal-r1-20260818000713,s16,single,1,review-query,BARO,full,review-query,review-query;cart;inventory;user;pricing,1.0,1.0,1.0,1.0,1.0,1.0,1.0,1.0,1.0,1.0,1.0,1.0,1.0,1.0
mr1_single_lif-pod_failure_single-k8s-v2-formal-r1-20260818000713,s16,single,1,review-query,RCD_seed0,full,catalog-gw,catalog-gw;inventory,0.0,0.0,0.0,0.0,0.0,0.0,0.0,0.0,0.0,0.0,0.0,0.0,0.0,0.0
mr1_single_lif-pod_failure_single-k8s-v2-formal-r1-20260818000713,s16,single,1,review-query,RCD_seed1,full,checkout,checkout;review-query,0.0,1.0,1.0,0.0,0.0,1.0,1.0,0.0,0.6309297535714575,0.6309297535714575,0.0,1.0,1.0,0.5
mr1_single_lif-pod_failure_single-k8s-v2-formal-r1-20260818000713,s16,single,1,review-query,RCD_seed2,full,sasrec,sasrec;backend,0.0,0.0,0.0,0.0,0.0,0.0,0.0,0.0,0.0,0.0,0.0,0.0,0.0,0.0
mr1_single_lif-pod_failure_single-k8s-v2-formal-r1-20260818000713,s16,single,1,review-query,RCD_seed3,full,cart,cart;user,0.0,0.0,0.0,0.0,0.0,0.0,0.0,0.0,0.0,0.0,0.0,0.0,0.0,0.0
mr1_single_lif-pod_failure_single-k8s-v2-formal-r1-20260818000713,s16,single,1,review-query,RCD_seed4,full,review-query,review-query;order,1.0,1.0,1.0,1.0,1.0,1.0,1.0,1.0,1.0,1.0,1.0,1.0,1.0,1.0
mr1_single_lif-pod_failure_single-k8s-v2-formal-r1-20260818000713,s16,single,1,review-query,delta_ratio,full,review-query,review-query;catalog;checkout;order;catalog-gw,1.0,1.0,1.0,1.0,1.0,1.0,1.0,1.0,1.0,1.0,1.0,1.0,1.0,1.0
mr1_single_lif-pod_failure_single-k8s-v2-formal-r1-20260818000713,s16,single,1,review-query,delta_z,full,review-query,review-query;backend;checkout;catalog-gw;sasrec,1.0,1.0,1.0,1.0,1.0,1.0,1.0,1.0,1.0,1.0,1.0,1.0,1.0,1.0
mr1_single_lif-pod_failure_single-k8s-v2-formal-r1-20260818000713,s16,single,1,review-query,BARO,resource,review-query,review-query;pricing;checkout;backend;cart,1.0,1.0,1.0,1.0,1.0,1.0,1.0,1.0,1.0,1.0,1.0,1.0,1.0,1.0
mr1_single_lif-pod_failure_single-k8s-v2-formal-r1-20260818000713,s16,single,1,review-query,RCD_seed0,resource,user,user;cart,0.0,0.0,0.0,0.0,0.0,0.0,0.0,0.0,0.0,0.0,0.0,0.0,0.0,0.0
mr1_single_lif-pod_failure_single-k8s-v2-formal-r1-20260818000713,s16,single,1,review-query,RCD_seed1,resource,backend,backend;catalog-gw,0.0,0.0,0.0,0.0,0.0,0.0,0.0,0.0,0.0,0.0,0.0,0.0,0.0,0.0
mr1_single_lif-pod_failure_single-k8s-v2-formal-r1-20260818000713,s16,single,1,review-query,RCD_seed2,resource,order,order;checkout,0.0,0.0,0.0,0.0,0.0,0.0,0.0,0.0,0.0,0.0,0.0,0.0,0.0,0.0
mr1_single_lif-pod_failure_single-k8s-v2-formal-r1-20260818000713,s16,single,1,review-query,RCD_seed3,resource,inventory,inventory;pricing,0.0,0.0,0.0,0.0,0.0,0.0,0.0,0.0,0.0,0.0,0.0,0.0,0.0,0.0
mr1_single_lif-pod_failure_single-k8s-v2-formal-r1-20260818000713,s16,single,1,review-query,RCD_seed4,resource,checkout,checkout;catalog,0.0,0.0,0.0,0.0,0.0,0.0,0.0,0.0,0.0,0.0,0.0,0.0,0.0,0.0
mr1_single_lif-pod_failure_single-k8s-v2-formal-r1-20260818000713,s16,single,1,review-query,delta_ratio,resource,checkout,checkout;review-query;catalog-gw;order;user,0.0,1.0,1.0,0.0,0.0,1.0,1.0,0.0,0.6309297535714575,0.6309297535714575,0.0,1.0,1.0,0.5
mr1_single_lif-pod_failure_single-k8s-v2-formal-r1-20260818000713,s16,single,1,review-query,delta_z,resource,review-query,review-query;checkout;catalog-gw;sasrec;inventory,1.0,1.0,1.0,1.0,1.0,1.0,1.0,1.0,1.0,1.0,1.0,1.0,1.0,1.0
mr2_cross_res-sasrec_cpu_x_catalog_netdelay-k8s-v2-formal-r1-20260818001131,d09,dual,2,sasrec;catalog-gw,BARO,full,pricing,pricing;checkout;sasrec;host;backend,0.0,1.0,1.0,0.0,0.0,0.0,0.0,0.0,0.3065735963827292,0.3065735963827292,0.0,0.5,0.5,0.20238095238095238
mr2_cross_res-sasrec_cpu_x_catalog_netdelay-k8s-v2-formal-r1-20260818001131,d09,dual,2,sasrec;catalog-gw,RCD_seed0,full,order,order;catalog,0.0,0.0,0.0,0.0,0.0,0.0,0.0,0.0,0.0,0.0,0.0,0.0,0.0,0.0
mr2_cross_res-sasrec_cpu_x_catalog_netdelay-k8s-v2-formal-r1-20260818001131,d09,dual,2,sasrec;catalog-gw,RCD_seed1,full,user,user;order,0.0,0.0,0.0,0.0,0.0,0.0,0.0,0.0,0.0,0.0,0.0,0.0,0.0,0.0
mr2_cross_res-sasrec_cpu_x_catalog_netdelay-k8s-v2-formal-r1-20260818001131,d09,dual,2,sasrec;catalog-gw,RCD_seed2,full,user,user,0.0,0.0,0.0,0.0,0.0,0.0,0.0,0.0,0.0,0.0,0.0,0.0,0.0,0.0
mr2_cross_res-sasrec_cpu_x_catalog_netdelay-k8s-v2-formal-r1-20260818001131,d09,dual,2,sasrec;catalog-gw,RCD_seed3,full,user,user;order,0.0,0.0,0.0,0.0,0.0,0.0,0.0,0.0,0.0,0.0,0.0,0.0,0.0,0.0
mr2_cross_res-sasrec_cpu_x_catalog_netdelay-k8s-v2-formal-r1-20260818001131,d09,dual,2,sasrec;catalog-gw,RCD_seed4,full,catalog,catalog;user,0.0,0.0,0.0,0.0,0.0,0.0,0.0,0.0,0.0,0.0,0.0,0.0,0.0,0.0
mr2_cross_res-sasrec_cpu_x_catalog_netdelay-k8s-v2-formal-r1-20260818001131,d09,dual,2,sasrec;catalog-gw,delta_ratio,full,sasrec,sasrec;host;pricing;checkout;backend,1.0,1.0,1.0,0.5,0.0,0.0,0.0,1.0,0.6131471927654584,0.6131471927654584,0.5,0.5,0.5,0.55
mr2_cross_res-sasrec_cpu_x_catalog_netdelay-k8s-v2-formal-r1-20260818001131,d09,dual,2,sasrec;catalog-gw,delta_z,full,sasrec,sasrec;host;checkout;pricing;backend,1.0,1.0,1.0,0.5,0.0,0.0,0.0,1.0,0.6131471927654584,0.6131471927654584,0.5,0.5,0.5,0.5625
mr2_cross_res-sasrec_cpu_x_catalog_netdelay-k8s-v2-formal-r1-20260818001131,d09,dual,2,sasrec;catalog-gw,BARO,resource,sasrec,sasrec;host;inventory;cart;checkout,1.0,1.0,1.0,0.5,0.0,0.0,0.0,1.0,0.6131471927654584,0.6131471927654584,0.5,0.5,0.5,0.5454545454545454
mr2_cross_res-sasrec_cpu_x_catalog_netdelay-k8s-v2-formal-r1-20260818001131,d09,dual,2,sasrec;catalog-gw,RCD_seed0,resource,user,user,0.0,0.0,0.0,0.0,0.0,0.0,0.0,0.0,0.0,0.0,0.0,0.0,0.0,0.0
mr2_cross_res-sasrec_cpu_x_catalog_netdelay-k8s-v2-formal-r1-20260818001131,d09,dual,2,sasrec;catalog-gw,RCD_seed1,resource,catalog,catalog,0.0,0.0,0.0,0.0,0.0,0.0,0.0,0.0,0.0,0.0,0.0,0.0,0.0,0.0
mr2_cross_res-sasrec_cpu_x_catalog_netdelay-k8s-v2-formal-r1-20260818001131,d09,dual,2,sasrec;catalog-gw,RCD_seed2,resource,user,user,0.0,0.0,0.0,0.0,0.0,0.0,0.0,0.0,0.0,0.0,0.0,0.0,0.0,0.0
mr2_cross_res-sasrec_cpu_x_catalog_netdelay-k8s-v2-formal-r1-20260818001131,d09,dual,2,sasrec;catalog-gw,RCD_seed3,resource,catalog,catalog;user,0.0,0.0,0.0,0.0,0.0,0.0,0.0,0.0,0.0,0.0,0.0,0.0,0.0,0.0
mr2_cross_res-sasrec_cpu_x_catalog_netdelay-k8s-v2-formal-r1-20260818001131,d09,dual,2,sasrec;catalog-gw,RCD_seed4,resource,order,order,0.0,0.0,0.0,0.0,0.0,0.0,0.0,0.0,0.0,0.0,0.0,0.0,0.0,0.0
mr2_cross_res-sasrec_cpu_x_catalog_netdelay-k8s-v2-formal-r1-20260818001131,d09,dual,2,sasrec;catalog-gw,delta_ratio,resource,sasrec,sasrec;host;mysql;catalog;review-query,1.0,1.0,1.0,0.5,0.0,0.0,0.0,1.0,0.6131471927654584,0.6131471927654584,0.5,0.5,0.5,0.5833333333333334
mr2_cross_res-sasrec_cpu_x_catalog_netdelay-k8s-v2-formal-r1-20260818001131,d09,dual,2,sasrec;catalog-gw,delta_z,resource,sasrec,sasrec;host;inventory;search;review-query,1.0,1.0,1.0,0.5,0.0,0.0,0.0,1.0,0.6131471927654584,0.6131471927654584,0.5,0.5,0.5,0.5714285714285714
mr2_cross_dependency-inv_latency_x_runtime_exc-k8s-v2-formal-r1-20260818002120,d11,dual,2,inventory;catalog,BARO,full,inventory,inventory;checkout;catalog;cart;pricing,1.0,1.0,1.0,0.5,0.0,1.0,1.0,1.0,0.9197207891481876,0.9197207891481876,0.5,1.0,1.0,0.6666666666666666
mr2_cross_dependency-inv_latency_x_runtime_exc-k8s-v2-formal-r1-20260818002120,d11,dual,2,inventory;catalog,RCD_seed0,full,inventory,inventory,1.0,1.0,1.0,0.5,0.0,0.0,0.0,1.0,0.6131471927654584,0.6131471927654584,0.5,0.5,0.5,0.5
mr2_cross_dependency-inv_latency_x_runtime_exc-k8s-v2-formal-r1-20260818002120,d11,dual,2,inventory;catalog,RCD_seed1,full,pricing,pricing,0.0,0.0,0.0,0.0,0.0,0.0,0.0,0.0,0.0,0.0,0.0,0.0,0.0,0.0
mr2_cross_dependency-inv_latency_x_runtime_exc-k8s-v2-formal-r1-20260818002120,d11,dual,2,inventory;catalog,RCD_seed2,full,inventory,inventory,1.0,1.0,1.0,0.5,0.0,0.0,0.0,1.0,0.6131471927654584,0.6131471927654584,0.5,0.5,0.5,0.5
mr2_cross_dependency-inv_latency_x_runtime_exc-k8s-v2-formal-r1-20260818002120,d11,dual,2,inventory;catalog,RCD_seed3,full,catalog,catalog;inventory,1.0,1.0,1.0,1.0,0.0,1.0,1.0,1.0,1.0,1.0,0.5,1.0,1.0,0.75
mr2_cross_dependency-inv_latency_x_runtime_exc-k8s-v2-formal-r1-20260818002120,d11,dual,2,inventory;catalog,RCD_seed4,full,catalog,catalog;sasrec,1.0,1.0,1.0,0.5,0.0,0.0,0.0,1.0,0.6131471927654584,0.6131471927654584,0.5,0.5,0.5,0.5
mr2_cross_dependency-inv_latency_x_runtime_exc-k8s-v2-formal-r1-20260818002120,d11,dual,2,inventory;catalog,delta_ratio,full,catalog,catalog;pricing;inventory;checkout;mysql,1.0,1.0,1.0,0.5,0.0,1.0,1.0,1.0,0.9197207891481876,0.9197207891481876,0.5,1.0,1.0,0.6666666666666666
mr2_cross_dependency-inv_latency_x_runtime_exc-k8s-v2-formal-r1-20260818002120,d11,dual,2,inventory;catalog,delta_z,full,inventory,inventory;catalog;pricing;checkout;review-query,1.0,1.0,1.0,1.0,0.0,1.0,1.0,1.0,1.0,1.0,0.5,1.0,1.0,0.75
mr2_cross_dependency-inv_latency_x_runtime_exc-k8s-v2-formal-r1-20260818002120,d11,dual,2,inventory;catalog,BARO,resource,inventory,inventory;catalog;cart;pricing;order,1.0,1.0,1.0,1.0,0.0,1.0,1.0,1.0,1.0,1.0,0.5,1.0,1.0,0.75
mr2_cross_dependency-inv_latency_x_runtime_exc-k8s-v2-formal-r1-20260818002120,d11,dual,2,inventory;catalog,RCD_seed0,resource,catalog,catalog;sasrec,1.0,1.0,1.0,0.5,0.0,0.0,0.0,1.0,0.6131471927654584,0.6131471927654584,0.5,0.5,0.5,0.5
mr2_cross_dependency-inv_latency_x_runtime_exc-k8s-v2-formal-r1-20260818002120,d11,dual,2,inventory;catalog,RCD_seed1,resource,pricing,pricing;inventory,0.0,1.0,1.0,0.5,0.0,0.0,0.0,0.0,0.38685280723454163,0.38685280723454163,0.0,0.5,0.5,0.25
mr2_cross_dependency-inv_latency_x_runtime_exc-k8s-v2-formal-r1-20260818002120,d11,dual,2,inventory;catalog,RCD_seed2,resource,inventory,inventory;sasrec;catalog,1.0,1.0,1.0,0.5,0.0,1.0,1.0,1.0,0.9197207891481876,0.9197207891481876,0.5,1.0,1.0,0.6666666666666666
mr2_cross_dependency-inv_latency_x_runtime_exc-k8s-v2-formal-r1-20260818002120,d11,dual,2,inventory;catalog,RCD_seed3,resource,catalog,catalog;inventory,1.0,1.0,1.0,1.0,0.0,1.0,1.0,1.0,1.0,1.0,0.5,1.0,1.0,0.75
mr2_cross_dependency-inv_latency_x_runtime_exc-k8s-v2-formal-r1-20260818002120,d11,dual,2,inventory;catalog,RCD_seed4,resource,catalog,catalog,1.0,1.0,1.0,0.5,0.0,0.0,0.0,1.0,0.6131471927654584,0.6131471927654584,0.5,0.5,0.5,0.5
mr2_cross_dependency-inv_latency_x_runtime_exc-k8s-v2-formal-r1-20260818002120,d11,dual,2,inventory;catalog,delta_ratio,resource,mysql,mysql;inventory;catalog;pricing;checkout,0.0,1.0,1.0,0.5,0.0,1.0,1.0,0.0,0.6934264036172708,0.6934264036172708,0.0,1.0,1.0,0.41666666666666663
mr2_cross_dependency-inv_latency_x_runtime_exc-k8s-v2-formal-r1-20260818002120,d11,dual,2,inventory;catalog,delta_z,resource,inventory,inventory;catalog;review-query;sasrec;host,1.0,1.0,1.0,1.0,0.0,1.0,1.0,1.0,1.0,1.0,0.5,1.0,1.0,0.75
mr2_cross_net-pod_failure_x_net_delay-k8s-v2-formal-r1-20260818003254,d16,dual,2,catalog-gw;catalog,BARO,full,pricing,pricing;checkout;cart;catalog-gw;review-query,0.0,0.0,1.0,0.0,0.0,0.0,0.0,0.0,0.0,0.2640681225725909,0.0,0.0,0.5,0.16346153846153846
mr2_cross_net-pod_failure_x_net_delay-k8s-v2-formal-r1-20260818003254,d16,dual,2,catalog-gw;catalog,RCD_seed0,full,checkout,checkout;pricing,0.0,0.0,0.0,0.0,0.0,0.0,0.0,0.0,0.0,0.0,0.0,0.0,0.0,0.0
mr2_cross_net-pod_failure_x_net_delay-k8s-v2-formal-r1-20260818003254,d16,dual,2,catalog-gw;catalog,RCD_seed1,full,pricing,pricing,0.0,0.0,0.0,0.0,0.0,0.0,0.0,0.0,0.0,0.0,0.0,0.0,0.0,0.0
mr2_cross_net-pod_failure_x_net_delay-k8s-v2-formal-r1-20260818003254,d16,dual,2,catalog-gw;catalog,RCD_seed2,full,checkout,checkout,0.0,0.0,0.0,0.0,0.0,0.0,0.0,0.0,0.0,0.0,0.0,0.0,0.0,0.0
mr2_cross_net-pod_failure_x_net_delay-k8s-v2-formal-r1-20260818003254,d16,dual,2,catalog-gw;catalog,RCD_seed3,full,pricing,pricing;checkout,0.0,0.0,0.0,0.0,0.0,0.0,0.0,0.0,0.0,0.0,0.0,0.0,0.0,0.0
mr2_cross_net-pod_failure_x_net_delay-k8s-v2-formal-r1-20260818003254,d16,dual,2,catalog-gw;catalog,RCD_seed4,full,checkout,checkout,0.0,0.0,0.0,0.0,0.0,0.0,0.0,0.0,0.0,0.0,0.0,0.0,0.0,0.0
mr2_cross_net-pod_failure_x_net_delay-k8s-v2-formal-r1-20260818003254,d16,dual,2,catalog-gw;catalog,delta_ratio,full,mysql,mysql;pricing;checkout;backend;catalog,0.0,0.0,1.0,0.0,0.0,0.0,0.0,0.0,0.0,0.23719771276929622,0.0,0.0,0.5,0.14545454545454545
mr2_cross_net-pod_failure_x_net_delay-k8s-v2-formal-r1-20260818003254,d16,dual,2,catalog-gw;catalog,delta_z,full,catalog,catalog;backend;mysql;pricing;checkout,1.0,1.0,1.0,0.5,0.0,0.0,0.0,1.0,0.6131471927654584,0.6131471927654584,0.5,0.5,0.5,0.5454545454545454
mr2_cross_net-pod_failure_x_net_delay-k8s-v2-formal-r1-20260818003254,d16,dual,2,catalog-gw;catalog,BARO,resource,catalog-gw,catalog-gw;review-query;search;order;cart,1.0,1.0,1.0,0.5,0.0,0.0,0.0,1.0,0.6131471927654584,0.6131471927654584,0.5,0.5,0.5,0.55
mr2_cross_net-pod_failure_x_net_delay-k8s-v2-formal-r1-20260818003254,d16,dual,2,catalog-gw;catalog,RCD_seed0,resource,checkout,checkout,0.0,0.0,0.0,0.0,0.0,0.0,0.0,0.0,0.0,0.0,0.0,0.0,0.0,0.0
mr2_cross_net-pod_failure_x_net_delay-k8s-v2-formal-r1-20260818003254,d16,dual,2,catalog-gw;catalog,RCD_seed1,resource,checkout,checkout,0.0,0.0,0.0,0.0,0.0,0.0,0.0,0.0,0.0,0.0,0.0,0.0,0.0,0.0
mr2_cross_net-pod_failure_x_net_delay-k8s-v2-formal-r1-20260818003254,d16,dual,2,catalog-gw;catalog,RCD_seed2,resource,checkout,checkout,0.0,0.0,0.0,0.0,0.0,0.0,0.0,0.0,0.0,0.0,0.0,0.0,0.0,0.0
mr2_cross_net-pod_failure_x_net_delay-k8s-v2-formal-r1-20260818003254,d16,dual,2,catalog-gw;catalog,RCD_seed3,resource,checkout,checkout,0.0,0.0,0.0,0.0,0.0,0.0,0.0,0.0,0.0,0.0,0.0,0.0,0.0,0.0
mr2_cross_net-pod_failure_x_net_delay-k8s-v2-formal-r1-20260818003254,d16,dual,2,catalog-gw;catalog,RCD_seed4,resource,checkout,checkout,0.0,0.0,0.0,0.0,0.0,0.0,0.0,0.0,0.0,0.0,0.0,0.0,0.0,0.0
mr2_cross_net-pod_failure_x_net_delay-k8s-v2-formal-r1-20260818003254,d16,dual,2,catalog-gw;catalog,delta_ratio,resource,mysql,mysql;inventory;catalog;host;checkout,0.0,1.0,1.0,0.0,0.0,0.0,0.0,0.0,0.3065735963827292,0.3065735963827292,0.0,0.5,0.5,0.20238095238095238
mr2_cross_net-pod_failure_x_net_delay-k8s-v2-formal-r1-20260818003254,d16,dual,2,catalog-gw;catalog,delta_z,resource,catalog,catalog;mysql;host;inventory;sasrec,1.0,1.0,1.0,0.5,0.0,0.0,0.0,1.0,0.6131471927654584,0.6131471927654584,0.5,0.5,0.5,0.5625
mr3_cross_dependency-pod_failure_x_catalog_latency_x_cfg_timeout-k8s-v2-formal-r1-20260818004838,t04,dual,2,catalog;catalog-gw,BARO,full,catalog,catalog;pricing;search;checkout;review-query,1.0,1.0,1.0,0.5,0.0,0.0,0.0,1.0,0.6131471927654584,0.6131471927654584,0.5,0.5,0.5,0.5833333333333334
mr3_cross_dependency-pod_failure_x_catalog_latency_x_cfg_timeout-k8s-v2-formal-r1-20260818004838,t04,dual,2,catalog;catalog-gw,RCD_seed0,full,catalog,catalog;sasrec,1.0,1.0,1.0,0.5,0.0,0.0,0.0,1.0,0.6131471927654584,0.6131471927654584,0.5,0.5,0.5,0.5
mr3_cross_dependency-pod_failure_x_catalog_latency_x_cfg_timeout-k8s-v2-formal-r1-20260818004838,t04,dual,2,catalog;catalog-gw,RCD_seed1,full,catalog,catalog;sasrec,1.0,1.0,1.0,0.5,0.0,0.0,0.0,1.0,0.6131471927654584,0.6131471927654584,0.5,0.5,0.5,0.5
mr3_cross_dependency-pod_failure_x_catalog_latency_x_cfg_timeout-k8s-v2-formal-r1-20260818004838,t04,dual,2,catalog;catalog-gw,RCD_seed2,full,catalog,catalog,1.0,1.0,1.0,0.5,0.0,0.0,0.0,1.0,0.6131471927654584,0.6131471927654584,0.5,0.5,0.5,0.5
mr3_cross_dependency-pod_failure_x_catalog_latency_x_cfg_timeout-k8s-v2-formal-r1-20260818004838,t04,dual,2,catalog;catalog-gw,RCD_seed3,full,catalog,catalog;sasrec,1.0,1.0,1.0,0.5,0.0,0.0,0.0,1.0,0.6131471927654584,0.6131471927654584,0.5,0.5,0.5,0.5
mr3_cross_dependency-pod_failure_x_catalog_latency_x_cfg_timeout-k8s-v2-formal-r1-20260818004838,t04,dual,2,catalog;catalog-gw,RCD_seed4,full,sasrec,sasrec,0.0,0.0,0.0,0.0,0.0,0.0,0.0,0.0,0.0,0.0,0.0,0.0,0.0,0.0
mr3_cross_dependency-pod_failure_x_catalog_latency_x_cfg_timeout-k8s-v2-formal-r1-20260818004838,t04,dual,2,catalog;catalog-gw,delta_ratio,full,pricing,pricing;search;catalog;review-query;checkout,0.0,1.0,1.0,0.0,0.0,0.0,0.0,0.0,0.3065735963827292,0.3065735963827292,0.0,0.5,0.5,0.23809523809523808
mr3_cross_dependency-pod_failure_x_catalog_latency_x_cfg_timeout-k8s-v2-formal-r1-20260818004838,t04,dual,2,catalog;catalog-gw,delta_z,full,catalog,catalog;pricing;search;sasrec;review-query,1.0,1.0,1.0,0.5,0.0,0.0,0.0,1.0,0.6131471927654584,0.6131471927654584,0.5,0.5,0.5,0.5416666666666666
mr3_cross_dependency-pod_failure_x_catalog_latency_x_cfg_timeout-k8s-v2-formal-r1-20260818004838,t04,dual,2,catalog;catalog-gw,BARO,resource,catalog,catalog;catalog-gw;review-query;checkout;pricing,1.0,1.0,1.0,1.0,0.0,1.0,1.0,1.0,1.0,1.0,0.5,1.0,1.0,0.75
mr3_cross_dependency-pod_failure_x_catalog_latency_x_cfg_timeout-k8s-v2-formal-r1-20260818004838,t04,dual,2,catalog;catalog-gw,RCD_seed0,resource,catalog,catalog,1.0,1.0,1.0,0.5,0.0,0.0,0.0,1.0,0.6131471927654584,0.6131471927654584,0.5,0.5,0.5,0.5
mr3_cross_dependency-pod_failure_x_catalog_latency_x_cfg_timeout-k8s-v2-formal-r1-20260818004838,t04,dual,2,catalog;catalog-gw,RCD_seed1,resource,catalog,catalog;sasrec,1.0,1.0,1.0,0.5,0.0,0.0,0.0,1.0,0.6131471927654584,0.6131471927654584,0.5,0.5,0.5,0.5
mr3_cross_dependency-pod_failure_x_catalog_latency_x_cfg_timeout-k8s-v2-formal-r1-20260818004838,t04,dual,2,catalog;catalog-gw,RCD_seed2,resource,catalog,catalog,1.0,1.0,1.0,0.5,0.0,0.0,0.0,1.0,0.6131471927654584,0.6131471927654584,0.5,0.5,0.5,0.5
mr3_cross_dependency-pod_failure_x_catalog_latency_x_cfg_timeout-k8s-v2-formal-r1-20260818004838,t04,dual,2,catalog;catalog-gw,RCD_seed3,resource,catalog,catalog;sasrec,1.0,1.0,1.0,0.5,0.0,0.0,0.0,1.0,0.6131471927654584,0.6131471927654584,0.5,0.5,0.5,0.5
mr3_cross_dependency-pod_failure_x_catalog_latency_x_cfg_timeout-k8s-v2-formal-r1-20260818004838,t04,dual,2,catalog;catalog-gw,RCD_seed4,resource,sasrec,sasrec;catalog,0.0,1.0,1.0,0.5,0.0,0.0,0.0,0.0,0.38685280723454163,0.38685280723454163,0.0,0.5,0.5,0.25
mr3_cross_dependency-pod_failure_x_catalog_latency_x_cfg_timeout-k8s-v2-formal-r1-20260818004838,t04,dual,2,catalog;catalog-gw,delta_ratio,resource,catalog,catalog;pricing;search;host;checkout,1.0,1.0,1.0,0.5,0.0,0.0,0.0,1.0,0.6131471927654584,0.6131471927654584,0.5,0.5,0.5,0.5384615384615384
mr3_cross_dependency-pod_failure_x_catalog_latency_x_cfg_timeout-k8s-v2-formal-r1-20260818004838,t04,dual,2,catalog;catalog-gw,delta_z,resource,catalog,catalog;sasrec;host;review-query;checkout,1.0,1.0,1.0,0.5,0.0,0.0,0.0,1.0,0.6131471927654584,0.6131471927654584,0.5,0.5,0.5,0.5384615384615384
mr1_single_res-service_cpu_single-k8s-v2-formal-r1-20260818005130,s04,single,1,catalog,BARO,full,catalog,catalog;cart;review-query;pricing;checkout,1.0,1.0,1.0,1.0,1.0,1.0,1.0,1.0,1.0,1.0,1.0,1.0,1.0,1.0
mr1_single_res-service_cpu_single-k8s-v2-formal-r1-20260818005130,s04,single,1,catalog,RCD_seed0,full,sasrec,sasrec,0.0,0.0,0.0,0.0,0.0,0.0,0.0,0.0,0.0,0.0,0.0,0.0,0.0,0.0
mr1_single_res-service_cpu_single-k8s-v2-formal-r1-20260818005130,s04,single,1,catalog,RCD_seed1,full,sasrec,sasrec;backend,0.0,0.0,0.0,0.0,0.0,0.0,0.0,0.0,0.0,0.0,0.0,0.0,0.0,0.0
mr1_single_res-service_cpu_single-k8s-v2-formal-r1-20260818005130,s04,single,1,catalog,RCD_seed2,full,search,search;backend,0.0,0.0,0.0,0.0,0.0,0.0,0.0,0.0,0.0,0.0,0.0,0.0,0.0,0.0
mr1_single_res-service_cpu_single-k8s-v2-formal-r1-20260818005130,s04,single,1,catalog,RCD_seed3,full,user,user;search,0.0,0.0,0.0,0.0,0.0,0.0,0.0,0.0,0.0,0.0,0.0,0.0,0.0,0.0
mr1_single_res-service_cpu_single-k8s-v2-formal-r1-20260818005130,s04,single,1,catalog,RCD_seed4,full,checkout,checkout;sasrec;search,0.0,0.0,0.0,0.0,0.0,0.0,0.0,0.0,0.0,0.0,0.0,0.0,0.0,0.0
mr1_single_res-service_cpu_single-k8s-v2-formal-r1-20260818005130,s04,single,1,catalog,delta_ratio,full,pricing,pricing;catalog;host;review-query;checkout,0.0,1.0,1.0,0.0,0.0,1.0,1.0,0.0,0.6309297535714575,0.6309297535714575,0.0,1.0,1.0,0.5
mr1_single_res-service_cpu_single-k8s-v2-formal-r1-20260818005130,s04,single,1,catalog,delta_z,full,pricing,pricing;catalog;catalog-gw;search;review-query,0.0,1.0,1.0,0.0,0.0,1.0,1.0,0.0,0.6309297535714575,0.6309297535714575,0.0,1.0,1.0,0.5
mr1_single_res-service_cpu_single-k8s-v2-formal-r1-20260818005130,s04,single,1,catalog,BARO,resource,cart,cart;catalog;host;checkout;pricing,0.0,1.0,1.0,0.0,0.0,1.0,1.0,0.0,0.6309297535714575,0.6309297535714575,0.0,1.0,1.0,0.5
mr1_single_res-service_cpu_single-k8s-v2-formal-r1-20260818005130,s04,single,1,catalog,RCD_seed0,resource,sasrec,sasrec;catalog-gw,0.0,0.0,0.0,0.0,0.0,0.0,0.0,0.0,0.0,0.0,0.0,0.0,0.0,0.0
mr1_single_res-service_cpu_single-k8s-v2-formal-r1-20260818005130,s04,single,1,catalog,RCD_seed1,resource,order,order;catalog-gw,0.0,0.0,0.0,0.0,0.0,0.0,0.0,0.0,0.0,0.0,0.0,0.0,0.0,0.0
mr1_single_res-service_cpu_single-k8s-v2-formal-r1-20260818005130,s04,single,1,catalog,RCD_seed2,resource,checkout,checkout;order;search,0.0,0.0,0.0,0.0,0.0,0.0,0.0,0.0,0.0,0.0,0.0,0.0,0.0,0.0
mr1_single_res-service_cpu_single-k8s-v2-formal-r1-20260818005130,s04,single,1,catalog,RCD_seed3,resource,checkout,checkout;order,0.0,0.0,0.0,0.0,0.0,0.0,0.0,0.0,0.0,0.0,0.0,0.0,0.0,0.0
mr1_single_res-service_cpu_single-k8s-v2-formal-r1-20260818005130,s04,single,1,catalog,RCD_seed4,resource,backend,backend;search,0.0,0.0,0.0,0.0,0.0,0.0,0.0,0.0,0.0,0.0,0.0,0.0,0.0,0.0
mr1_single_res-service_cpu_single-k8s-v2-formal-r1-20260818005130,s04,single,1,catalog,delta_ratio,resource,catalog,catalog;host;catalog-gw;checkout;user,1.0,1.0,1.0,1.0,1.0,1.0,1.0,1.0,1.0,1.0,1.0,1.0,1.0,1.0
mr1_single_res-service_cpu_single-k8s-v2-formal-r1-20260818005130,s04,single,1,catalog,delta_z,resource,catalog,catalog;catalog-gw;search;review-query;host,1.0,1.0,1.0,1.0,1.0,1.0,1.0,1.0,1.0,1.0,1.0,1.0,1.0,1.0
mr1_single_lif-pod_failure_single-k8s-v2-formal-r1-20260818005522,s22,single,1,rec-agent,BARO,full,rec-agent,rec-agent;catalog;inventory;review-query;catalog-gw,1.0,1.0,1.0,1.0,1.0,1.0,1.0,1.0,1.0,1.0,1.0,1.0,1.0,1.0
mr1_single_lif-pod_failure_single-k8s-v2-formal-r1-20260818005522,s22,single,1,rec-agent,RCD_seed0,full,rec-agent,rec-agent;review-query,1.0,1.0,1.0,1.0,1.0,1.0,1.0,1.0,1.0,1.0,1.0,1.0,1.0,1.0
mr1_single_lif-pod_failure_single-k8s-v2-formal-r1-20260818005522,s22,single,1,rec-agent,RCD_seed1,full,rec-agent,rec-agent;review-query;sasrec;catalog-gw,1.0,1.0,1.0,1.0,1.0,1.0,1.0,1.0,1.0,1.0,1.0,1.0,1.0,1.0
mr1_single_lif-pod_failure_single-k8s-v2-formal-r1-20260818005522,s22,single,1,rec-agent,RCD_seed2,full,backend,backend;review-query,0.0,0.0,0.0,0.0,0.0,0.0,0.0,0.0,0.0,0.0,0.0,0.0,0.0,0.0
mr1_single_lif-pod_failure_single-k8s-v2-formal-r1-20260818005522,s22,single,1,rec-agent,RCD_seed3,full,rec-agent,rec-agent;catalog-gw;catalog,1.0,1.0,1.0,1.0,1.0,1.0,1.0,1.0,1.0,1.0,1.0,1.0,1.0,1.0
mr1_single_lif-pod_failure_single-k8s-v2-formal-r1-20260818005522,s22,single,1,rec-agent,RCD_seed4,full,catalog,catalog;rec-agent;backend,0.0,1.0,1.0,0.0,0.0,1.0,1.0,0.0,0.6309297535714575,0.6309297535714575,0.0,1.0,1.0,0.5
mr1_single_lif-pod_failure_single-k8s-v2-formal-r1-20260818005522,s22,single,1,rec-agent,delta_ratio,full,rec-agent,rec-agent;catalog-gw;catalog;search;cart,1.0,1.0,1.0,1.0,1.0,1.0,1.0,1.0,1.0,1.0,1.0,1.0,1.0,1.0
mr1_single_lif-pod_failure_single-k8s-v2-formal-r1-20260818005522,s22,single,1,rec-agent,delta_z,full,rec-agent,rec-agent;review-query;cart;host;backend,1.0,1.0,1.0,1.0,1.0,1.0,1.0,1.0,1.0,1.0,1.0,1.0,1.0,1.0
mr1_single_lif-pod_failure_single-k8s-v2-formal-r1-20260818005522,s22,single,1,rec-agent,BARO,resource,rec-agent,rec-agent;catalog;inventory;review-query;catalog-gw,1.0,1.0,1.0,1.0,1.0,1.0,1.0,1.0,1.0,1.0,1.0,1.0,1.0,1.0
mr1_single_lif-pod_failure_single-k8s-v2-formal-r1-20260818005522,s22,single,1,rec-agent,RCD_seed0,resource,backend,backend,0.0,0.0,0.0,0.0,0.0,0.0,0.0,0.0,0.0,0.0,0.0,0.0,0.0,0.0
mr1_single_lif-pod_failure_single-k8s-v2-formal-r1-20260818005522,s22,single,1,rec-agent,RCD_seed1,resource,review-query,review-query;catalog;backend,0.0,0.0,0.0,0.0,0.0,0.0,0.0,0.0,0.0,0.0,0.0,0.0,0.0,0.0
mr1_single_lif-pod_failure_single-k8s-v2-formal-r1-20260818005522,s22,single,1,rec-agent,RCD_seed2,resource,backend,backend;catalog;review-query,0.0,0.0,0.0,0.0,0.0,0.0,0.0,0.0,0.0,0.0,0.0,0.0,0.0,0.0
mr1_single_lif-pod_failure_single-k8s-v2-formal-r1-20260818005522,s22,single,1,rec-agent,RCD_seed3,resource,rec-agent,rec-agent;backend,1.0,1.0,1.0,1.0,1.0,1.0,1.0,1.0,1.0,1.0,1.0,1.0,1.0,1.0
mr1_single_lif-pod_failure_single-k8s-v2-formal-r1-20260818005522,s22,single,1,rec-agent,RCD_seed4,resource,catalog,catalog;catalog-gw;search,0.0,0.0,0.0,0.0,0.0,0.0,0.0,0.0,0.0,0.0,0.0,0.0,0.0,0.0
mr1_single_lif-pod_failure_single-k8s-v2-formal-r1-20260818005522,s22,single,1,rec-agent,delta_ratio,resource,rec-agent,rec-agent;catalog-gw;catalog;host;checkout,1.0,1.0,1.0,1.0,1.0,1.0,1.0,1.0,1.0,1.0,1.0,1.0,1.0,1.0
mr1_single_lif-pod_failure_single-k8s-v2-formal-r1-20260818005522,s22,single,1,rec-agent,delta_z,resource,rec-agent,rec-agent;review-query;cart;host;inventory,1.0,1.0,1.0,1.0,1.0,1.0,1.0,1.0,1.0,1.0,1.0,1.0,1.0,1.0
mr2_cross_dependency-catalog_latency_x_net_loss-k8s-v2-formal-r1-20260818011252,d13,dual,2,catalog;catalog-gw,BARO,full,checkout,checkout;pricing;catalog;search;review-query,0.0,1.0,1.0,0.0,0.0,0.0,0.0,0.0,0.3065735963827292,0.3065735963827292,0.0,0.5,0.5,0.22916666666666666
mr2_cross_dependency-catalog_latency_x_net_loss-k8s-v2-formal-r1-20260818011252,d13,dual,2,catalog;catalog-gw,RCD_seed0,full,catalog,catalog,1.0,1.0,1.0,0.5,0.0,0.0,0.0,1.0,0.6131471927654584,0.6131471927654584,0.5,0.5,0.5,0.5
mr2_cross_dependency-catalog_latency_x_net_loss-k8s-v2-formal-r1-20260818011252,d13,dual,2,catalog;catalog-gw,RCD_seed1,full,catalog,catalog,1.0,1.0,1.0,0.5,0.0,0.0,0.0,1.0,0.6131471927654584,0.6131471927654584,0.5,0.5,0.5,0.5
mr2_cross_dependency-catalog_latency_x_net_loss-k8s-v2-formal-r1-20260818011252,d13,dual,2,catalog;catalog-gw,RCD_seed2,full,catalog,catalog,1.0,1.0,1.0,0.5,0.0,0.0,0.0,1.0,0.6131471927654584,0.6131471927654584,0.5,0.5,0.5,0.5
mr2_cross_dependency-catalog_latency_x_net_loss-k8s-v2-formal-r1-20260818011252,d13,dual,2,catalog;catalog-gw,RCD_seed3,full,catalog,catalog,1.0,1.0,1.0,0.5,0.0,0.0,0.0,1.0,0.6131471927654584,0.6131471927654584,0.5,0.5,0.5,0.5
mr2_cross_dependency-catalog_latency_x_net_loss-k8s-v2-formal-r1-20260818011252,d13,dual,2,catalog;catalog-gw,RCD_seed4,full,catalog,catalog,1.0,1.0,1.0,0.5,0.0,0.0,0.0,1.0,0.6131471927654584,0.6131471927654584,0.5,0.5,0.5,0.5
mr2_cross_dependency-catalog_latency_x_net_loss-k8s-v2-formal-r1-20260818011252,d13,dual,2,catalog;catalog-gw,delta_ratio,full,catalog,catalog;user;pricing;catalog-gw;checkout,1.0,1.0,1.0,0.5,0.0,0.0,1.0,1.0,0.6131471927654584,0.8772153153380493,0.5,0.5,1.0,0.625
mr2_cross_dependency-catalog_latency_x_net_loss-k8s-v2-formal-r1-20260818011252,d13,dual,2,catalog;catalog-gw,delta_z,full,catalog,catalog;host;sasrec;catalog-gw;user,1.0,1.0,1.0,0.5,0.0,0.0,1.0,1.0,0.6131471927654584,0.8772153153380493,0.5,0.5,1.0,0.625
mr2_cross_dependency-catalog_latency_x_net_loss-k8s-v2-formal-r1-20260818011252,d13,dual,2,catalog;catalog-gw,BARO,resource,catalog,catalog;catalog-gw;backend;checkout;order,1.0,1.0,1.0,1.0,0.0,1.0,1.0,1.0,1.0,1.0,0.5,1.0,1.0,0.75
mr2_cross_dependency-catalog_latency_x_net_loss-k8s-v2-formal-r1-20260818011252,d13,dual,2,catalog;catalog-gw,RCD_seed0,resource,catalog,catalog,1.0,1.0,1.0,0.5,0.0,0.0,0.0,1.0,0.6131471927654584,0.6131471927654584,0.5,0.5,0.5,0.5
mr2_cross_dependency-catalog_latency_x_net_loss-k8s-v2-formal-r1-20260818011252,d13,dual,2,catalog;catalog-gw,RCD_seed1,resource,catalog,catalog,1.0,1.0,1.0,0.5,0.0,0.0,0.0,1.0,0.6131471927654584,0.6131471927654584,0.5,0.5,0.5,0.5
mr2_cross_dependency-catalog_latency_x_net_loss-k8s-v2-formal-r1-20260818011252,d13,dual,2,catalog;catalog-gw,RCD_seed2,resource,catalog,catalog,1.0,1.0,1.0,0.5,0.0,0.0,0.0,1.0,0.6131471927654584,0.6131471927654584,0.5,0.5,0.5,0.5
mr2_cross_dependency-catalog_latency_x_net_loss-k8s-v2-formal-r1-20260818011252,d13,dual,2,catalog;catalog-gw,RCD_seed3,resource,catalog,catalog,1.0,1.0,1.0,0.5,0.0,0.0,0.0,1.0,0.6131471927654584,0.6131471927654584,0.5,0.5,0.5,0.5
mr2_cross_dependency-catalog_latency_x_net_loss-k8s-v2-formal-r1-20260818011252,d13,dual,2,catalog;catalog-gw,RCD_seed4,resource,catalog,catalog,1.0,1.0,1.0,0.5,0.0,0.0,0.0,1.0,0.6131471927654584,0.6131471927654584,0.5,0.5,0.5,0.5
mr2_cross_dependency-catalog_latency_x_net_loss-k8s-v2-formal-r1-20260818011252,d13,dual,2,catalog;catalog-gw,delta_ratio,resource,catalog,catalog;catalog-gw;pricing;checkout;host,1.0,1.0,1.0,1.0,0.0,1.0,1.0,1.0,1.0,1.0,0.5,1.0,1.0,0.75
mr2_cross_dependency-catalog_latency_x_net_loss-k8s-v2-formal-r1-20260818011252,d13,dual,2,catalog;catalog-gw,delta_z,resource,catalog,catalog;host;sasrec;catalog-gw;checkout,1.0,1.0,1.0,0.5,0.0,0.0,1.0,1.0,0.6131471927654584,0.8772153153380493,0.5,0.5,1.0,0.625
mr1_single_runtime-runtime_exception_single-k8s-v2-formal-r1-20260818011632,s07,single,1,catalog,BARO,full,catalog,catalog;search;pricing;catalog-gw;order,1.0,1.0,1.0,1.0,1.0,1.0,1.0,1.0,1.0,1.0,1.0,1.0,1.0,1.0
mr1_single_runtime-runtime_exception_single-k8s-v2-formal-r1-20260818011632,s07,single,1,catalog,RCD_seed0,full,catalog,catalog,1.0,1.0,1.0,1.0,1.0,1.0,1.0,1.0,1.0,1.0,1.0,1.0,1.0,1.0
mr1_single_runtime-runtime_exception_single-k8s-v2-formal-r1-20260818011632,s07,single,1,catalog,RCD_seed1,full,pricing,pricing;catalog,0.0,1.0,1.0,0.0,0.0,1.0,1.0,0.0,0.6309297535714575,0.6309297535714575,0.0,1.0,1.0,0.5
mr1_single_runtime-runtime_exception_single-k8s-v2-formal-r1-20260818011632,s07,single,1,catalog,RCD_seed2,full,catalog,catalog,1.0,1.0,1.0,1.0,1.0,1.0,1.0,1.0,1.0,1.0,1.0,1.0,1.0,1.0
mr1_single_runtime-runtime_exception_single-k8s-v2-formal-r1-20260818011632,s07,single,1,catalog,RCD_seed3,full,catalog-gw,catalog-gw;catalog,0.0,1.0,1.0,0.0,0.0,1.0,1.0,0.0,0.6309297535714575,0.6309297535714575,0.0,1.0,1.0,0.5
mr1_single_runtime-runtime_exception_single-k8s-v2-formal-r1-20260818011632,s07,single,1,catalog,RCD_seed4,full,catalog-gw,catalog-gw;catalog,0.0,1.0,1.0,0.0,0.0,1.0,1.0,0.0,0.6309297535714575,0.6309297535714575,0.0,1.0,1.0,0.5
mr1_single_runtime-runtime_exception_single-k8s-v2-formal-r1-20260818011632,s07,single,1,catalog,delta_ratio,full,pricing,pricing;catalog;mysql;catalog-gw;host,0.0,1.0,1.0,0.0,0.0,1.0,1.0,0.0,0.6309297535714575,0.6309297535714575,0.0,1.0,1.0,0.5
mr1_single_runtime-runtime_exception_single-k8s-v2-formal-r1-20260818011632,s07,single,1,catalog,delta_z,full,catalog,catalog;pricing;host;catalog-gw;checkout,1.0,1.0,1.0,1.0,1.0,1.0,1.0,1.0,1.0,1.0,1.0,1.0,1.0,1.0
mr1_single_runtime-runtime_exception_single-k8s-v2-formal-r1-20260818011632,s07,single,1,catalog,BARO,resource,catalog,catalog;pricing;catalog-gw;mysql;host,1.0,1.0,1.0,1.0,1.0,1.0,1.0,1.0,1.0,1.0,1.0,1.0,1.0,1.0
mr1_single_runtime-runtime_exception_single-k8s-v2-formal-r1-20260818011632,s07,single,1,catalog,RCD_seed0,resource,catalog,catalog;catalog-gw,1.0,1.0,1.0,1.0,1.0,1.0,1.0,1.0,1.0,1.0,1.0,1.0,1.0,1.0
mr1_single_runtime-runtime_exception_single-k8s-v2-formal-r1-20260818011632,s07,single,1,catalog,RCD_seed1,resource,catalog-gw,catalog-gw;catalog,0.0,1.0,1.0,0.0,0.0,1.0,1.0,0.0,0.6309297535714575,0.6309297535714575,0.0,1.0,1.0,0.5
mr1_single_runtime-runtime_exception_single-k8s-v2-formal-r1-20260818011632,s07,single,1,catalog,RCD_seed2,resource,catalog,catalog,1.0,1.0,1.0,1.0,1.0,1.0,1.0,1.0,1.0,1.0,1.0,1.0,1.0,1.0
mr1_single_runtime-runtime_exception_single-k8s-v2-formal-r1-20260818011632,s07,single,1,catalog,RCD_seed3,resource,catalog,catalog,1.0,1.0,1.0,1.0,1.0,1.0,1.0,1.0,1.0,1.0,1.0,1.0,1.0,1.0
mr1_single_runtime-runtime_exception_single-k8s-v2-formal-r1-20260818011632,s07,single,1,catalog,RCD_seed4,resource,catalog,catalog,1.0,1.0,1.0,1.0,1.0,1.0,1.0,1.0,1.0,1.0,1.0,1.0,1.0,1.0
mr1_single_runtime-runtime_exception_single-k8s-v2-formal-r1-20260818011632,s07,single,1,catalog,delta_ratio,resource,mysql,mysql;catalog-gw;host;catalog;pricing,0.0,0.0,1.0,0.0,0.0,0.0,1.0,0.0,0.0,0.43067655807339306,0.0,0.0,1.0,0.25
mr1_single_runtime-runtime_exception_single-k8s-v2-formal-r1-20260818011632,s07,single,1,catalog,delta_z,resource,catalog,catalog;pricing;host;catalog-gw;mysql,1.0,1.0,1.0,1.0,1.0,1.0,1.0,1.0,1.0,1.0,1.0,1.0,1.0,1.0
mr1_single_net-net_delay_single-k8s-v2-formal-r1-20260818011937,s01,single,1,catalog-gw,BARO,full,checkout,checkout;sasrec;review-query;search;pricing,0.0,0.0,0.0,0.0,0.0,0.0,0.0,0.0,0.0,0.0,0.0,0.0,0.0,0.09090909090909091
mr1_single_net-net_delay_single-k8s-v2-formal-r1-20260818011937,s01,single,1,catalog-gw,RCD_seed0,full,search,search;backend,0.0,0.0,0.0,0.0,0.0,0.0,0.0,0.0,0.0,0.0,0.0,0.0,0.0,0.0
mr1_single_net-net_delay_single-k8s-v2-formal-r1-20260818011937,s01,single,1,catalog-gw,RCD_seed1,full,user,user;backend,0.0,0.0,0.0,0.0,0.0,0.0,0.0,0.0,0.0,0.0,0.0,0.0,0.0,0.0
mr1_single_net-net_delay_single-k8s-v2-formal-r1-20260818011937,s01,single,1,catalog-gw,RCD_seed2,full,search,search;sasrec,0.0,0.0,0.0,0.0,0.0,0.0,0.0,0.0,0.0,0.0,0.0,0.0,0.0,0.0
mr1_single_net-net_delay_single-k8s-v2-formal-r1-20260818011937,s01,single,1,catalog-gw,RCD_seed3,full,search,search,0.0,0.0,0.0,0.0,0.0,0.0,0.0,0.0,0.0,0.0,0.0,0.0,0.0,0.0
mr1_single_net-net_delay_single-k8s-v2-formal-r1-20260818011937,s01,single,1,catalog-gw,RCD_seed4,full,sasrec,sasrec;order,0.0,0.0,0.0,0.0,0.0,0.0,0.0,0.0,0.0,0.0,0.0,0.0,0.0,0.0
mr1_single_net-net_delay_single-k8s-v2-formal-r1-20260818011937,s01,single,1,catalog-gw,delta_ratio,full,pricing,pricing;checkout;catalog;catalog-gw;inventory,0.0,0.0,1.0,0.0,0.0,0.0,1.0,0.0,0.0,0.43067655807339306,0.0,0.0,1.0,0.25
mr1_single_net-net_delay_single-k8s-v2-formal-r1-20260818011937,s01,single,1,catalog-gw,delta_z,full,review-query,review-query;checkout;search;pricing;inventory,0.0,0.0,0.0,0.0,0.0,0.0,0.0,0.0,0.0,0.0,0.0,0.0,0.0,0.07142857142857142
mr1_single_net-net_delay_single-k8s-v2-formal-r1-20260818011937,s01,single,1,catalog-gw,BARO,resource,pricing,pricing;search;checkout;user;catalog,0.0,0.0,0.0,0.0,0.0,0.0,0.0,0.0,0.0,0.0,0.0,0.0,0.0,0.16666666666666666
mr1_single_net-net_delay_single-k8s-v2-formal-r1-20260818011937,s01,single,1,catalog-gw,RCD_seed0,resource,search,search;inventory;cart,0.0,0.0,0.0,0.0,0.0,0.0,0.0,0.0,0.0,0.0,0.0,0.0,0.0,0.0
mr1_single_net-net_delay_single-k8s-v2-formal-r1-20260818011937,s01,single,1,catalog-gw,RCD_seed1,resource,search,search,0.0,0.0,0.0,0.0,0.0,0.0,0.0,0.0,0.0,0.0,0.0,0.0,0.0,0.0
mr1_single_net-net_delay_single-k8s-v2-formal-r1-20260818011937,s01,single,1,catalog-gw,RCD_seed2,resource,review-query,review-query,0.0,0.0,0.0,0.0,0.0,0.0,0.0,0.0,0.0,0.0,0.0,0.0,0.0,0.0
mr1_single_net-net_delay_single-k8s-v2-formal-r1-20260818011937,s01,single,1,catalog-gw,RCD_seed3,resource,catalog-gw,catalog-gw,1.0,1.0,1.0,1.0,1.0,1.0,1.0,1.0,1.0,1.0,1.0,1.0,1.0,1.0
mr1_single_net-net_delay_single-k8s-v2-formal-r1-20260818011937,s01,single,1,catalog-gw,RCD_seed4,resource,inventory,inventory,0.0,0.0,0.0,0.0,0.0,0.0,0.0,0.0,0.0,0.0,0.0,0.0,0.0,0.0
mr1_single_net-net_delay_single-k8s-v2-formal-r1-20260818011937,s01,single,1,catalog-gw,delta_ratio,resource,catalog-gw,catalog-gw;catalog;checkout;host;search,1.0,1.0,1.0,1.0,1.0,1.0,1.0,1.0,1.0,1.0,1.0,1.0,1.0,1.0
mr1_single_net-net_delay_single-k8s-v2-formal-r1-20260818011937,s01,single,1,catalog-gw,delta_z,resource,review-query,review-query;checkout;search;pricing;inventory,0.0,0.0,0.0,0.0,0.0,0.0,0.0,0.0,0.0,0.0,0.0,0.0,0.0,0.07692307692307693
mr2_intra_res-cart_cpu_x_order_cpu-k8s-v2-formal-r1-20260818013308,d18,dual,2,cart;order,BARO,full,order,order;cart;checkout;host;catalog-gw,1.0,1.0,1.0,1.0,0.0,1.0,1.0,1.0,1.0,1.0,0.5,1.0,1.0,0.75
mr2_intra_res-cart_cpu_x_order_cpu-k8s-v2-formal-r1-20260818013308,d18,dual,2,cart;order,RCD_seed0,full,cart,cart;checkout;order,1.0,1.0,1.0,0.5,0.0,1.0,1.0,1.0,0.9197207891481876,0.9197207891481876,0.5,1.0,1.0,0.6666666666666666
mr2_intra_res-cart_cpu_x_order_cpu-k8s-v2-formal-r1-20260818013308,d18,dual,2,cart;order,RCD_seed1,full,cart,cart;checkout;order;inventory,1.0,1.0,1.0,0.5,0.0,1.0,1.0,1.0,0.9197207891481876,0.9197207891481876,0.5,1.0,1.0,0.6666666666666666
mr2_intra_res-cart_cpu_x_order_cpu-k8s-v2-formal-r1-20260818013308,d18,dual,2,cart;order,RCD_seed2,full,cart,cart;checkout;order;inventory,1.0,1.0,1.0,0.5,0.0,1.0,1.0,1.0,0.9197207891481876,0.9197207891481876,0.5,1.0,1.0,0.6666666666666666
mr2_intra_res-cart_cpu_x_order_cpu-k8s-v2-formal-r1-20260818013308,d18,dual,2,cart;order,RCD_seed3,full,review-query,review-query;checkout;cart;order;inventory,0.0,1.0,1.0,0.0,0.0,0.0,1.0,0.0,0.3065735963827292,0.5706417189553201,0.0,0.5,1.0,0.29166666666666663
mr2_intra_res-cart_cpu_x_order_cpu-k8s-v2-formal-r1-20260818013308,d18,dual,2,cart;order,RCD_seed4,full,cart,cart;order;inventory;review-query;search,1.0,1.0,1.0,1.0,0.0,1.0,1.0,1.0,1.0,1.0,0.5,1.0,1.0,0.75
mr2_intra_res-cart_cpu_x_order_cpu-k8s-v2-formal-r1-20260818013308,d18,dual,2,cart;order,delta_ratio,full,order,order;cart;host;checkout;review-query,1.0,1.0,1.0,1.0,0.0,1.0,1.0,1.0,1.0,1.0,0.5,1.0,1.0,0.75
mr2_intra_res-cart_cpu_x_order_cpu-k8s-v2-formal-r1-20260818013308,d18,dual,2,cart;order,delta_z,full,order,order;cart;host;sasrec;checkout,1.0,1.0,1.0,1.0,0.0,1.0,1.0,1.0,1.0,1.0,0.5,1.0,1.0,0.75
mr2_intra_res-cart_cpu_x_order_cpu-k8s-v2-formal-r1-20260818013308,d18,dual,2,cart;order,BARO,resource,order,order;cart;host;catalog-gw;catalog,1.0,1.0,1.0,1.0,0.0,1.0,1.0,1.0,1.0,1.0,0.5,1.0,1.0,0.75
mr2_intra_res-cart_cpu_x_order_cpu-k8s-v2-formal-r1-20260818013308,d18,dual,2,cart;order,RCD_seed0,resource,order,order;inventory;search;backend;pricing,1.0,1.0,1.0,0.5,0.0,0.0,0.0,1.0,0.6131471927654584,0.6131471927654584,0.5,0.5,0.5,0.5
mr2_intra_res-cart_cpu_x_order_cpu-k8s-v2-formal-r1-20260818013308,d18,dual,2,cart;order,RCD_seed1,resource,order,order;inventory;catalog-gw;search;user,1.0,1.0,1.0,0.5,0.0,0.0,0.0,1.0,0.6131471927654584,0.6131471927654584,0.5,0.5,0.5,0.5
mr2_intra_res-cart_cpu_x_order_cpu-k8s-v2-formal-r1-20260818013308,d18,dual,2,cart;order,RCD_seed2,resource,order,order;inventory;backend;search,1.0,1.0,1.0,0.5,0.0,0.0,0.0,1.0,0.6131471927654584,0.6131471927654584,0.5,0.5,0.5,0.5
mr2_intra_res-cart_cpu_x_order_cpu-k8s-v2-formal-r1-20260818013308,d18,dual,2,cart;order,RCD_seed3,resource,order,order;backend;catalog;review-query;cart,1.0,1.0,1.0,0.5,0.0,0.0,1.0,1.0,0.6131471927654584,0.8503449055347546,0.5,0.5,1.0,0.6
mr2_intra_res-cart_cpu_x_order_cpu-k8s-v2-formal-r1-20260818013308,d18,dual,2,cart;order,RCD_seed4,resource,order,order;inventory;checkout;user,1.0,1.0,1.0,0.5,0.0,0.0,0.0,1.0,0.6131471927654584,0.6131471927654584,0.5,0.5,0.5,0.5
mr2_intra_res-cart_cpu_x_order_cpu-k8s-v2-formal-r1-20260818013308,d18,dual,2,cart;order,delta_ratio,resource,order,order;cart;host;backend;inventory,1.0,1.0,1.0,1.0,0.0,1.0,1.0,1.0,1.0,1.0,0.5,1.0,1.0,0.75
mr2_intra_res-cart_cpu_x_order_cpu-k8s-v2-formal-r1-20260818013308,d18,dual,2,cart;order,delta_z,resource,order,order;cart;host;sasrec;backend,1.0,1.0,1.0,1.0,0.0,1.0,1.0,1.0,1.0,1.0,0.5,1.0,1.0,0.75
mr1_single_net-net_delay_single-k8s-v2-formal-r1-20260818014107,s21,single,1,rec-agent,BARO,full,rec-agent,rec-agent;sasrec;order;cart;catalog,1.0,1.0,1.0,1.0,1.0,1.0,1.0,1.0,1.0,1.0,1.0,1.0,1.0,1.0
mr1_single_net-net_delay_single-k8s-v2-formal-r1-20260818014107,s21,single,1,rec-agent,RCD_seed0,full,cart,cart;rec-agent,0.0,1.0,1.0,0.0,0.0,1.0,1.0,0.0,0.6309297535714575,0.6309297535714575,0.0,1.0,1.0,0.5
mr1_single_net-net_delay_single-k8s-v2-formal-r1-20260818014107,s21,single,1,rec-agent,RCD_seed1,full,checkout,checkout;rec-agent,0.0,1.0,1.0,0.0,0.0,1.0,1.0,0.0,0.6309297535714575,0.6309297535714575,0.0,1.0,1.0,0.5
mr1_single_net-net_delay_single-k8s-v2-formal-r1-20260818014107,s21,single,1,rec-agent,RCD_seed2,full,checkout,checkout,0.0,0.0,0.0,0.0,0.0,0.0,0.0,0.0,0.0,0.0,0.0,0.0,0.0,0.0
mr1_single_net-net_delay_single-k8s-v2-formal-r1-20260818014107,s21,single,1,rec-agent,RCD_seed3,full,rec-agent,rec-agent,1.0,1.0,1.0,1.0,1.0,1.0,1.0,1.0,1.0,1.0,1.0,1.0,1.0,1.0
mr1_single_net-net_delay_single-k8s-v2-formal-r1-20260818014107,s21,single,1,rec-agent,RCD_seed4,full,checkout,checkout,0.0,0.0,0.0,0.0,0.0,0.0,0.0,0.0,0.0,0.0,0.0,0.0,0.0,0.0
mr1_single_net-net_delay_single-k8s-v2-formal-r1-20260818014107,s21,single,1,rec-agent,delta_ratio,full,rec-agent,rec-agent;backend;cart;user;inventory,1.0,1.0,1.0,1.0,1.0,1.0,1.0,1.0,1.0,1.0,1.0,1.0,1.0,1.0
mr1_single_net-net_delay_single-k8s-v2-formal-r1-20260818014107,s21,single,1,rec-agent,delta_z,full,order,order;rec-agent;host;cart;backend,0.0,1.0,1.0,0.0,0.0,1.0,1.0,0.0,0.6309297535714575,0.6309297535714575,0.0,1.0,1.0,0.5
mr1_single_net-net_delay_single-k8s-v2-formal-r1-20260818014107,s21,single,1,rec-agent,BARO,resource,order,order;cart;inventory;catalog;pricing,0.0,0.0,0.0,0.0,0.0,0.0,0.0,0.0,0.0,0.0,0.0,0.0,0.0,0.14285714285714285
mr1_single_net-net_delay_single-k8s-v2-formal-r1-20260818014107,s21,single,1,rec-agent,RCD_seed0,resource,cart,cart,0.0,0.0,0.0,0.0,0.0,0.0,0.0,0.0,0.0,0.0,0.0,0.0,0.0,0.0
mr1_single_net-net_delay_single-k8s-v2-formal-r1-20260818014107,s21,single,1,rec-agent,RCD_seed1,resource,cart,cart,0.0,0.0,0.0,0.0,0.0,0.0,0.0,0.0,0.0,0.0,0.0,0.0,0.0,0.0
mr1_single_net-net_delay_single-k8s-v2-formal-r1-20260818014107,s21,single,1,rec-agent,RCD_seed2,resource,checkout,checkout,0.0,0.0,0.0,0.0,0.0,0.0,0.0,0.0,0.0,0.0,0.0,0.0,0.0,0.0
mr1_single_net-net_delay_single-k8s-v2-formal-r1-20260818014107,s21,single,1,rec-agent,RCD_seed3,resource,checkout,checkout,0.0,0.0,0.0,0.0,0.0,0.0,0.0,0.0,0.0,0.0,0.0,0.0,0.0,0.0
mr1_single_net-net_delay_single-k8s-v2-formal-r1-20260818014107,s21,single,1,rec-agent,RCD_seed4,resource,checkout,checkout,0.0,0.0,0.0,0.0,0.0,0.0,0.0,0.0,0.0,0.0,0.0,0.0,0.0,0.0
mr1_single_net-net_delay_single-k8s-v2-formal-r1-20260818014107,s21,single,1,rec-agent,delta_ratio,resource,rec-agent,rec-agent;host;review-query;user;order,1.0,1.0,1.0,1.0,1.0,1.0,1.0,1.0,1.0,1.0,1.0,1.0,1.0,1.0
mr1_single_net-net_delay_single-k8s-v2-formal-r1-20260818014107,s21,single,1,rec-agent,delta_z,resource,order,order;host;cart;rec-agent;pricing,0.0,0.0,1.0,0.0,0.0,0.0,1.0,0.0,0.0,0.43067655807339306,0.0,0.0,1.0,0.25
mr3_cross_res-backend_cpu_x_sasrec_cpu_x_gw_netdelay-k8s-v2-formal-r1-20260818015518,t06,triple,3,backend;sasrec;catalog-gw,BARO,full,sasrec,sasrec;pricing;checkout;backend;host,1.0,1.0,1.0,0.3333333333333333,0.0,0.0,0.0,1.0,0.46927872602275644,0.6713860725233041,0.3333333333333333,0.3333333333333333,0.6666666666666666,0.4444444444444444
mr3_cross_res-backend_cpu_x_sasrec_cpu_x_gw_netdelay-k8s-v2-formal-r1-20260818015518,t06,triple,3,backend;sasrec;catalog-gw,RCD_seed0,full,checkout,checkout,0.0,0.0,0.0,0.0,0.0,0.0,0.0,0.0,0.0,0.0,0.0,0.0,0.0,0.0
mr3_cross_res-backend_cpu_x_sasrec_cpu_x_gw_netdelay-k8s-v2-formal-r1-20260818015518,t06,triple,3,backend;sasrec;catalog-gw,RCD_seed1,full,checkout,checkout,0.0,0.0,0.0,0.0,0.0,0.0,0.0,0.0,0.0,0.0,0.0,0.0,0.0,0.0
mr3_cross_res-backend_cpu_x_sasrec_cpu_x_gw_netdelay-k8s-v2-formal-r1-20260818015518,t06,triple,3,backend;sasrec;catalog-gw,RCD_seed2,full,sasrec,sasrec,1.0,1.0,1.0,0.3333333333333333,0.0,0.0,0.0,1.0,0.46927872602275644,0.46927872602275644,0.3333333333333333,0.3333333333333333,0.3333333333333333,0.3333333333333333
mr3_cross_res-backend_cpu_x_sasrec_cpu_x_gw_netdelay-k8s-v2-formal-r1-20260818015518,t06,triple,3,backend;sasrec;catalog-gw,RCD_seed3,full,sasrec,sasrec;pricing,1.0,1.0,1.0,0.3333333333333333,0.0,0.0,0.0,1.0,0.46927872602275644,0.46927872602275644,0.3333333333333333,0.3333333333333333,0.3333333333333333,0.3333333333333333
mr3_cross_res-backend_cpu_x_sasrec_cpu_x_gw_netdelay-k8s-v2-formal-r1-20260818015518,t06,triple,3,backend;sasrec;catalog-gw,RCD_seed4,full,checkout,checkout;pricing,0.0,0.0,0.0,0.0,0.0,0.0,0.0,0.0,0.0,0.0,0.0,0.0,0.0,0.0
mr3_cross_res-backend_cpu_x_sasrec_cpu_x_gw_netdelay-k8s-v2-formal-r1-20260818015518,t06,triple,3,backend;sasrec;catalog-gw,delta_ratio,full,backend,backend;sasrec;host;pricing;checkout,1.0,1.0,1.0,0.6666666666666666,0.0,0.0,0.0,1.0,0.7653606369886217,0.7653606369886217,0.3333333333333333,0.6666666666666666,0.6666666666666666,0.5277777777777778
mr3_cross_res-backend_cpu_x_sasrec_cpu_x_gw_netdelay-k8s-v2-formal-r1-20260818015518,t06,triple,3,backend;sasrec;catalog-gw,delta_z,full,backend,backend;sasrec;host;pricing;checkout,1.0,1.0,1.0,0.6666666666666666,0.0,0.0,0.0,1.0,0.7653606369886217,0.7653606369886217,0.3333333333333333,0.6666666666666666,0.6666666666666666,0.5303030303030303
mr3_cross_res-backend_cpu_x_sasrec_cpu_x_gw_netdelay-k8s-v2-formal-r1-20260818015518,t06,triple,3,backend;sasrec;catalog-gw,BARO,resource,sasrec,sasrec;backend;host;checkout;pricing,1.0,1.0,1.0,0.6666666666666666,0.0,0.0,0.0,1.0,0.7653606369886217,0.7653606369886217,0.3333333333333333,0.6666666666666666,0.6666666666666666,0.5370370370370371
mr3_cross_res-backend_cpu_x_sasrec_cpu_x_gw_netdelay-k8s-v2-formal-r1-20260818015518,t06,triple,3,backend;sasrec;catalog-gw,RCD_seed0,resource,sasrec,sasrec,1.0,1.0,1.0,0.3333333333333333,0.0,0.0,0.0,1.0,0.46927872602275644,0.46927872602275644,0.3333333333333333,0.3333333333333333,0.3333333333333333,0.3333333333333333
mr3_cross_res-backend_cpu_x_sasrec_cpu_x_gw_netdelay-k8s-v2-formal-r1-20260818015518,t06,triple,3,backend;sasrec;catalog-gw,RCD_seed1,resource,sasrec,sasrec,1.0,1.0,1.0,0.3333333333333333,0.0,0.0,0.0,1.0,0.46927872602275644,0.46927872602275644,0.3333333333333333,0.3333333333333333,0.3333333333333333,0.3333333333333333
mr3_cross_res-backend_cpu_x_sasrec_cpu_x_gw_netdelay-k8s-v2-formal-r1-20260818015518,t06,triple,3,backend;sasrec;catalog-gw,RCD_seed2,resource,sasrec,sasrec,1.0,1.0,1.0,0.3333333333333333,0.0,0.0,0.0,1.0,0.46927872602275644,0.46927872602275644,0.3333333333333333,0.3333333333333333,0.3333333333333333,0.3333333333333333
mr3_cross_res-backend_cpu_x_sasrec_cpu_x_gw_netdelay-k8s-v2-formal-r1-20260818015518,t06,triple,3,backend;sasrec;catalog-gw,RCD_seed3,resource,sasrec,sasrec,1.0,1.0,1.0,0.3333333333333333,0.0,0.0,0.0,1.0,0.46927872602275644,0.46927872602275644,0.3333333333333333,0.3333333333333333,0.3333333333333333,0.3333333333333333
mr3_cross_res-backend_cpu_x_sasrec_cpu_x_gw_netdelay-k8s-v2-formal-r1-20260818015518,t06,triple,3,backend;sasrec;catalog-gw,RCD_seed4,resource,sasrec,sasrec,1.0,1.0,1.0,0.3333333333333333,0.0,0.0,0.0,1.0,0.46927872602275644,0.46927872602275644,0.3333333333333333,0.3333333333333333,0.3333333333333333,0.3333333333333333
mr3_cross_res-backend_cpu_x_sasrec_cpu_x_gw_netdelay-k8s-v2-formal-r1-20260818015518,t06,triple,3,backend;sasrec;catalog-gw,delta_ratio,resource,backend,backend;sasrec;host;mysql;order,1.0,1.0,1.0,0.6666666666666666,0.0,0.0,0.0,1.0,0.7653606369886217,0.7653606369886217,0.3333333333333333,0.6666666666666666,0.6666666666666666,0.5256410256410257
mr3_cross_res-backend_cpu_x_sasrec_cpu_x_gw_netdelay-k8s-v2-formal-r1-20260818015518,t06,triple,3,backend;sasrec;catalog-gw,delta_z,resource,backend,backend;sasrec;host;pricing;checkout,1.0,1.0,1.0,0.6666666666666666,0.0,0.0,0.0,1.0,0.7653606369886217,0.7653606369886217,0.3333333333333333,0.6666666666666666,0.6666666666666666,0.5256410256410257
mr3_cross_lif-checkout_podfail_x_cart_cpu_x_pricing_cpu-k8s-v2-formal-r1-20260818020854,t05,triple,3,checkout;cart;pricing,BARO,full,checkout,checkout;cart;pricing;host;rec-agent,1.0,1.0,1.0,1.0,0.0,1.0,1.0,1.0,1.0,1.0,0.3333333333333333,1.0,1.0,0.611111111111111
mr3_cross_lif-checkout_podfail_x_cart_cpu_x_pricing_cpu-k8s-v2-formal-r1-20260818020854,t05,triple,3,checkout;cart;pricing,RCD_seed0,full,cart,cart,1.0,1.0,1.0,0.3333333333333333,0.0,0.0,0.0,1.0,0.46927872602275644,0.46927872602275644,0.3333333333333333,0.3333333333333333,0.3333333333333333,0.3333333333333333
mr3_cross_lif-checkout_podfail_x_cart_cpu_x_pricing_cpu-k8s-v2-formal-r1-20260818020854,t05,triple,3,checkout;cart;pricing,RCD_seed1,full,user,user;cart,0.0,1.0,1.0,0.3333333333333333,0.0,0.0,0.0,0.0,0.2960819109658652,0.2960819109658652,0.0,0.3333333333333333,0.3333333333333333,0.16666666666666666
mr3_cross_lif-checkout_podfail_x_cart_cpu_x_pricing_cpu-k8s-v2-formal-r1-20260818020854,t05,triple,3,checkout;cart;pricing,RCD_seed2,full,cart,cart;user,1.0,1.0,1.0,0.3333333333333333,0.0,0.0,0.0,1.0,0.46927872602275644,0.46927872602275644,0.3333333333333333,0.3333333333333333,0.3333333333333333,0.3333333333333333
mr3_cross_lif-checkout_podfail_x_cart_cpu_x_pricing_cpu-k8s-v2-formal-r1-20260818020854,t05,triple,3,checkout;cart;pricing,RCD_seed3,full,cart,cart;user,1.0,1.0,1.0,0.3333333333333333,0.0,0.0,0.0,1.0,0.46927872602275644,0.46927872602275644,0.3333333333333333,0.3333333333333333,0.3333333333333333,0.3333333333333333
mr3_cross_lif-checkout_podfail_x_cart_cpu_x_pricing_cpu-k8s-v2-formal-r1-20260818020854,t05,triple,3,checkout;cart;pricing,RCD_seed4,full,cart,cart,1.0,1.0,1.0,0.3333333333333333,0.0,0.0,0.0,1.0,0.46927872602275644,0.46927872602275644,0.3333333333333333,0.3333333333333333,0.3333333333333333,0.3333333333333333
mr3_cross_lif-checkout_podfail_x_cart_cpu_x_pricing_cpu-k8s-v2-formal-r1-20260818020854,t05,triple,3,checkout;cart;pricing,delta_ratio,full,pricing,pricing;cart;host;mysql;checkout,1.0,1.0,1.0,0.6666666666666666,0.0,0.0,1.0,1.0,0.7653606369886217,0.9469024295259745,0.3333333333333333,0.6666666666666666,1.0,0.5666666666666667
mr3_cross_lif-checkout_podfail_x_cart_cpu_x_pricing_cpu-k8s-v2-formal-r1-20260818020854,t05,triple,3,checkout;cart;pricing,delta_z,full,checkout,checkout;pricing;cart;host;mysql,1.0,1.0,1.0,1.0,0.0,1.0,1.0,1.0,1.0,1.0,0.3333333333333333,1.0,1.0,0.611111111111111
mr3_cross_lif-checkout_podfail_x_cart_cpu_x_pricing_cpu-k8s-v2-formal-r1-20260818020854,t05,triple,3,checkout;cart;pricing,BARO,resource,checkout,checkout;cart;pricing;host;catalog-gw,1.0,1.0,1.0,1.0,0.0,1.0,1.0,1.0,1.0,1.0,0.3333333333333333,1.0,1.0,0.611111111111111
mr3_cross_lif-checkout_podfail_x_cart_cpu_x_pricing_cpu-k8s-v2-formal-r1-20260818020854,t05,triple,3,checkout;cart;pricing,RCD_seed0,resource,user,user;cart,0.0,1.0,1.0,0.3333333333333333,0.0,0.0,0.0,0.0,0.2960819109658652,0.2960819109658652,0.0,0.3333333333333333,0.3333333333333333,0.16666666666666666
mr3_cross_lif-checkout_podfail_x_cart_cpu_x_pricing_cpu-k8s-v2-formal-r1-20260818020854,t05,triple,3,checkout;cart;pricing,RCD_seed1,resource,user,user;cart,0.0,1.0,1.0,0.3333333333333333,0.0,0.0,0.0,0.0,0.2960819109658652,0.2960819109658652,0.0,0.3333333333333333,0.3333333333333333,0.16666666666666666
mr3_cross_lif-checkout_podfail_x_cart_cpu_x_pricing_cpu-k8s-v2-formal-r1-20260818020854,t05,triple,3,checkout;cart;pricing,RCD_seed2,resource,cart,cart,1.0,1.0,1.0,0.3333333333333333,0.0,0.0,0.0,1.0,0.46927872602275644,0.46927872602275644,0.3333333333333333,0.3333333333333333,0.3333333333333333,0.3333333333333333
mr3_cross_lif-checkout_podfail_x_cart_cpu_x_pricing_cpu-k8s-v2-formal-r1-20260818020854,t05,triple,3,checkout;cart;pricing,RCD_seed3,resource,cart,cart,1.0,1.0,1.0,0.3333333333333333,0.0,0.0,0.0,1.0,0.46927872602275644,0.46927872602275644,0.3333333333333333,0.3333333333333333,0.3333333333333333,0.3333333333333333
mr3_cross_lif-checkout_podfail_x_cart_cpu_x_pricing_cpu-k8s-v2-formal-r1-20260818020854,t05,triple,3,checkout;cart;pricing,RCD_seed4,resource,cart,cart,1.0,1.0,1.0,0.3333333333333333,0.0,0.0,0.0,1.0,0.46927872602275644,0.46927872602275644,0.3333333333333333,0.3333333333333333,0.3333333333333333,0.3333333333333333
mr3_cross_lif-checkout_podfail_x_cart_cpu_x_pricing_cpu-k8s-v2-formal-r1-20260818020854,t05,triple,3,checkout;cart;pricing,delta_ratio,resource,pricing,pricing;cart;host;mysql;checkout,1.0,1.0,1.0,0.6666666666666666,0.0,0.0,1.0,1.0,0.7653606369886217,0.9469024295259745,0.3333333333333333,0.6666666666666666,1.0,0.5666666666666667
mr3_cross_lif-checkout_podfail_x_cart_cpu_x_pricing_cpu-k8s-v2-formal-r1-20260818020854,t05,triple,3,checkout;cart;pricing,delta_z,resource,checkout,checkout;pricing;cart;host;mysql,1.0,1.0,1.0,1.0,0.0,1.0,1.0,1.0,1.0,1.0,0.3333333333333333,1.0,1.0,0.611111111111111
mr3_cross_lif-order_podfail_x_reviewquery_cpu_x_catalog_cpu-k8s-v2-formal-r1-20260818022229,t08,triple,3,order;review-query;catalog,BARO,full,order,order;review-query;checkout;host;catalog,1.0,1.0,1.0,0.6666666666666666,0.0,0.0,1.0,1.0,0.7653606369886217,0.9469024295259745,0.3333333333333333,0.6666666666666666,1.0,0.5666666666666667
mr3_cross_lif-order_podfail_x_reviewquery_cpu_x_catalog_cpu-k8s-v2-formal-r1-20260818022229,t08,triple,3,order;review-query;catalog,RCD_seed0,full,review-query,review-query,1.0,1.0,1.0,0.3333333333333333,0.0,0.0,0.0,1.0,0.46927872602275644,0.46927872602275644,0.3333333333333333,0.3333333333333333,0.3333333333333333,0.3333333333333333
mr3_cross_lif-order_podfail_x_reviewquery_cpu_x_catalog_cpu-k8s-v2-formal-r1-20260818022229,t08,triple,3,order;review-query;catalog,RCD_seed1,full,review-query,review-query,1.0,1.0,1.0,0.3333333333333333,0.0,0.0,0.0,1.0,0.46927872602275644,0.46927872602275644,0.3333333333333333,0.3333333333333333,0.3333333333333333,0.3333333333333333
mr3_cross_lif-order_podfail_x_reviewquery_cpu_x_catalog_cpu-k8s-v2-formal-r1-20260818022229,t08,triple,3,order;review-query;catalog,RCD_seed2,full,review-query,review-query,1.0,1.0,1.0,0.3333333333333333,0.0,0.0,0.0,1.0,0.46927872602275644,0.46927872602275644,0.3333333333333333,0.3333333333333333,0.3333333333333333,0.3333333333333333
mr3_cross_lif-order_podfail_x_reviewquery_cpu_x_catalog_cpu-k8s-v2-formal-r1-20260818022229,t08,triple,3,order;review-query;catalog,RCD_seed3,full,review-query,review-query,1.0,1.0,1.0,0.3333333333333333,0.0,0.0,0.0,1.0,0.46927872602275644,0.46927872602275644,0.3333333333333333,0.3333333333333333,0.3333333333333333,0.3333333333333333
mr3_cross_lif-order_podfail_x_reviewquery_cpu_x_catalog_cpu-k8s-v2-formal-r1-20260818022229,t08,triple,3,order;review-query;catalog,RCD_seed4,full,review-query,review-query,1.0,1.0,1.0,0.3333333333333333,0.0,0.0,0.0,1.0,0.46927872602275644,0.46927872602275644,0.3333333333333333,0.3333333333333333,0.3333333333333333,0.3333333333333333
mr3_cross_lif-order_podfail_x_reviewquery_cpu_x_catalog_cpu-k8s-v2-formal-r1-20260818022229,t08,triple,3,order;review-query;catalog,delta_ratio,full,review-query,review-query;catalog;host;checkout;order,1.0,1.0,1.0,0.6666666666666666,0.0,0.0,1.0,1.0,0.7653606369886217,0.9469024295259745,0.3333333333333333,0.6666666666666666,1.0,0.5666666666666667
mr3_cross_lif-order_podfail_x_reviewquery_cpu_x_catalog_cpu-k8s-v2-formal-r1-20260818022229,t08,triple,3,order;review-query;catalog,delta_z,full,order,order;review-query;catalog;host;checkout,1.0,1.0,1.0,1.0,0.0,1.0,1.0,1.0,1.0,1.0,0.3333333333333333,1.0,1.0,0.611111111111111
mr3_cross_lif-order_podfail_x_reviewquery_cpu_x_catalog_cpu-k8s-v2-formal-r1-20260818022229,t08,triple,3,order;review-query;catalog,BARO,resource,order,order;review-query;host;catalog;catalog-gw,1.0,1.0,1.0,0.6666666666666666,0.0,0.0,1.0,1.0,0.7653606369886217,0.9674679834891693,0.3333333333333333,0.6666666666666666,1.0,0.5833333333333334
mr3_cross_lif-order_podfail_x_reviewquery_cpu_x_catalog_cpu-k8s-v2-formal-r1-20260818022229,t08,triple,3,order;review-query;catalog,RCD_seed0,resource,review-query,review-query;catalog-gw;pricing;mysql;user,1.0,1.0,1.0,0.3333333333333333,0.0,0.0,0.0,1.0,0.46927872602275644,0.46927872602275644,0.3333333333333333,0.3333333333333333,0.3333333333333333,0.3333333333333333
mr3_cross_lif-order_podfail_x_reviewquery_cpu_x_catalog_cpu-k8s-v2-formal-r1-20260818022229,t08,triple,3,order;review-query;catalog,RCD_seed1,resource,review-query,review-query;user;catalog-gw;backend;inventory,1.0,1.0,1.0,0.3333333333333333,0.0,0.0,0.0,1.0,0.46927872602275644,0.46927872602275644,0.3333333333333333,0.3333333333333333,0.3333333333333333,0.3333333333333333
mr3_cross_lif-order_podfail_x_reviewquery_cpu_x_catalog_cpu-k8s-v2-formal-r1-20260818022229,t08,triple,3,order;review-query;catalog,RCD_seed2,resource,review-query,review-query;user;pricing;search;checkout,1.0,1.0,1.0,0.3333333333333333,0.0,0.0,0.0,1.0,0.46927872602275644,0.46927872602275644,0.3333333333333333,0.3333333333333333,0.3333333333333333,0.3333333333333333
mr3_cross_lif-order_podfail_x_reviewquery_cpu_x_catalog_cpu-k8s-v2-formal-r1-20260818022229,t08,triple,3,order;review-query;catalog,RCD_seed3,resource,review-query,review-query;catalog-gw;catalog;pricing;backend,1.0,1.0,1.0,0.6666666666666666,0.0,0.0,0.0,1.0,0.7039180890341347,0.7039180890341347,0.3333333333333333,0.6666666666666666,0.6666666666666666,0.4444444444444444
mr3_cross_lif-order_podfail_x_reviewquery_cpu_x_catalog_cpu-k8s-v2-formal-r1-20260818022229,t08,triple,3,order;review-query;catalog,RCD_seed4,resource,review-query,review-query;catalog-gw;user;checkout,1.0,1.0,1.0,0.3333333333333333,0.0,0.0,0.0,1.0,0.46927872602275644,0.46927872602275644,0.3333333333333333,0.3333333333333333,0.3333333333333333,0.3333333333333333
mr3_cross_lif-order_podfail_x_reviewquery_cpu_x_catalog_cpu-k8s-v2-formal-r1-20260818022229,t08,triple,3,order;review-query;catalog,delta_ratio,resource,review-query,review-query;catalog;host;order;mysql,1.0,1.0,1.0,0.6666666666666666,0.0,0.0,1.0,1.0,0.7653606369886217,0.9674679834891693,0.3333333333333333,0.6666666666666666,1.0,0.5833333333333334
mr3_cross_lif-order_podfail_x_reviewquery_cpu_x_catalog_cpu-k8s-v2-formal-r1-20260818022229,t08,triple,3,order;review-query;catalog,delta_z,resource,order,order;review-query;catalog;host;cart,1.0,1.0,1.0,1.0,0.0,1.0,1.0,1.0,1.0,1.0,0.3333333333333333,1.0,1.0,0.611111111111111
mr1_single_res-service_cpu_single-k8s-v2-formal-r1-20260818022524,s09,single,1,order,BARO,full,order,order;inventory;host;sasrec;catalog-gw,1.0,1.0,1.0,1.0,1.0,1.0,1.0,1.0,1.0,1.0,1.0,1.0,1.0,1.0
mr1_single_res-service_cpu_single-k8s-v2-formal-r1-20260818022524,s09,single,1,order,RCD_seed0,full,user,user,0.0,0.0,0.0,0.0,0.0,0.0,0.0,0.0,0.0,0.0,0.0,0.0,0.0,0.0
mr1_single_res-service_cpu_single-k8s-v2-formal-r1-20260818022524,s09,single,1,order,RCD_seed1,full,sasrec,sasrec;user,0.0,0.0,0.0,0.0,0.0,0.0,0.0,0.0,0.0,0.0,0.0,0.0,0.0,0.0
mr1_single_res-service_cpu_single-k8s-v2-formal-r1-20260818022524,s09,single,1,order,RCD_seed2,full,backend,backend;cart,0.0,0.0,0.0,0.0,0.0,0.0,0.0,0.0,0.0,0.0,0.0,0.0,0.0,0.0
mr1_single_res-service_cpu_single-k8s-v2-formal-r1-20260818022524,s09,single,1,order,RCD_seed3,full,sasrec,sasrec;checkout,0.0,0.0,0.0,0.0,0.0,0.0,0.0,0.0,0.0,0.0,0.0,0.0,0.0,0.0
mr1_single_res-service_cpu_single-k8s-v2-formal-r1-20260818022524,s09,single,1,order,RCD_seed4,full,inventory,inventory;sasrec,0.0,0.0,0.0,0.0,0.0,0.0,0.0,0.0,0.0,0.0,0.0,0.0,0.0,0.0
mr1_single_res-service_cpu_single-k8s-v2-formal-r1-20260818022524,s09,single,1,order,delta_ratio,full,order,order;host;catalog;catalog-gw;cart,1.0,1.0,1.0,1.0,1.0,1.0,1.0,1.0,1.0,1.0,1.0,1.0,1.0,1.0
mr1_single_res-service_cpu_single-k8s-v2-formal-r1-20260818022524,s09,single,1,order,delta_z,full,order,order;checkout;review-query;host;sasrec,1.0,1.0,1.0,1.0,1.0,1.0,1.0,1.0,1.0,1.0,1.0,1.0,1.0,1.0
mr1_single_res-service_cpu_single-k8s-v2-formal-r1-20260818022524,s09,single,1,order,BARO,resource,order,order;host;catalog-gw;pricing;mysql,1.0,1.0,1.0,1.0,1.0,1.0,1.0,1.0,1.0,1.0,1.0,1.0,1.0,1.0
mr1_single_res-service_cpu_single-k8s-v2-formal-r1-20260818022524,s09,single,1,order,RCD_seed0,resource,host,host;sasrec;checkout,0.0,0.0,0.0,0.0,0.0,0.0,0.0,0.0,0.0,0.0,0.0,0.0,0.0,0.0
mr1_single_res-service_cpu_single-k8s-v2-formal-r1-20260818022524,s09,single,1,order,RCD_seed1,resource,inventory,inventory;review-query,0.0,0.0,0.0,0.0,0.0,0.0,0.0,0.0,0.0,0.0,0.0,0.0,0.0,0.0
mr1_single_res-service_cpu_single-k8s-v2-formal-r1-20260818022524,s09,single,1,order,RCD_seed2,resource,backend,backend;sasrec;pricing,0.0,0.0,0.0,0.0,0.0,0.0,0.0,0.0,0.0,0.0,0.0,0.0,0.0,0.0
mr1_single_res-service_cpu_single-k8s-v2-formal-r1-20260818022524,s09,single,1,order,RCD_seed3,resource,cart,cart,0.0,0.0,0.0,0.0,0.0,0.0,0.0,0.0,0.0,0.0,0.0,0.0,0.0,0.0
mr1_single_res-service_cpu_single-k8s-v2-formal-r1-20260818022524,s09,single,1,order,RCD_seed4,resource,review-query,review-query;inventory,0.0,0.0,0.0,0.0,0.0,0.0,0.0,0.0,0.0,0.0,0.0,0.0,0.0,0.0
mr1_single_res-service_cpu_single-k8s-v2-formal-r1-20260818022524,s09,single,1,order,delta_ratio,resource,order,order;host;catalog-gw;catalog;cart,1.0,1.0,1.0,1.0,1.0,1.0,1.0,1.0,1.0,1.0,1.0,1.0,1.0,1.0
mr1_single_res-service_cpu_single-k8s-v2-formal-r1-20260818022524,s09,single,1,order,delta_z,resource,order,order;checkout;review-query;host;sasrec,1.0,1.0,1.0,1.0,1.0,1.0,1.0,1.0,1.0,1.0,1.0,1.0,1.0,1.0
mr2_cross_net-net_delay_x_podfail-k8s-v2-formal-r1-20260818023415,d08,dual,2,catalog-gw;user,BARO,full,checkout,checkout;pricing;catalog-gw;user;inventory,0.0,1.0,1.0,0.0,0.0,0.0,1.0,0.0,0.3065735963827292,0.5706417189553201,0.0,0.5,1.0,0.29166666666666663
mr2_cross_net-net_delay_x_podfail-k8s-v2-formal-r1-20260818023415,d08,dual,2,catalog-gw;user,RCD_seed0,full,review-query,review-query;pricing,0.0,0.0,0.0,0.0,0.0,0.0,0.0,0.0,0.0,0.0,0.0,0.0,0.0,0.0
mr2_cross_net-net_delay_x_podfail-k8s-v2-formal-r1-20260818023415,d08,dual,2,catalog-gw;user,RCD_seed1,full,pricing,pricing,0.0,0.0,0.0,0.0,0.0,0.0,0.0,0.0,0.0,0.0,0.0,0.0,0.0,0.0
mr2_cross_net-net_delay_x_podfail-k8s-v2-formal-r1-20260818023415,d08,dual,2,catalog-gw;user,RCD_seed2,full,pricing,pricing,0.0,0.0,0.0,0.0,0.0,0.0,0.0,0.0,0.0,0.0,0.0,0.0,0.0,0.0
mr2_cross_net-net_delay_x_podfail-k8s-v2-formal-r1-20260818023415,d08,dual,2,catalog-gw;user,RCD_seed3,full,review-query,review-query,0.0,0.0,0.0,0.0,0.0,0.0,0.0,0.0,0.0,0.0,0.0,0.0,0.0,0.0
mr2_cross_net-net_delay_x_podfail-k8s-v2-formal-r1-20260818023415,d08,dual,2,catalog-gw;user,RCD_seed4,full,pricing,pricing,0.0,0.0,0.0,0.0,0.0,0.0,0.0,0.0,0.0,0.0,0.0,0.0,0.0,0.0
mr2_cross_net-net_delay_x_podfail-k8s-v2-formal-r1-20260818023415,d08,dual,2,catalog-gw;user,delta_ratio,full,pricing,pricing;checkout;catalog;review-query;backend,0.0,0.0,0.0,0.0,0.0,0.0,0.0,0.0,0.0,0.0,0.0,0.0,0.0,0.13392857142857142
mr2_cross_net-net_delay_x_podfail-k8s-v2-formal-r1-20260818023415,d08,dual,2,catalog-gw;user,delta_z,full,checkout,checkout;pricing;host;review-query;catalog,0.0,0.0,0.0,0.0,0.0,0.0,0.0,0.0,0.0,0.0,0.0,0.0,0.0,0.15476190476190477
mr2_cross_net-net_delay_x_podfail-k8s-v2-formal-r1-20260818023415,d08,dual,2,catalog-gw;user,BARO,resource,catalog-gw,catalog-gw;user;catalog;review-query;backend,1.0,1.0,1.0,1.0,0.0,1.0,1.0,1.0,1.0,1.0,0.5,1.0,1.0,0.75
mr2_cross_net-net_delay_x_podfail-k8s-v2-formal-r1-20260818023415,d08,dual,2,catalog-gw;user,RCD_seed0,resource,pricing,pricing,0.0,0.0,0.0,0.0,0.0,0.0,0.0,0.0,0.0,0.0,0.0,0.0,0.0,0.0
mr2_cross_net-net_delay_x_podfail-k8s-v2-formal-r1-20260818023415,d08,dual,2,catalog-gw;user,RCD_seed1,resource,pricing,pricing;review-query,0.0,0.0,0.0,0.0,0.0,0.0,0.0,0.0,0.0,0.0,0.0,0.0,0.0,0.0
mr2_cross_net-net_delay_x_podfail-k8s-v2-formal-r1-20260818023415,d08,dual,2,catalog-gw;user,RCD_seed2,resource,review-query,review-query,0.0,0.0,0.0,0.0,0.0,0.0,0.0,0.0,0.0,0.0,0.0,0.0,0.0,0.0
mr2_cross_net-net_delay_x_podfail-k8s-v2-formal-r1-20260818023415,d08,dual,2,catalog-gw;user,RCD_seed3,resource,review-query,review-query,0.0,0.0,0.0,0.0,0.0,0.0,0.0,0.0,0.0,0.0,0.0,0.0,0.0,0.0
mr2_cross_net-net_delay_x_podfail-k8s-v2-formal-r1-20260818023415,d08,dual,2,catalog-gw;user,RCD_seed4,resource,review-query,review-query;pricing,0.0,0.0,0.0,0.0,0.0,0.0,0.0,0.0,0.0,0.0,0.0,0.0,0.0,0.0
mr2_cross_net-net_delay_x_podfail-k8s-v2-formal-r1-20260818023415,d08,dual,2,catalog-gw;user,delta_ratio,resource,user,user;backend;catalog;review-query;pricing,1.0,1.0,1.0,0.5,0.0,0.0,0.0,1.0,0.6131471927654584,0.6131471927654584,0.5,0.5,0.5,0.5625
mr2_cross_net-net_delay_x_podfail-k8s-v2-formal-r1-20260818023415,d08,dual,2,catalog-gw;user,delta_z,resource,host,host;catalog-gw;catalog;review-query;pricing,0.0,1.0,1.0,0.5,0.0,0.0,0.0,0.0,0.38685280723454163,0.38685280723454163,0.0,0.5,0.5,0.3333333333333333
mr2_intra_config-dual_timeout_retry-k8s-v2-formal-r1-20260818023851,d01,single,1,catalog-gw,BARO,full,checkout,checkout;pricing;sasrec;catalog-gw;inventory,0.0,0.0,1.0,0.0,0.0,0.0,1.0,0.0,0.0,0.43067655807339306,0.0,0.0,1.0,0.25
mr2_intra_config-dual_timeout_retry-k8s-v2-formal-r1-20260818023851,d01,single,1,catalog-gw,RCD_seed0,full,cart,cart;order;pricing,0.0,0.0,0.0,0.0,0.0,0.0,0.0,0.0,0.0,0.0,0.0,0.0,0.0,0.0
mr2_intra_config-dual_timeout_retry-k8s-v2-formal-r1-20260818023851,d01,single,1,catalog-gw,RCD_seed1,full,review-query,review-query;order,0.0,0.0,0.0,0.0,0.0,0.0,0.0,0.0,0.0,0.0,0.0,0.0,0.0,0.0
mr2_intra_config-dual_timeout_retry-k8s-v2-formal-r1-20260818023851,d01,single,1,catalog-gw,RCD_seed2,full,cart,cart,0.0,0.0,0.0,0.0,0.0,0.0,0.0,0.0,0.0,0.0,0.0,0.0,0.0,0.0
mr2_intra_config-dual_timeout_retry-k8s-v2-formal-r1-20260818023851,d01,single,1,catalog-gw,RCD_seed3,full,review-query,review-query;order,0.0,0.0,0.0,0.0,0.0,0.0,0.0,0.0,0.0,0.0,0.0,0.0,0.0,0.0
mr2_intra_config-dual_timeout_retry-k8s-v2-formal-r1-20260818023851,d01,single,1,catalog-gw,RCD_seed4,full,inventory,inventory;cart,0.0,0.0,0.0,0.0,0.0,0.0,0.0,0.0,0.0,0.0,0.0,0.0,0.0,0.0
mr2_intra_config-dual_timeout_retry-k8s-v2-formal-r1-20260818023851,d01,single,1,catalog-gw,delta_ratio,full,pricing,pricing;checkout;cart;user;inventory,0.0,0.0,0.0,0.0,0.0,0.0,0.0,0.0,0.0,0.0,0.0,0.0,0.0,0.08333333333333333
mr2_intra_config-dual_timeout_retry-k8s-v2-formal-r1-20260818023851,d01,single,1,catalog-gw,delta_z,full,pricing,pricing;search;review-query;checkout;user,0.0,0.0,0.0,0.0,0.0,0.0,0.0,0.0,0.0,0.0,0.0,0.0,0.0,0.07692307692307693
mr2_intra_config-dual_timeout_retry-k8s-v2-formal-r1-20260818023851,d01,single,1,catalog-gw,BARO,resource,sasrec,sasrec;catalog-gw;pricing;inventory;review-query,0.0,1.0,1.0,0.0,0.0,1.0,1.0,0.0,0.6309297535714575,0.6309297535714575,0.0,1.0,1.0,0.5
mr2_intra_config-dual_timeout_retry-k8s-v2-formal-r1-20260818023851,d01,single,1,catalog-gw,RCD_seed0,resource,order,order,0.0,0.0,0.0,0.0,0.0,0.0,0.0,0.0,0.0,0.0,0.0,0.0,0.0,0.0
mr2_intra_config-dual_timeout_retry-k8s-v2-formal-r1-20260818023851,d01,single,1,catalog-gw,RCD_seed1,resource,review-query,review-query;cart,0.0,0.0,0.0,0.0,0.0,0.0,0.0,0.0,0.0,0.0,0.0,0.0,0.0,0.0
mr2_intra_config-dual_timeout_retry-k8s-v2-formal-r1-20260818023851,d01,single,1,catalog-gw,RCD_seed2,resource,pricing,pricing;order,0.0,0.0,0.0,0.0,0.0,0.0,0.0,0.0,0.0,0.0,0.0,0.0,0.0,0.0
mr2_intra_config-dual_timeout_retry-k8s-v2-formal-r1-20260818023851,d01,single,1,catalog-gw,RCD_seed3,resource,order,order;cart,0.0,0.0,0.0,0.0,0.0,0.0,0.0,0.0,0.0,0.0,0.0,0.0,0.0,0.0
mr2_intra_config-dual_timeout_retry-k8s-v2-formal-r1-20260818023851,d01,single,1,catalog-gw,RCD_seed4,resource,pricing,pricing,0.0,0.0,0.0,0.0,0.0,0.0,0.0,0.0,0.0,0.0,0.0,0.0,0.0,0.0
mr2_intra_config-dual_timeout_retry-k8s-v2-formal-r1-20260818023851,d01,single,1,catalog-gw,delta_ratio,resource,user,user;backend;sasrec;pricing;search,0.0,0.0,0.0,0.0,0.0,0.0,0.0,0.0,0.0,0.0,0.0,0.0,0.0,0.1
mr2_intra_config-dual_timeout_retry-k8s-v2-formal-r1-20260818023851,d01,single,1,catalog-gw,delta_z,resource,search,search;review-query;user;host;sasrec,0.0,0.0,0.0,0.0,0.0,0.0,0.0,0.0,0.0,0.0,0.0,0.0,0.0,0.07692307692307693
mr1_single_lif-pod_failure_single-k8s-v2-formal-r1-20260818024225,s17,single,1,backend,BARO,full,backend,backend;pricing;review-query;checkout;search,1.0,1.0,1.0,1.0,1.0,1.0,1.0,1.0,1.0,1.0,1.0,1.0,1.0,1.0
mr1_single_lif-pod_failure_single-k8s-v2-formal-r1-20260818024225,s17,single,1,backend,RCD_seed0,full,pricing,pricing;checkout,0.0,0.0,0.0,0.0,0.0,0.0,0.0,0.0,0.0,0.0,0.0,0.0,0.0,0.0
mr1_single_lif-pod_failure_single-k8s-v2-formal-r1-20260818024225,s17,single,1,backend,RCD_seed1,full,user,user;backend,0.0,1.0,1.0,0.0,0.0,1.0,1.0,0.0,0.6309297535714575,0.6309297535714575,0.0,1.0,1.0,0.5
mr1_single_lif-pod_failure_single-k8s-v2-formal-r1-20260818024225,s17,single,1,backend,RCD_seed2,full,review-query,review-query;catalog-gw,0.0,0.0,0.0,0.0,0.0,0.0,0.0,0.0,0.0,0.0,0.0,0.0,0.0,0.0
mr1_single_lif-pod_failure_single-k8s-v2-formal-r1-20260818024225,s17,single,1,backend,RCD_seed3,full,order,order;review-query,0.0,0.0,0.0,0.0,0.0,0.0,0.0,0.0,0.0,0.0,0.0,0.0,0.0,0.0
mr1_single_lif-pod_failure_single-k8s-v2-formal-r1-20260818024225,s17,single,1,backend,RCD_seed4,full,cart,cart,0.0,0.0,0.0,0.0,0.0,0.0,0.0,0.0,0.0,0.0,0.0,0.0,0.0,0.0
mr1_single_lif-pod_failure_single-k8s-v2-formal-r1-20260818024225,s17,single,1,backend,delta_ratio,full,backend,backend;checkout;cart;catalog-gw;catalog,1.0,1.0,1.0,1.0,1.0,1.0,1.0,1.0,1.0,1.0,1.0,1.0,1.0,1.0
mr1_single_lif-pod_failure_single-k8s-v2-formal-r1-20260818024225,s17,single,1,backend,delta_z,full,backend,backend;catalog;checkout;sasrec;review-query,1.0,1.0,1.0,1.0,1.0,1.0,1.0,1.0,1.0,1.0,1.0,1.0,1.0,1.0
mr1_single_lif-pod_failure_single-k8s-v2-formal-r1-20260818024225,s17,single,1,backend,BARO,resource,backend,backend;pricing;review-query;checkout;user,1.0,1.0,1.0,1.0,1.0,1.0,1.0,1.0,1.0,1.0,1.0,1.0,1.0,1.0
mr1_single_lif-pod_failure_single-k8s-v2-formal-r1-20260818024225,s17,single,1,backend,RCD_seed0,resource,sasrec,sasrec,0.0,0.0,0.0,0.0,0.0,0.0,0.0,0.0,0.0,0.0,0.0,0.0,0.0,0.0
mr1_single_lif-pod_failure_single-k8s-v2-formal-r1-20260818024225,s17,single,1,backend,RCD_seed1,resource,user,user,0.0,0.0,0.0,0.0,0.0,0.0,0.0,0.0,0.0,0.0,0.0,0.0,0.0,0.0
mr1_single_lif-pod_failure_single-k8s-v2-formal-r1-20260818024225,s17,single,1,backend,RCD_seed2,resource,sasrec,sasrec;review-query,0.0,0.0,0.0,0.0,0.0,0.0,0.0,0.0,0.0,0.0,0.0,0.0,0.0,0.0
mr1_single_lif-pod_failure_single-k8s-v2-formal-r1-20260818024225,s17,single,1,backend,RCD_seed3,resource,backend,backend;cart,1.0,1.0,1.0,1.0,1.0,1.0,1.0,1.0,1.0,1.0,1.0,1.0,1.0,1.0
mr1_single_lif-pod_failure_single-k8s-v2-formal-r1-20260818024225,s17,single,1,backend,RCD_seed4,resource,pricing,pricing;sasrec,0.0,0.0,0.0,0.0,0.0,0.0,0.0,0.0,0.0,0.0,0.0,0.0,0.0,0.0
mr1_single_lif-pod_failure_single-k8s-v2-formal-r1-20260818024225,s17,single,1,backend,delta_ratio,resource,backend,backend;catalog-gw;order;checkout;catalog,1.0,1.0,1.0,1.0,1.0,1.0,1.0,1.0,1.0,1.0,1.0,1.0,1.0,1.0
mr1_single_lif-pod_failure_single-k8s-v2-formal-r1-20260818024225,s17,single,1,backend,delta_z,resource,backend,backend;catalog;checkout;sasrec;review-query,1.0,1.0,1.0,1.0,1.0,1.0,1.0,1.0,1.0,1.0,1.0,1.0,1.0,1.0
mr1_single_lif-pod_failure_single-k8s-v2-formal-r1-20260818024601,s18,single,1,checkout,BARO,full,sasrec,sasrec;checkout;cart;user;order,0.0,1.0,1.0,0.0,0.0,1.0,1.0,0.0,0.6309297535714575,0.6309297535714575,0.0,1.0,1.0,0.5
mr1_single_lif-pod_failure_single-k8s-v2-formal-r1-20260818024601,s18,single,1,checkout,RCD_seed0,full,cart,cart;inventory,0.0,0.0,0.0,0.0,0.0,0.0,0.0,0.0,0.0,0.0,0.0,0.0,0.0,0.0
mr1_single_lif-pod_failure_single-k8s-v2-formal-r1-20260818024601,s18,single,1,checkout,RCD_seed1,full,catalog,catalog;checkout,0.0,1.0,1.0,0.0,0.0,1.0,1.0,0.0,0.6309297535714575,0.6309297535714575,0.0,1.0,1.0,0.5
mr1_single_lif-pod_failure_single-k8s-v2-formal-r1-20260818024601,s18,single,1,checkout,RCD_seed2,full,checkout,checkout;inventory,1.0,1.0,1.0,1.0,1.0,1.0,1.0,1.0,1.0,1.0,1.0,1.0,1.0,1.0
mr1_single_lif-pod_failure_single-k8s-v2-formal-r1-20260818024601,s18,single,1,checkout,RCD_seed3,full,checkout,checkout;search,1.0,1.0,1.0,1.0,1.0,1.0,1.0,1.0,1.0,1.0,1.0,1.0,1.0,1.0
mr1_single_lif-pod_failure_single-k8s-v2-formal-r1-20260818024601,s18,single,1,checkout,RCD_seed4,full,pricing,pricing;search,0.0,0.0,0.0,0.0,0.0,0.0,0.0,0.0,0.0,0.0,0.0,0.0,0.0,0.0
mr1_single_lif-pod_failure_single-k8s-v2-formal-r1-20260818024601,s18,single,1,checkout,delta_ratio,full,checkout,checkout;pricing;catalog;cart;catalog-gw,1.0,1.0,1.0,1.0,1.0,1.0,1.0,1.0,1.0,1.0,1.0,1.0,1.0,1.0
mr1_single_lif-pod_failure_single-k8s-v2-formal-r1-20260818024601,s18,single,1,checkout,delta_z,full,checkout,checkout;search;pricing;backend;cart,1.0,1.0,1.0,1.0,1.0,1.0,1.0,1.0,1.0,1.0,1.0,1.0,1.0,1.0
mr1_single_lif-pod_failure_single-k8s-v2-formal-r1-20260818024601,s18,single,1,checkout,BARO,resource,sasrec,sasrec;checkout;cart;user;inventory,0.0,1.0,1.0,0.0,0.0,1.0,1.0,0.0,0.6309297535714575,0.6309297535714575,0.0,1.0,1.0,0.5
mr1_single_lif-pod_failure_single-k8s-v2-formal-r1-20260818024601,s18,single,1,checkout,RCD_seed0,resource,review-query,review-query;pricing,0.0,0.0,0.0,0.0,0.0,0.0,0.0,0.0,0.0,0.0,0.0,0.0,0.0,0.0
mr1_single_lif-pod_failure_single-k8s-v2-formal-r1-20260818024601,s18,single,1,checkout,RCD_seed1,resource,pricing,pricing;inventory,0.0,0.0,0.0,0.0,0.0,0.0,0.0,0.0,0.0,0.0,0.0,0.0,0.0,0.0
mr1_single_lif-pod_failure_single-k8s-v2-formal-r1-20260818024601,s18,single,1,checkout,RCD_seed2,resource,catalog-gw,catalog-gw;pricing;cart,0.0,0.0,0.0,0.0,0.0,0.0,0.0,0.0,0.0,0.0,0.0,0.0,0.0,0.0
mr1_single_lif-pod_failure_single-k8s-v2-formal-r1-20260818024601,s18,single,1,checkout,RCD_seed3,resource,review-query,review-query;sasrec,0.0,0.0,0.0,0.0,0.0,0.0,0.0,0.0,0.0,0.0,0.0,0.0,0.0,0.0
mr1_single_lif-pod_failure_single-k8s-v2-formal-r1-20260818024601,s18,single,1,checkout,RCD_seed4,resource,search,search;pricing,0.0,0.0,0.0,0.0,0.0,0.0,0.0,0.0,0.0,0.0,0.0,0.0,0.0,0.0
mr1_single_lif-pod_failure_single-k8s-v2-formal-r1-20260818024601,s18,single,1,checkout,delta_ratio,resource,pricing,pricing;checkout;catalog-gw;cart;catalog,0.0,1.0,1.0,0.0,0.0,1.0,1.0,0.0,0.6309297535714575,0.6309297535714575,0.0,1.0,1.0,0.5
mr1_single_lif-pod_failure_single-k8s-v2-formal-r1-20260818024601,s18,single,1,checkout,delta_z,resource,checkout,checkout;pricing;backend;cart;sasrec,1.0,1.0,1.0,1.0,1.0,1.0,1.0,1.0,1.0,1.0,1.0,1.0,1.0,1.0
mr2_cross_net-net_delay_x_cfg_connect-k8s-v2-formal-r1-20260818024905,d05,single,1,catalog-gw,BARO,full,pricing,pricing;checkout;cart;backend;order,0.0,0.0,0.0,0.0,0.0,0.0,0.0,0.0,0.0,0.0,0.0,0.0,0.0,0.07692307692307693
mr2_cross_net-net_delay_x_cfg_connect-k8s-v2-formal-r1-20260818024905,d05,single,1,catalog-gw,RCD_seed0,full,cart,cart;inventory,0.0,0.0,0.0,0.0,0.0,0.0,0.0,0.0,0.0,0.0,0.0,0.0,0.0,0.0
mr2_cross_net-net_delay_x_cfg_connect-k8s-v2-formal-r1-20260818024905,d05,single,1,catalog-gw,RCD_seed1,full,user,user;checkout,0.0,0.0,0.0,0.0,0.0,0.0,0.0,0.0,0.0,0.0,0.0,0.0,0.0,0.0
mr2_cross_net-net_delay_x_cfg_connect-k8s-v2-formal-r1-20260818024905,d05,single,1,catalog-gw,RCD_seed2,full,pricing,pricing,0.0,0.0,0.0,0.0,0.0,0.0,0.0,0.0,0.0,0.0,0.0,0.0,0.0,0.0
mr2_cross_net-net_delay_x_cfg_connect-k8s-v2-formal-r1-20260818024905,d05,single,1,catalog-gw,RCD_seed3,full,catalog-gw,catalog-gw,1.0,1.0,1.0,1.0,1.0,1.0,1.0,1.0,1.0,1.0,1.0,1.0,1.0,1.0
mr2_cross_net-net_delay_x_cfg_connect-k8s-v2-formal-r1-20260818024905,d05,single,1,catalog-gw,RCD_seed4,full,user,user,0.0,0.0,0.0,0.0,0.0,0.0,0.0,0.0,0.0,0.0,0.0,0.0,0.0,0.0
mr2_cross_net-net_delay_x_cfg_connect-k8s-v2-formal-r1-20260818024905,d05,single,1,catalog-gw,delta_ratio,full,checkout,checkout;pricing;catalog;user;review-query,0.0,0.0,0.0,0.0,0.0,0.0,0.0,0.0,0.0,0.0,0.0,0.0,0.0,0.08333333333333333
mr2_cross_net-net_delay_x_cfg_connect-k8s-v2-formal-r1-20260818024905,d05,single,1,catalog-gw,delta_z,full,checkout,checkout;pricing;order;search;inventory,0.0,0.0,0.0,0.0,0.0,0.0,0.0,0.0,0.0,0.0,0.0,0.0,0.0,0.07142857142857142
mr2_cross_net-net_delay_x_cfg_connect-k8s-v2-formal-r1-20260818024905,d05,single,1,catalog-gw,BARO,resource,cart,cart;backend;order;checkout;pricing,0.0,0.0,0.0,0.0,0.0,0.0,0.0,0.0,0.0,0.0,0.0,0.0,0.0,0.1
mr2_cross_net-net_delay_x_cfg_connect-k8s-v2-formal-r1-20260818024905,d05,single,1,catalog-gw,RCD_seed0,resource,checkout,checkout;backend,0.0,0.0,0.0,0.0,0.0,0.0,0.0,0.0,0.0,0.0,0.0,0.0,0.0,0.0
mr2_cross_net-net_delay_x_cfg_connect-k8s-v2-formal-r1-20260818024905,d05,single,1,catalog-gw,RCD_seed1,resource,pricing,pricing;cart;catalog-gw,0.0,1.0,1.0,0.0,0.0,1.0,1.0,0.0,0.5,0.5,0.0,1.0,1.0,0.3333333333333333
mr2_cross_net-net_delay_x_cfg_connect-k8s-v2-formal-r1-20260818024905,d05,single,1,catalog-gw,RCD_seed2,resource,checkout,checkout;user,0.0,0.0,0.0,0.0,0.0,0.0,0.0,0.0,0.0,0.0,0.0,0.0,0.0,0.0
mr2_cross_net-net_delay_x_cfg_connect-k8s-v2-formal-r1-20260818024905,d05,single,1,catalog-gw,RCD_seed3,resource,pricing,pricing;cart,0.0,0.0,0.0,0.0,0.0,0.0,0.0,0.0,0.0,0.0,0.0,0.0,0.0,0.0
mr2_cross_net-net_delay_x_cfg_connect-k8s-v2-formal-r1-20260818024905,d05,single,1,catalog-gw,RCD_seed4,resource,pricing,pricing;user,0.0,0.0,0.0,0.0,0.0,0.0,0.0,0.0,0.0,0.0,0.0,0.0,0.0,0.0
mr2_cross_net-net_delay_x_cfg_connect-k8s-v2-formal-r1-20260818024905,d05,single,1,catalog-gw,delta_ratio,resource,review-query,review-query;inventory;order;pricing;backend,0.0,0.0,0.0,0.0,0.0,0.0,0.0,0.0,0.0,0.0,0.0,0.0,0.0,0.1
mr2_cross_net-net_delay_x_cfg_connect-k8s-v2-formal-r1-20260818024905,d05,single,1,catalog-gw,delta_z,resource,checkout,checkout;pricing;order;search;inventory,0.0,0.0,0.0,0.0,0.0,0.0,0.0,0.0,0.0,0.0,0.0,0.0,0.0,0.09090909090909091
mr2_cross_res-db_lock_x_netdelay-k8s-v2-formal-r1-20260818025207,d10,dual,2,mysql;catalog-gw,BARO,full,backend,backend;checkout;order;catalog;pricing,0.0,0.0,0.0,0.0,0.0,0.0,0.0,0.0,0.0,0.0,0.0,0.0,0.0,0.07417582417582418
mr2_cross_res-db_lock_x_netdelay-k8s-v2-formal-r1-20260818025207,d10,dual,2,mysql;catalog-gw,RCD_seed0,full,catalog,catalog;pricing,0.0,0.0,0.0,0.0,0.0,0.0,0.0,0.0,0.0,0.0,0.0,0.0,0.0,0.0
mr2_cross_res-db_lock_x_netdelay-k8s-v2-formal-r1-20260818025207,d10,dual,2,mysql;catalog-gw,RCD_seed1,full,inventory,inventory;checkout,0.0,0.0,0.0,0.0,0.0,0.0,0.0,0.0,0.0,0.0,0.0,0.0,0.0,0.0
mr2_cross_res-db_lock_x_netdelay-k8s-v2-formal-r1-20260818025207,d10,dual,2,mysql;catalog-gw,RCD_seed2,full,pricing,pricing,0.0,0.0,0.0,0.0,0.0,0.0,0.0,0.0,0.0,0.0,0.0,0.0,0.0,0.0
mr2_cross_res-db_lock_x_netdelay-k8s-v2-formal-r1-20260818025207,d10,dual,2,mysql;catalog-gw,RCD_seed3,full,sasrec,sasrec,0.0,0.0,0.0,0.0,0.0,0.0,0.0,0.0,0.0,0.0,0.0,0.0,0.0,0.0
mr2_cross_res-db_lock_x_netdelay-k8s-v2-formal-r1-20260818025207,d10,dual,2,mysql;catalog-gw,RCD_seed4,full,inventory,inventory;user,0.0,0.0,0.0,0.0,0.0,0.0,0.0,0.0,0.0,0.0,0.0,0.0,0.0,0.0
mr2_cross_res-db_lock_x_netdelay-k8s-v2-formal-r1-20260818025207,d10,dual,2,mysql;catalog-gw,delta_ratio,full,cart,cart;catalog;checkout;order;pricing,0.0,0.0,0.0,0.0,0.0,0.0,0.0,0.0,0.0,0.0,0.0,0.0,0.0,0.08888888888888888
mr2_cross_res-db_lock_x_netdelay-k8s-v2-formal-r1-20260818025207,d10,dual,2,mysql;catalog-gw,delta_z,full,cart,cart;catalog;checkout;order;pricing,0.0,0.0,0.0,0.0,0.0,0.0,0.0,0.0,0.0,0.0,0.0,0.0,0.0,0.07179487179487179
mr2_cross_res-db_lock_x_netdelay-k8s-v2-formal-r1-20260818025207,d10,dual,2,mysql;catalog-gw,BARO,resource,pricing,pricing;backend;review-query;checkout;user,0.0,0.0,0.0,0.0,0.0,0.0,0.0,0.0,0.0,0.0,0.0,0.0,0.0,0.09545454545454546
mr2_cross_res-db_lock_x_netdelay-k8s-v2-formal-r1-20260818025207,d10,dual,2,mysql;catalog-gw,RCD_seed0,resource,checkout,checkout;catalog-gw;user,0.0,1.0,1.0,0.5,0.0,0.0,0.0,0.0,0.38685280723454163,0.38685280723454163,0.0,0.5,0.5,0.25
mr2_cross_res-db_lock_x_netdelay-k8s-v2-formal-r1-20260818025207,d10,dual,2,mysql;catalog-gw,RCD_seed1,resource,backend,backend;inventory,0.0,0.0,0.0,0.0,0.0,0.0,0.0,0.0,0.0,0.0,0.0,0.0,0.0,0.0
mr2_cross_res-db_lock_x_netdelay-k8s-v2-formal-r1-20260818025207,d10,dual,2,mysql;catalog-gw,RCD_seed2,resource,catalog-gw,catalog-gw;user;order,1.0,1.0,1.0,0.5,0.0,0.0,0.0,1.0,0.6131471927654584,0.6131471927654584,0.5,0.5,0.5,0.5
mr2_cross_res-db_lock_x_netdelay-k8s-v2-formal-r1-20260818025207,d10,dual,2,mysql;catalog-gw,RCD_seed3,resource,inventory,inventory;backend;catalog-gw,0.0,1.0,1.0,0.0,0.0,0.0,0.0,0.0,0.3065735963827292,0.3065735963827292,0.0,0.5,0.5,0.16666666666666666
mr2_cross_res-db_lock_x_netdelay-k8s-v2-formal-r1-20260818025207,d10,dual,2,mysql;catalog-gw,RCD_seed4,resource,user,user;backend;pricing,0.0,0.0,0.0,0.0,0.0,0.0,0.0,0.0,0.0,0.0,0.0,0.0,0.0,0.0
mr2_cross_res-db_lock_x_netdelay-k8s-v2-formal-r1-20260818025207,d10,dual,2,mysql;catalog-gw,delta_ratio,resource,catalog-gw,catalog-gw;catalog;review-query;pricing;cart,1.0,1.0,1.0,0.5,0.0,0.0,0.0,1.0,0.6131471927654584,0.6131471927654584,0.5,0.5,0.5,0.5357142857142857
mr2_cross_res-db_lock_x_netdelay-k8s-v2-formal-r1-20260818025207,d10,dual,2,mysql;catalog-gw,delta_z,resource,inventory,inventory;order;user;cart;sasrec,0.0,0.0,0.0,0.0,0.0,0.0,0.0,0.0,0.0,0.0,0.0,0.0,0.0,0.08571428571428572
mr1_single_lif-pod_failure_single-k8s-v2-formal-r1-20260818025540,s15,single,1,cart,BARO,full,cart,cart;user;order;inventory;checkout,1.0,1.0,1.0,1.0,1.0,1.0,1.0,1.0,1.0,1.0,1.0,1.0,1.0,1.0
mr1_single_lif-pod_failure_single-k8s-v2-formal-r1-20260818025540,s15,single,1,cart,RCD_seed0,full,catalog,catalog;backend;catalog-gw,0.0,0.0,0.0,0.0,0.0,0.0,0.0,0.0,0.0,0.0,0.0,0.0,0.0,0.0
mr1_single_lif-pod_failure_single-k8s-v2-formal-r1-20260818025540,s15,single,1,cart,RCD_seed1,full,cart,cart;catalog-gw,1.0,1.0,1.0,1.0,1.0,1.0,1.0,1.0,1.0,1.0,1.0,1.0,1.0,1.0
mr1_single_lif-pod_failure_single-k8s-v2-formal-r1-20260818025540,s15,single,1,cart,RCD_seed2,full,cart,cart,1.0,1.0,1.0,1.0,1.0,1.0,1.0,1.0,1.0,1.0,1.0,1.0,1.0,1.0
mr1_single_lif-pod_failure_single-k8s-v2-formal-r1-20260818025540,s15,single,1,cart,RCD_seed3,full,catalog-gw,catalog-gw;search,0.0,0.0,0.0,0.0,0.0,0.0,0.0,0.0,0.0,0.0,0.0,0.0,0.0,0.0
mr1_single_lif-pod_failure_single-k8s-v2-formal-r1-20260818025540,s15,single,1,cart,RCD_seed4,full,user,user;catalog-gw,0.0,0.0,0.0,0.0,0.0,0.0,0.0,0.0,0.0,0.0,0.0,0.0,0.0,0.0
mr1_single_lif-pod_failure_single-k8s-v2-formal-r1-20260818025540,s15,single,1,cart,delta_ratio,full,cart,cart;backend;review-query;checkout;inventory,1.0,1.0,1.0,1.0,1.0,1.0,1.0,1.0,1.0,1.0,1.0,1.0,1.0,1.0
mr1_single_lif-pod_failure_single-k8s-v2-formal-r1-20260818025540,s15,single,1,cart,delta_z,full,cart,cart;pricing;inventory;checkout;sasrec,1.0,1.0,1.0,1.0,1.0,1.0,1.0,1.0,1.0,1.0,1.0,1.0,1.0,1.0
mr1_single_lif-pod_failure_single-k8s-v2-formal-r1-20260818025540,s15,single,1,cart,BARO,resource,cart,cart;checkout;user;catalog;catalog-gw,1.0,1.0,1.0,1.0,1.0,1.0,1.0,1.0,1.0,1.0,1.0,1.0,1.0,1.0
mr1_single_lif-pod_failure_single-k8s-v2-formal-r1-20260818025540,s15,single,1,cart,RCD_seed0,resource,user,user;pricing;catalog-gw,0.0,0.0,0.0,0.0,0.0,0.0,0.0,0.0,0.0,0.0,0.0,0.0,0.0,0.0
mr1_single_lif-pod_failure_single-k8s-v2-formal-r1-20260818025540,s15,single,1,cart,RCD_seed1,resource,search,search;catalog-gw;pricing,0.0,0.0,0.0,0.0,0.0,0.0,0.0,0.0,0.0,0.0,0.0,0.0,0.0,0.0
mr1_single_lif-pod_failure_single-k8s-v2-formal-r1-20260818025540,s15,single,1,cart,RCD_seed2,resource,user,user;catalog-gw;catalog,0.0,0.0,0.0,0.0,0.0,0.0,0.0,0.0,0.0,0.0,0.0,0.0,0.0,0.0
mr1_single_lif-pod_failure_single-k8s-v2-formal-r1-20260818025540,s15,single,1,cart,RCD_seed3,resource,search,search;catalog-gw;cart,0.0,1.0,1.0,0.0,0.0,1.0,1.0,0.0,0.5,0.5,0.0,1.0,1.0,0.3333333333333333
mr1_single_lif-pod_failure_single-k8s-v2-formal-r1-20260818025540,s15,single,1,cart,RCD_seed4,resource,review-query,review-query,0.0,0.0,0.0,0.0,0.0,0.0,0.0,0.0,0.0,0.0,0.0,0.0,0.0,0.0
mr1_single_lif-pod_failure_single-k8s-v2-formal-r1-20260818025540,s15,single,1,cart,delta_ratio,resource,cart,cart;backend;catalog-gw;catalog;review-query,1.0,1.0,1.0,1.0,1.0,1.0,1.0,1.0,1.0,1.0,1.0,1.0,1.0,1.0
mr1_single_lif-pod_failure_single-k8s-v2-formal-r1-20260818025540,s15,single,1,cart,delta_z,resource,cart,cart;pricing;inventory;checkout;sasrec,1.0,1.0,1.0,1.0,1.0,1.0,1.0,1.0,1.0,1.0,1.0,1.0,1.0,1.0
mr3_cross_lif-order_podfail_x_reviewquery_cpu_x_catalog_cpu-k8s-v2-formal-r1-20260818031241,t08,triple,3,order;review-query;catalog,BARO,full,order,order;checkout;review-query;catalog-gw;catalog,1.0,1.0,1.0,0.6666666666666666,0.0,0.0,1.0,1.0,0.7039180890341347,0.8854598815714874,0.3333333333333333,0.6666666666666666,1.0,0.5111111111111111
mr3_cross_lif-order_podfail_x_reviewquery_cpu_x_catalog_cpu-k8s-v2-formal-r1-20260818031241,t08,triple,3,order;review-query;catalog,RCD_seed0,full,backend,backend;review-query;catalog,0.0,1.0,1.0,0.6666666666666666,0.0,0.0,0.0,0.0,0.5307212739772434,0.5307212739772434,0.0,0.6666666666666666,0.6666666666666666,0.27777777777777773
mr3_cross_lif-order_podfail_x_reviewquery_cpu_x_catalog_cpu-k8s-v2-formal-r1-20260818031241,t08,triple,3,order;review-query;catalog,RCD_seed1,full,review-query,review-query;catalog;backend;pricing;cart,1.0,1.0,1.0,0.6666666666666666,0.0,0.0,0.0,1.0,0.7653606369886217,0.7653606369886217,0.3333333333333333,0.6666666666666666,0.6666666666666666,0.5
mr3_cross_lif-order_podfail_x_reviewquery_cpu_x_catalog_cpu-k8s-v2-formal-r1-20260818031241,t08,triple,3,order;review-query;catalog,RCD_seed2,full,review-query,review-query;backend;catalog,1.0,1.0,1.0,0.6666666666666666,0.0,0.0,0.0,1.0,0.7039180890341347,0.7039180890341347,0.3333333333333333,0.6666666666666666,0.6666666666666666,0.4444444444444444
mr3_cross_lif-order_podfail_x_reviewquery_cpu_x_catalog_cpu-k8s-v2-formal-r1-20260818031241,t08,triple,3,order;review-query;catalog,RCD_seed3,full,backend,backend;review-query;catalog;pricing,0.0,1.0,1.0,0.6666666666666666,0.0,0.0,0.0,0.0,0.5307212739772434,0.5307212739772434,0.0,0.6666666666666666,0.6666666666666666,0.27777777777777773
mr3_cross_lif-order_podfail_x_reviewquery_cpu_x_catalog_cpu-k8s-v2-formal-r1-20260818031241,t08,triple,3,order;review-query;catalog,RCD_seed4,full,backend,backend;catalog;review-query,0.0,1.0,1.0,0.6666666666666666,0.0,0.0,0.0,0.0,0.5307212739772434,0.5307212739772434,0.0,0.6666666666666666,0.6666666666666666,0.27777777777777773
mr3_cross_lif-order_podfail_x_reviewquery_cpu_x_catalog_cpu-k8s-v2-formal-r1-20260818031241,t08,triple,3,order;review-query;catalog,delta_ratio,full,catalog,catalog;review-query;host;pricing;checkout,1.0,1.0,1.0,0.6666666666666666,0.0,0.0,0.0,1.0,0.7653606369886217,0.7653606369886217,0.3333333333333333,0.6666666666666666,0.6666666666666666,0.5476190476190476
mr3_cross_lif-order_podfail_x_reviewquery_cpu_x_catalog_cpu-k8s-v2-formal-r1-20260818031241,t08,triple,3,order;review-query;catalog,delta_z,full,order,order;catalog;review-query;backend;host,1.0,1.0,1.0,1.0,0.0,1.0,1.0,1.0,1.0,1.0,0.3333333333333333,1.0,1.0,0.611111111111111
mr3_cross_lif-order_podfail_x_reviewquery_cpu_x_catalog_cpu-k8s-v2-formal-r1-20260818031241,t08,triple,3,order;review-query;catalog,BARO,resource,order,order;review-query;catalog-gw;catalog;host,1.0,1.0,1.0,0.6666666666666666,0.0,0.0,1.0,1.0,0.7653606369886217,0.9674679834891693,0.3333333333333333,0.6666666666666666,1.0,0.5833333333333334
mr3_cross_lif-order_podfail_x_reviewquery_cpu_x_catalog_cpu-k8s-v2-formal-r1-20260818031241,t08,triple,3,order;review-query;catalog,RCD_seed0,resource,backend,backend;review-query;user;cart;catalog,0.0,1.0,1.0,0.3333333333333333,0.0,0.0,0.0,0.0,0.2960819109658652,0.4776237035032179,0.0,0.3333333333333333,0.6666666666666666,0.2333333333333333
mr3_cross_lif-order_podfail_x_reviewquery_cpu_x_catalog_cpu-k8s-v2-formal-r1-20260818031241,t08,triple,3,order;review-query;catalog,RCD_seed1,resource,backend,backend;catalog;review-query,0.0,1.0,1.0,0.6666666666666666,0.0,0.0,0.0,0.0,0.5307212739772434,0.5307212739772434,0.0,0.6666666666666666,0.6666666666666666,0.27777777777777773
mr3_cross_lif-order_podfail_x_reviewquery_cpu_x_catalog_cpu-k8s-v2-formal-r1-20260818031241,t08,triple,3,order;review-query;catalog,RCD_seed2,resource,backend,backend;review-query;catalog,0.0,1.0,1.0,0.6666666666666666,0.0,0.0,0.0,0.0,0.5307212739772434,0.5307212739772434,0.0,0.6666666666666666,0.6666666666666666,0.27777777777777773
mr3_cross_lif-order_podfail_x_reviewquery_cpu_x_catalog_cpu-k8s-v2-formal-r1-20260818031241,t08,triple,3,order;review-query;catalog,RCD_seed3,resource,backend,backend;review-query;catalog;pricing,0.0,1.0,1.0,0.6666666666666666,0.0,0.0,0.0,0.0,0.5307212739772434,0.5307212739772434,0.0,0.6666666666666666,0.6666666666666666,0.27777777777777773
mr3_cross_lif-order_podfail_x_reviewquery_cpu_x_catalog_cpu-k8s-v2-formal-r1-20260818031241,t08,triple,3,order;review-query;catalog,RCD_seed4,resource,backend,backend;review-query;cart;pricing,0.0,1.0,1.0,0.3333333333333333,0.0,0.0,0.0,0.0,0.2960819109658652,0.2960819109658652,0.0,0.3333333333333333,0.3333333333333333,0.16666666666666666
mr3_cross_lif-order_podfail_x_reviewquery_cpu_x_catalog_cpu-k8s-v2-formal-r1-20260818031241,t08,triple,3,order;review-query;catalog,delta_ratio,resource,catalog,catalog;review-query;host;mysql;order,1.0,1.0,1.0,0.6666666666666666,0.0,0.0,1.0,1.0,0.7653606369886217,0.9469024295259745,0.3333333333333333,0.6666666666666666,1.0,0.5666666666666667
mr3_cross_lif-order_podfail_x_reviewquery_cpu_x_catalog_cpu-k8s-v2-formal-r1-20260818031241,t08,triple,3,order;review-query;catalog,delta_z,resource,order,order;catalog;review-query;host;mysql,1.0,1.0,1.0,1.0,0.0,1.0,1.0,1.0,1.0,1.0,0.3333333333333333,1.0,1.0,0.611111111111111
mr1_single_lif-pod_failure_single-k8s-v2-formal-r1-20260818031616,s03,single,1,catalog,BARO,full,checkout,checkout;pricing;cart;inventory;rec-agent,0.0,0.0,0.0,0.0,0.0,0.0,0.0,0.0,0.0,0.0,0.0,0.0,0.0,0.1
mr1_single_lif-pod_failure_single-k8s-v2-formal-r1-20260818031616,s03,single,1,catalog,RCD_seed0,full,cart,cart;catalog,0.0,1.0,1.0,0.0,0.0,1.0,1.0,0.0,0.6309297535714575,0.6309297535714575,0.0,1.0,1.0,0.5
mr1_single_lif-pod_failure_single-k8s-v2-formal-r1-20260818031616,s03,single,1,catalog,RCD_seed1,full,pricing,pricing;backend,0.0,0.0,0.0,0.0,0.0,0.0,0.0,0.0,0.0,0.0,0.0,0.0,0.0,0.0
mr1_single_lif-pod_failure_single-k8s-v2-formal-r1-20260818031616,s03,single,1,catalog,RCD_seed2,full,catalog,catalog;cart,1.0,1.0,1.0,1.0,1.0,1.0,1.0,1.0,1.0,1.0,1.0,1.0,1.0,1.0
mr1_single_lif-pod_failure_single-k8s-v2-formal-r1-20260818031616,s03,single,1,catalog,RCD_seed3,full,pricing,pricing;catalog,0.0,1.0,1.0,0.0,0.0,1.0,1.0,0.0,0.6309297535714575,0.6309297535714575,0.0,1.0,1.0,0.5
mr1_single_lif-pod_failure_single-k8s-v2-formal-r1-20260818031616,s03,single,1,catalog,RCD_seed4,full,pricing,pricing;catalog,0.0,1.0,1.0,0.0,0.0,1.0,1.0,0.0,0.6309297535714575,0.6309297535714575,0.0,1.0,1.0,0.5
mr1_single_lif-pod_failure_single-k8s-v2-formal-r1-20260818031616,s03,single,1,catalog,delta_ratio,full,pricing,pricing;catalog;checkout;backend;catalog-gw,0.0,1.0,1.0,0.0,0.0,1.0,1.0,0.0,0.6309297535714575,0.6309297535714575,0.0,1.0,1.0,0.5
mr1_single_lif-pod_failure_single-k8s-v2-formal-r1-20260818031616,s03,single,1,catalog,delta_z,full,catalog,catalog;pricing;checkout;user;backend,1.0,1.0,1.0,1.0,1.0,1.0,1.0,1.0,1.0,1.0,1.0,1.0,1.0,1.0
mr1_single_lif-pod_failure_single-k8s-v2-formal-r1-20260818031616,s03,single,1,catalog,BARO,resource,search,search;pricing;user;inventory;catalog,0.0,0.0,1.0,0.0,0.0,0.0,1.0,0.0,0.0,0.38685280723454163,0.0,0.0,1.0,0.2
mr1_single_lif-pod_failure_single-k8s-v2-formal-r1-20260818031616,s03,single,1,catalog,RCD_seed0,resource,cart,cart;backend,0.0,0.0,0.0,0.0,0.0,0.0,0.0,0.0,0.0,0.0,0.0,0.0,0.0,0.0
mr1_single_lif-pod_failure_single-k8s-v2-formal-r1-20260818031616,s03,single,1,catalog,RCD_seed1,resource,checkout,checkout;cart,0.0,0.0,0.0,0.0,0.0,0.0,0.0,0.0,0.0,0.0,0.0,0.0,0.0,0.0
mr1_single_lif-pod_failure_single-k8s-v2-formal-r1-20260818031616,s03,single,1,catalog,RCD_seed2,resource,pricing,pricing;cart,0.0,0.0,0.0,0.0,0.0,0.0,0.0,0.0,0.0,0.0,0.0,0.0,0.0,0.0
mr1_single_lif-pod_failure_single-k8s-v2-formal-r1-20260818031616,s03,single,1,catalog,RCD_seed3,resource,catalog-gw,catalog-gw;backend,0.0,0.0,0.0,0.0,0.0,0.0,0.0,0.0,0.0,0.0,0.0,0.0,0.0,0.0
mr1_single_lif-pod_failure_single-k8s-v2-formal-r1-20260818031616,s03,single,1,catalog,RCD_seed4,resource,search,search;pricing;review-query,0.0,0.0,0.0,0.0,0.0,0.0,0.0,0.0,0.0,0.0,0.0,0.0,0.0,0.0
mr1_single_lif-pod_failure_single-k8s-v2-formal-r1-20260818031616,s03,single,1,catalog,delta_ratio,resource,catalog,catalog;catalog-gw;host;order;backend,1.0,1.0,1.0,1.0,1.0,1.0,1.0,1.0,1.0,1.0,1.0,1.0,1.0,1.0
mr1_single_lif-pod_failure_single-k8s-v2-formal-r1-20260818031616,s03,single,1,catalog,delta_z,resource,catalog,catalog;user;backend;pricing;cart,1.0,1.0,1.0,1.0,1.0,1.0,1.0,1.0,1.0,1.0,1.0,1.0,1.0,1.0
mr2_cross_net-net_delay_x_svc_cpu-k8s-v2-formal-r1-20260818032208,d14,dual,2,catalog-gw;catalog,BARO,full,checkout,checkout;pricing;catalog;review-query;backend,0.0,1.0,1.0,0.0,0.0,0.0,0.0,0.0,0.3065735963827292,0.3065735963827292,0.0,0.5,0.5,0.23809523809523808
mr2_cross_net-net_delay_x_svc_cpu-k8s-v2-formal-r1-20260818032208,d14,dual,2,catalog-gw;catalog,RCD_seed0,full,checkout,checkout;user,0.0,0.0,0.0,0.0,0.0,0.0,0.0,0.0,0.0,0.0,0.0,0.0,0.0,0.0
mr2_cross_net-net_delay_x_svc_cpu-k8s-v2-formal-r1-20260818032208,d14,dual,2,catalog-gw;catalog,RCD_seed1,full,backend,backend;checkout,0.0,0.0,0.0,0.0,0.0,0.0,0.0,0.0,0.0,0.0,0.0,0.0,0.0,0.0
mr2_cross_net-net_delay_x_svc_cpu-k8s-v2-formal-r1-20260818032208,d14,dual,2,catalog-gw;catalog,RCD_seed2,full,checkout,checkout;pricing,0.0,0.0,0.0,0.0,0.0,0.0,0.0,0.0,0.0,0.0,0.0,0.0,0.0,0.0
mr2_cross_net-net_delay_x_svc_cpu-k8s-v2-formal-r1-20260818032208,d14,dual,2,catalog-gw;catalog,RCD_seed3,full,cart,cart;checkout,0.0,0.0,0.0,0.0,0.0,0.0,0.0,0.0,0.0,0.0,0.0,0.0,0.0,0.0
mr2_cross_net-net_delay_x_svc_cpu-k8s-v2-formal-r1-20260818032208,d14,dual,2,catalog-gw;catalog,RCD_seed4,full,checkout,checkout;cart;backend,0.0,0.0,0.0,0.0,0.0,0.0,0.0,0.0,0.0,0.0,0.0,0.0,0.0,0.0
mr2_cross_net-net_delay_x_svc_cpu-k8s-v2-formal-r1-20260818032208,d14,dual,2,catalog-gw;catalog,delta_ratio,full,catalog,catalog;host;mysql;pricing;checkout,1.0,1.0,1.0,0.5,0.0,0.0,0.0,1.0,0.6131471927654584,0.6131471927654584,0.5,0.5,0.5,0.5416666666666666
mr2_cross_net-net_delay_x_svc_cpu-k8s-v2-formal-r1-20260818032208,d14,dual,2,catalog-gw;catalog,delta_z,full,catalog,catalog;host;mysql;checkout;pricing,1.0,1.0,1.0,0.5,0.0,0.0,0.0,1.0,0.6131471927654584,0.6131471927654584,0.5,0.5,0.5,0.5555555555555556
mr2_cross_net-net_delay_x_svc_cpu-k8s-v2-formal-r1-20260818032208,d14,dual,2,catalog-gw;catalog,BARO,resource,catalog,catalog;backend;host;catalog-gw;user,1.0,1.0,1.0,0.5,0.0,0.0,1.0,1.0,0.6131471927654584,0.8772153153380493,0.5,0.5,1.0,0.625
mr2_cross_net-net_delay_x_svc_cpu-k8s-v2-formal-r1-20260818032208,d14,dual,2,catalog-gw;catalog,RCD_seed0,resource,user,user,0.0,0.0,0.0,0.0,0.0,0.0,0.0,0.0,0.0,0.0,0.0,0.0,0.0,0.0
mr2_cross_net-net_delay_x_svc_cpu-k8s-v2-formal-r1-20260818032208,d14,dual,2,catalog-gw;catalog,RCD_seed1,resource,pricing,pricing;backend,0.0,0.0,0.0,0.0,0.0,0.0,0.0,0.0,0.0,0.0,0.0,0.0,0.0,0.0
mr2_cross_net-net_delay_x_svc_cpu-k8s-v2-formal-r1-20260818032208,d14,dual,2,catalog-gw;catalog,RCD_seed2,resource,cart,cart;user;backend,0.0,0.0,0.0,0.0,0.0,0.0,0.0,0.0,0.0,0.0,0.0,0.0,0.0,0.0
mr2_cross_net-net_delay_x_svc_cpu-k8s-v2-formal-r1-20260818032208,d14,dual,2,catalog-gw;catalog,RCD_seed3,resource,pricing,pricing;checkout,0.0,0.0,0.0,0.0,0.0,0.0,0.0,0.0,0.0,0.0,0.0,0.0,0.0,0.0
mr2_cross_net-net_delay_x_svc_cpu-k8s-v2-formal-r1-20260818032208,d14,dual,2,catalog-gw;catalog,RCD_seed4,resource,checkout,checkout;pricing;cart,0.0,0.0,0.0,0.0,0.0,0.0,0.0,0.0,0.0,0.0,0.0,0.0,0.0,0.0
mr2_cross_net-net_delay_x_svc_cpu-k8s-v2-formal-r1-20260818032208,d14,dual,2,catalog-gw;catalog,delta_ratio,resource,catalog,catalog;host;mysql;checkout;pricing,1.0,1.0,1.0,0.5,0.0,0.0,0.0,1.0,0.6131471927654584,0.6131471927654584,0.5,0.5,0.5,0.5714285714285714
mr2_cross_net-net_delay_x_svc_cpu-k8s-v2-formal-r1-20260818032208,d14,dual,2,catalog-gw;catalog,delta_z,resource,catalog,catalog;host;mysql;user;backend,1.0,1.0,1.0,0.5,0.0,0.0,0.0,1.0,0.6131471927654584,0.6131471927654584,0.5,0.5,0.5,0.5416666666666666
mr3_cross_res-backend_cpu_x_sasrec_cpu_x_gw_netdelay-k8s-v2-formal-r1-20260818033540,t06,triple,3,backend;sasrec;catalog-gw,BARO,full,sasrec,sasrec;checkout;pricing;backend;host,1.0,1.0,1.0,0.3333333333333333,0.0,0.0,0.0,1.0,0.46927872602275644,0.6713860725233041,0.3333333333333333,0.3333333333333333,0.6666666666666666,0.47222222222222215
mr3_cross_res-backend_cpu_x_sasrec_cpu_x_gw_netdelay-k8s-v2-formal-r1-20260818033540,t06,triple,3,backend;sasrec;catalog-gw,RCD_seed0,full,checkout,checkout;pricing,0.0,0.0,0.0,0.0,0.0,0.0,0.0,0.0,0.0,0.0,0.0,0.0,0.0,0.0
mr3_cross_res-backend_cpu_x_sasrec_cpu_x_gw_netdelay-k8s-v2-formal-r1-20260818033540,t06,triple,3,backend;sasrec;catalog-gw,RCD_seed1,full,pricing,pricing,0.0,0.0,0.0,0.0,0.0,0.0,0.0,0.0,0.0,0.0,0.0,0.0,0.0,0.0
mr3_cross_res-backend_cpu_x_sasrec_cpu_x_gw_netdelay-k8s-v2-formal-r1-20260818033540,t06,triple,3,backend;sasrec;catalog-gw,RCD_seed2,full,pricing,pricing,0.0,0.0,0.0,0.0,0.0,0.0,0.0,0.0,0.0,0.0,0.0,0.0,0.0,0.0
mr3_cross_res-backend_cpu_x_sasrec_cpu_x_gw_netdelay-k8s-v2-formal-r1-20260818033540,t06,triple,3,backend;sasrec;catalog-gw,RCD_seed3,full,pricing,pricing,0.0,0.0,0.0,0.0,0.0,0.0,0.0,0.0,0.0,0.0,0.0,0.0,0.0,0.0
mr3_cross_res-backend_cpu_x_sasrec_cpu_x_gw_netdelay-k8s-v2-formal-r1-20260818033540,t06,triple,3,backend;sasrec;catalog-gw,RCD_seed4,full,pricing,pricing,0.0,0.0,0.0,0.0,0.0,0.0,0.0,0.0,0.0,0.0,0.0,0.0,0.0,0.0
mr3_cross_res-backend_cpu_x_sasrec_cpu_x_gw_netdelay-k8s-v2-formal-r1-20260818033540,t06,triple,3,backend;sasrec;catalog-gw,delta_ratio,full,sasrec,sasrec;backend;host;pricing;checkout,1.0,1.0,1.0,0.6666666666666666,0.0,0.0,0.0,1.0,0.7653606369886217,0.7653606369886217,0.3333333333333333,0.6666666666666666,0.6666666666666666,0.5277777777777778
mr3_cross_res-backend_cpu_x_sasrec_cpu_x_gw_netdelay-k8s-v2-formal-r1-20260818033540,t06,triple,3,backend;sasrec;catalog-gw,delta_z,full,sasrec,sasrec;backend;host;mysql;pricing,1.0,1.0,1.0,0.6666666666666666,0.0,0.0,0.0,1.0,0.7653606369886217,0.7653606369886217,0.3333333333333333,0.6666666666666666,0.6666666666666666,0.5333333333333333
mr3_cross_res-backend_cpu_x_sasrec_cpu_x_gw_netdelay-k8s-v2-formal-r1-20260818033540,t06,triple,3,backend;sasrec;catalog-gw,BARO,resource,sasrec,sasrec;backend;host;catalog-gw;catalog,1.0,1.0,1.0,0.6666666666666666,0.0,0.0,1.0,1.0,0.7653606369886217,0.9674679834891693,0.3333333333333333,0.6666666666666666,1.0,0.5833333333333334
mr3_cross_res-backend_cpu_x_sasrec_cpu_x_gw_netdelay-k8s-v2-formal-r1-20260818033540,t06,triple,3,backend;sasrec;catalog-gw,RCD_seed0,resource,sasrec,sasrec;checkout;review-query,1.0,1.0,1.0,0.3333333333333333,0.0,0.0,0.0,1.0,0.46927872602275644,0.46927872602275644,0.3333333333333333,0.3333333333333333,0.3333333333333333,0.3333333333333333
mr3_cross_res-backend_cpu_x_sasrec_cpu_x_gw_netdelay-k8s-v2-formal-r1-20260818033540,t06,triple,3,backend;sasrec;catalog-gw,RCD_seed1,resource,sasrec,sasrec;checkout;pricing;review-query;order,1.0,1.0,1.0,0.3333333333333333,0.0,0.0,0.0,1.0,0.46927872602275644,0.46927872602275644,0.3333333333333333,0.3333333333333333,0.3333333333333333,0.3333333333333333
mr3_cross_res-backend_cpu_x_sasrec_cpu_x_gw_netdelay-k8s-v2-formal-r1-20260818033540,t06,triple,3,backend;sasrec;catalog-gw,RCD_seed2,resource,sasrec,sasrec;checkout;pricing;search;user,1.0,1.0,1.0,0.3333333333333333,0.0,0.0,0.0,1.0,0.46927872602275644,0.46927872602275644,0.3333333333333333,0.3333333333333333,0.3333333333333333,0.3333333333333333
mr3_cross_res-backend_cpu_x_sasrec_cpu_x_gw_netdelay-k8s-v2-formal-r1-20260818033540,t06,triple,3,backend;sasrec;catalog-gw,RCD_seed3,resource,sasrec,sasrec;pricing,1.0,1.0,1.0,0.3333333333333333,0.0,0.0,0.0,1.0,0.46927872602275644,0.46927872602275644,0.3333333333333333,0.3333333333333333,0.3333333333333333,0.3333333333333333
mr3_cross_res-backend_cpu_x_sasrec_cpu_x_gw_netdelay-k8s-v2-formal-r1-20260818033540,t06,triple,3,backend;sasrec;catalog-gw,RCD_seed4,resource,sasrec,sasrec;review-query;pricing;checkout,1.0,1.0,1.0,0.3333333333333333,0.0,0.0,0.0,1.0,0.46927872602275644,0.46927872602275644,0.3333333333333333,0.3333333333333333,0.3333333333333333,0.3333333333333333
mr3_cross_res-backend_cpu_x_sasrec_cpu_x_gw_netdelay-k8s-v2-formal-r1-20260818033540,t06,triple,3,backend;sasrec;catalog-gw,delta_ratio,resource,sasrec,sasrec;backend;host;mysql;checkout,1.0,1.0,1.0,0.6666666666666666,0.0,0.0,0.0,1.0,0.7653606369886217,0.7653606369886217,0.3333333333333333,0.6666666666666666,0.6666666666666666,0.5333333333333333
mr3_cross_res-backend_cpu_x_sasrec_cpu_x_gw_netdelay-k8s-v2-formal-r1-20260818033540,t06,triple,3,backend;sasrec;catalog-gw,delta_z,resource,sasrec,sasrec;backend;host;mysql;catalog-gw,1.0,1.0,1.0,0.6666666666666666,0.0,0.0,1.0,1.0,0.7653606369886217,0.9469024295259745,0.3333333333333333,0.6666666666666666,1.0,0.5666666666666667
mr1_single_lif-pod_failure_single-k8s-v2-formal-r1-20260818033910,s15,single,1,cart,BARO,full,inventory,inventory;cart;user;search;catalog,0.0,1.0,1.0,0.0,0.0,1.0,1.0,0.0,0.6309297535714575,0.6309297535714575,0.0,1.0,1.0,0.5
mr1_single_lif-pod_failure_single-k8s-v2-formal-r1-20260818033910,s15,single,1,cart,RCD_seed0,full,review-query,review-query;catalog,0.0,0.0,0.0,0.0,0.0,0.0,0.0,0.0,0.0,0.0,0.0,0.0,0.0,0.0
mr1_single_lif-pod_failure_single-k8s-v2-formal-r1-20260818033910,s15,single,1,cart,RCD_seed1,full,catalog,catalog;search,0.0,0.0,0.0,0.0,0.0,0.0,0.0,0.0,0.0,0.0,0.0,0.0,0.0,0.0
mr1_single_lif-pod_failure_single-k8s-v2-formal-r1-20260818033910,s15,single,1,cart,RCD_seed2,full,cart,cart,1.0,1.0,1.0,1.0,1.0,1.0,1.0,1.0,1.0,1.0,1.0,1.0,1.0,1.0
mr1_single_lif-pod_failure_single-k8s-v2-formal-r1-20260818033910,s15,single,1,cart,RCD_seed3,full,checkout,checkout;inventory,0.0,0.0,0.0,0.0,0.0,0.0,0.0,0.0,0.0,0.0,0.0,0.0,0.0,0.0
mr1_single_lif-pod_failure_single-k8s-v2-formal-r1-20260818033910,s15,single,1,cart,RCD_seed4,full,sasrec,sasrec;cart,0.0,1.0,1.0,0.0,0.0,1.0,1.0,0.0,0.6309297535714575,0.6309297535714575,0.0,1.0,1.0,0.5
mr1_single_lif-pod_failure_single-k8s-v2-formal-r1-20260818033910,s15,single,1,cart,delta_ratio,full,cart,cart;search;review-query;catalog-gw;checkout,1.0,1.0,1.0,1.0,1.0,1.0,1.0,1.0,1.0,1.0,1.0,1.0,1.0,1.0
mr1_single_lif-pod_failure_single-k8s-v2-formal-r1-20260818033910,s15,single,1,cart,delta_z,full,cart,cart;review-query;sasrec;search;backend,1.0,1.0,1.0,1.0,1.0,1.0,1.0,1.0,1.0,1.0,1.0,1.0,1.0,1.0
mr1_single_lif-pod_failure_single-k8s-v2-formal-r1-20260818033910,s15,single,1,cart,BARO,resource,inventory,inventory;cart;user;catalog;catalog-gw,0.0,1.0,1.0,0.0,0.0,1.0,1.0,0.0,0.6309297535714575,0.6309297535714575,0.0,1.0,1.0,0.5
mr1_single_lif-pod_failure_single-k8s-v2-formal-r1-20260818033910,s15,single,1,cart,RCD_seed0,resource,sasrec,sasrec;backend,0.0,0.0,0.0,0.0,0.0,0.0,0.0,0.0,0.0,0.0,0.0,0.0,0.0,0.0
mr1_single_lif-pod_failure_single-k8s-v2-formal-r1-20260818033910,s15,single,1,cart,RCD_seed1,resource,backend,backend;catalog-gw,0.0,0.0,0.0,0.0,0.0,0.0,0.0,0.0,0.0,0.0,0.0,0.0,0.0,0.0
mr1_single_lif-pod_failure_single-k8s-v2-formal-r1-20260818033910,s15,single,1,cart,RCD_seed2,resource,catalog,catalog,0.0,0.0,0.0,0.0,0.0,0.0,0.0,0.0,0.0,0.0,0.0,0.0,0.0,0.0
mr1_single_lif-pod_failure_single-k8s-v2-formal-r1-20260818033910,s15,single,1,cart,RCD_seed3,resource,search,search;checkout,0.0,0.0,0.0,0.0,0.0,0.0,0.0,0.0,0.0,0.0,0.0,0.0,0.0,0.0
mr1_single_lif-pod_failure_single-k8s-v2-formal-r1-20260818033910,s15,single,1,cart,RCD_seed4,resource,backend,backend;cart,0.0,1.0,1.0,0.0,0.0,1.0,1.0,0.0,0.6309297535714575,0.6309297535714575,0.0,1.0,1.0,0.5
mr1_single_lif-pod_failure_single-k8s-v2-formal-r1-20260818033910,s15,single,1,cart,delta_ratio,resource,review-query,review-query;cart;catalog-gw;catalog;host,0.0,1.0,1.0,0.0,0.0,1.0,1.0,0.0,0.6309297535714575,0.6309297535714575,0.0,1.0,1.0,0.5
mr1_single_lif-pod_failure_single-k8s-v2-formal-r1-20260818033910,s15,single,1,cart,delta_z,resource,cart,cart;review-query;sasrec;search;backend,1.0,1.0,1.0,1.0,1.0,1.0,1.0,1.0,1.0,1.0,1.0,1.0,1.0,1.0
mr3_cross_dependency-pod_failure_x_catalog_latency_x_cfg_timeout-k8s-v2-formal-r1-20260818040345,t04,dual,2,catalog;catalog-gw,BARO,full,pricing,pricing;catalog;checkout;search;review-query,0.0,1.0,1.0,0.5,0.0,0.0,0.0,0.0,0.38685280723454163,0.38685280723454163,0.0,0.5,0.5,0.3214285714285714
mr3_cross_dependency-pod_failure_x_catalog_latency_x_cfg_timeout-k8s-v2-formal-r1-20260818040345,t04,dual,2,catalog;catalog-gw,RCD_seed0,full,catalog,catalog,1.0,1.0,1.0,0.5,0.0,0.0,0.0,1.0,0.6131471927654584,0.6131471927654584,0.5,0.5,0.5,0.5
mr3_cross_dependency-pod_failure_x_catalog_latency_x_cfg_timeout-k8s-v2-formal-r1-20260818040345,t04,dual,2,catalog;catalog-gw,RCD_seed1,full,cart,cart,0.0,0.0,0.0,0.0,0.0,0.0,0.0,0.0,0.0,0.0,0.0,0.0,0.0,0.0
mr3_cross_dependency-pod_failure_x_catalog_latency_x_cfg_timeout-k8s-v2-formal-r1-20260818040345,t04,dual,2,catalog;catalog-gw,RCD_seed2,full,catalog,catalog;cart,1.0,1.0,1.0,0.5,0.0,0.0,0.0,1.0,0.6131471927654584,0.6131471927654584,0.5,0.5,0.5,0.5
mr3_cross_dependency-pod_failure_x_catalog_latency_x_cfg_timeout-k8s-v2-formal-r1-20260818040345,t04,dual,2,catalog;catalog-gw,RCD_seed3,full,catalog,catalog,1.0,1.0,1.0,0.5,0.0,0.0,0.0,1.0,0.6131471927654584,0.6131471927654584,0.5,0.5,0.5,0.5
mr3_cross_dependency-pod_failure_x_catalog_latency_x_cfg_timeout-k8s-v2-formal-r1-20260818040345,t04,dual,2,catalog;catalog-gw,RCD_seed4,full,catalog,catalog;cart,1.0,1.0,1.0,0.5,0.0,0.0,0.0,1.0,0.6131471927654584,0.6131471927654584,0.5,0.5,0.5,0.5
mr3_cross_dependency-pod_failure_x_catalog_latency_x_cfg_timeout-k8s-v2-formal-r1-20260818040345,t04,dual,2,catalog;catalog-gw,delta_ratio,full,pricing,pricing;search;catalog;review-query;checkout,0.0,1.0,1.0,0.0,0.0,0.0,0.0,0.0,0.3065735963827292,0.3065735963827292,0.0,0.5,0.5,0.22916666666666666
mr3_cross_dependency-pod_failure_x_catalog_latency_x_cfg_timeout-k8s-v2-formal-r1-20260818040345,t04,dual,2,catalog;catalog-gw,delta_z,full,catalog,catalog;pricing;search;sasrec;checkout,1.0,1.0,1.0,0.5,0.0,0.0,0.0,1.0,0.6131471927654584,0.6131471927654584,0.5,0.5,0.5,0.55
mr3_cross_dependency-pod_failure_x_catalog_latency_x_cfg_timeout-k8s-v2-formal-r1-20260818040345,t04,dual,2,catalog;catalog-gw,BARO,resource,catalog,catalog;catalog-gw;search;checkout;host,1.0,1.0,1.0,1.0,0.0,1.0,1.0,1.0,1.0,1.0,0.5,1.0,1.0,0.75
mr3_cross_dependency-pod_failure_x_catalog_latency_x_cfg_timeout-k8s-v2-formal-r1-20260818040345,t04,dual,2,catalog;catalog-gw,RCD_seed0,resource,catalog,catalog,1.0,1.0,1.0,0.5,0.0,0.0,0.0,1.0,0.6131471927654584,0.6131471927654584,0.5,0.5,0.5,0.5
mr3_cross_dependency-pod_failure_x_catalog_latency_x_cfg_timeout-k8s-v2-formal-r1-20260818040345,t04,dual,2,catalog;catalog-gw,RCD_seed1,resource,catalog,catalog;cart,1.0,1.0,1.0,0.5,0.0,0.0,0.0,1.0,0.6131471927654584,0.6131471927654584,0.5,0.5,0.5,0.5
mr3_cross_dependency-pod_failure_x_catalog_latency_x_cfg_timeout-k8s-v2-formal-r1-20260818040345,t04,dual,2,catalog;catalog-gw,RCD_seed2,resource,catalog,catalog,1.0,1.0,1.0,0.5,0.0,0.0,0.0,1.0,0.6131471927654584,0.6131471927654584,0.5,0.5,0.5,0.5
mr3_cross_dependency-pod_failure_x_catalog_latency_x_cfg_timeout-k8s-v2-formal-r1-20260818040345,t04,dual,2,catalog;catalog-gw,RCD_seed3,resource,catalog,catalog,1.0,1.0,1.0,0.5,0.0,0.0,0.0,1.0,0.6131471927654584,0.6131471927654584,0.5,0.5,0.5,0.5
mr3_cross_dependency-pod_failure_x_catalog_latency_x_cfg_timeout-k8s-v2-formal-r1-20260818040345,t04,dual,2,catalog;catalog-gw,RCD_seed4,resource,catalog,catalog;cart,1.0,1.0,1.0,0.5,0.0,0.0,0.0,1.0,0.6131471927654584,0.6131471927654584,0.5,0.5,0.5,0.5
mr3_cross_dependency-pod_failure_x_catalog_latency_x_cfg_timeout-k8s-v2-formal-r1-20260818040345,t04,dual,2,catalog;catalog-gw,delta_ratio,resource,catalog,catalog;checkout;search;pricing;host,1.0,1.0,1.0,0.5,0.0,0.0,0.0,1.0,0.6131471927654584,0.6131471927654584,0.5,0.5,0.5,0.55
mr3_cross_dependency-pod_failure_x_catalog_latency_x_cfg_timeout-k8s-v2-formal-r1-20260818040345,t04,dual,2,catalog;catalog-gw,delta_z,resource,catalog,catalog;sasrec;host;catalog-gw;checkout,1.0,1.0,1.0,0.5,0.0,0.0,1.0,1.0,0.6131471927654584,0.8772153153380493,0.5,0.5,1.0,0.625
mr1_single_lif-pod_failure_single-k8s-v2-formal-r1-20260818040741,s22,single,1,rec-agent,BARO,full,rec-agent,rec-agent;catalog;sasrec;user;backend,1.0,1.0,1.0,1.0,1.0,1.0,1.0,1.0,1.0,1.0,1.0,1.0,1.0,1.0
mr1_single_lif-pod_failure_single-k8s-v2-formal-r1-20260818040741,s22,single,1,rec-agent,RCD_seed0,full,review-query,review-query;user,0.0,0.0,0.0,0.0,0.0,0.0,0.0,0.0,0.0,0.0,0.0,0.0,0.0,0.0
mr1_single_lif-pod_failure_single-k8s-v2-formal-r1-20260818040741,s22,single,1,rec-agent,RCD_seed1,full,sasrec,sasrec;catalog,0.0,0.0,0.0,0.0,0.0,0.0,0.0,0.0,0.0,0.0,0.0,0.0,0.0,0.0
mr1_single_lif-pod_failure_single-k8s-v2-formal-r1-20260818040741,s22,single,1,rec-agent,RCD_seed2,full,catalog-gw,catalog-gw;backend;sasrec,0.0,0.0,0.0,0.0,0.0,0.0,0.0,0.0,0.0,0.0,0.0,0.0,0.0,0.0
mr1_single_lif-pod_failure_single-k8s-v2-formal-r1-20260818040741,s22,single,1,rec-agent,RCD_seed3,full,rec-agent,rec-agent;user,1.0,1.0,1.0,1.0,1.0,1.0,1.0,1.0,1.0,1.0,1.0,1.0,1.0,1.0
mr1_single_lif-pod_failure_single-k8s-v2-formal-r1-20260818040741,s22,single,1,rec-agent,RCD_seed4,full,rec-agent,rec-agent,1.0,1.0,1.0,1.0,1.0,1.0,1.0,1.0,1.0,1.0,1.0,1.0,1.0,1.0
mr1_single_lif-pod_failure_single-k8s-v2-formal-r1-20260818040741,s22,single,1,rec-agent,delta_ratio,full,rec-agent,rec-agent;search;backend;checkout;catalog-gw,1.0,1.0,1.0,1.0,1.0,1.0,1.0,1.0,1.0,1.0,1.0,1.0,1.0,1.0
mr1_single_lif-pod_failure_single-k8s-v2-formal-r1-20260818040741,s22,single,1,rec-agent,delta_z,full,rec-agent,rec-agent;review-query;backend;search;host,1.0,1.0,1.0,1.0,1.0,1.0,1.0,1.0,1.0,1.0,1.0,1.0,1.0,1.0
mr1_single_lif-pod_failure_single-k8s-v2-formal-r1-20260818040741,s22,single,1,rec-agent,BARO,resource,rec-agent,rec-agent;user;review-query;inventory;catalog-gw,1.0,1.0,1.0,1.0,1.0,1.0,1.0,1.0,1.0,1.0,1.0,1.0,1.0,1.0
mr1_single_lif-pod_failure_single-k8s-v2-formal-r1-20260818040741,s22,single,1,rec-agent,RCD_seed0,resource,host,host;backend;search,0.0,0.0,0.0,0.0,0.0,0.0,0.0,0.0,0.0,0.0,0.0,0.0,0.0,0.0
mr1_single_lif-pod_failure_single-k8s-v2-formal-r1-20260818040741,s22,single,1,rec-agent,RCD_seed1,resource,backend,backend;rec-agent,0.0,1.0,1.0,0.0,0.0,1.0,1.0,0.0,0.6309297535714575,0.6309297535714575,0.0,1.0,1.0,0.5
mr1_single_lif-pod_failure_single-k8s-v2-formal-r1-20260818040741,s22,single,1,rec-agent,RCD_seed2,resource,backend,backend;catalog;rec-agent,0.0,1.0,1.0,0.0,0.0,1.0,1.0,0.0,0.5,0.5,0.0,1.0,1.0,0.3333333333333333
mr1_single_lif-pod_failure_single-k8s-v2-formal-r1-20260818040741,s22,single,1,rec-agent,RCD_seed3,resource,rec-agent,rec-agent;catalog;host,1.0,1.0,1.0,1.0,1.0,1.0,1.0,1.0,1.0,1.0,1.0,1.0,1.0,1.0
mr1_single_lif-pod_failure_single-k8s-v2-formal-r1-20260818040741,s22,single,1,rec-agent,RCD_seed4,resource,catalog,catalog;user;catalog-gw,0.0,0.0,0.0,0.0,0.0,0.0,0.0,0.0,0.0,0.0,0.0,0.0,0.0,0.0
mr1_single_lif-pod_failure_single-k8s-v2-formal-r1-20260818040741,s22,single,1,rec-agent,delta_ratio,resource,rec-agent,rec-agent;catalog-gw;catalog;host;checkout,1.0,1.0,1.0,1.0,1.0,1.0,1.0,1.0,1.0,1.0,1.0,1.0,1.0,1.0
mr1_single_lif-pod_failure_single-k8s-v2-formal-r1-20260818040741,s22,single,1,rec-agent,delta_z,resource,rec-agent,rec-agent;review-query;backend;search;host,1.0,1.0,1.0,1.0,1.0,1.0,1.0,1.0,1.0,1.0,1.0,1.0,1.0,1.0
mr1_single_net-net_loss_single-k8s-v2-formal-r1-20260818041408,s02,single,1,catalog-gw,BARO,full,pricing,pricing;checkout;catalog-gw;sasrec;search,0.0,1.0,1.0,0.0,0.0,1.0,1.0,0.0,0.5,0.5,0.0,1.0,1.0,0.3333333333333333
mr1_single_net-net_loss_single-k8s-v2-formal-r1-20260818041408,s02,single,1,catalog-gw,RCD_seed0,full,pricing,pricing;search,0.0,0.0,0.0,0.0,0.0,0.0,0.0,0.0,0.0,0.0,0.0,0.0,0.0,0.0
mr1_single_net-net_loss_single-k8s-v2-formal-r1-20260818041408,s02,single,1,catalog-gw,RCD_seed1,full,review-query,review-query;pricing;catalog,0.0,0.0,0.0,0.0,0.0,0.0,0.0,0.0,0.0,0.0,0.0,0.0,0.0,0.0
mr1_single_net-net_loss_single-k8s-v2-formal-r1-20260818041408,s02,single,1,catalog-gw,RCD_seed2,full,catalog,catalog;search,0.0,0.0,0.0,0.0,0.0,0.0,0.0,0.0,0.0,0.0,0.0,0.0,0.0,0.0
mr1_single_net-net_loss_single-k8s-v2-formal-r1-20260818041408,s02,single,1,catalog-gw,RCD_seed3,full,catalog,catalog,0.0,0.0,0.0,0.0,0.0,0.0,0.0,0.0,0.0,0.0,0.0,0.0,0.0,0.0
mr1_single_net-net_loss_single-k8s-v2-formal-r1-20260818041408,s02,single,1,catalog-gw,RCD_seed4,full,pricing,pricing;catalog,0.0,0.0,0.0,0.0,0.0,0.0,0.0,0.0,0.0,0.0,0.0,0.0,0.0,0.0
mr1_single_net-net_loss_single-k8s-v2-formal-r1-20260818041408,s02,single,1,catalog-gw,delta_ratio,full,pricing,pricing;checkout;catalog;mysql;catalog-gw,0.0,0.0,1.0,0.0,0.0,0.0,1.0,0.0,0.0,0.38685280723454163,0.0,0.0,1.0,0.2
mr1_single_net-net_loss_single-k8s-v2-formal-r1-20260818041408,s02,single,1,catalog-gw,delta_z,full,pricing,pricing;checkout;mysql;search;host,0.0,0.0,0.0,0.0,0.0,0.0,0.0,0.0,0.0,0.0,0.0,0.0,0.0,0.09090909090909091
mr1_single_net-net_loss_single-k8s-v2-formal-r1-20260818041408,s02,single,1,catalog-gw,BARO,resource,catalog-gw,catalog-gw;pricing;search;checkout;cart,1.0,1.0,1.0,1.0,1.0,1.0,1.0,1.0,1.0,1.0,1.0,1.0,1.0,1.0
mr1_single_net-net_loss_single-k8s-v2-formal-r1-20260818041408,s02,single,1,catalog-gw,RCD_seed0,resource,cart,cart;search,0.0,0.0,0.0,0.0,0.0,0.0,0.0,0.0,0.0,0.0,0.0,0.0,0.0,0.0
mr1_single_net-net_loss_single-k8s-v2-formal-r1-20260818041408,s02,single,1,catalog-gw,RCD_seed1,resource,search,search;catalog,0.0,0.0,0.0,0.0,0.0,0.0,0.0,0.0,0.0,0.0,0.0,0.0,0.0,0.0
mr1_single_net-net_loss_single-k8s-v2-formal-r1-20260818041408,s02,single,1,catalog-gw,RCD_seed2,resource,checkout,checkout;search,0.0,0.0,0.0,0.0,0.0,0.0,0.0,0.0,0.0,0.0,0.0,0.0,0.0,0.0
mr1_single_net-net_loss_single-k8s-v2-formal-r1-20260818041408,s02,single,1,catalog-gw,RCD_seed3,resource,cart,cart;search,0.0,0.0,0.0,0.0,0.0,0.0,0.0,0.0,0.0,0.0,0.0,0.0,0.0,0.0
mr1_single_net-net_loss_single-k8s-v2-formal-r1-20260818041408,s02,single,1,catalog-gw,RCD_seed4,resource,cart,cart;catalog,0.0,0.0,0.0,0.0,0.0,0.0,0.0,0.0,0.0,0.0,0.0,0.0,0.0,0.0
mr1_single_net-net_loss_single-k8s-v2-formal-r1-20260818041408,s02,single,1,catalog-gw,delta_ratio,resource,mysql,mysql;catalog-gw;catalog;host;pricing,0.0,1.0,1.0,0.0,0.0,1.0,1.0,0.0,0.6309297535714575,0.6309297535714575,0.0,1.0,1.0,0.5
mr1_single_net-net_loss_single-k8s-v2-formal-r1-20260818041408,s02,single,1,catalog-gw,delta_z,resource,mysql,mysql;search;host;catalog;review-query,0.0,0.0,0.0,0.0,0.0,0.0,0.0,0.0,0.0,0.0,0.0,0.0,0.0,0.07692307692307693
mr2_cross_dependency-net_delay_x_inv_latency-k8s-v2-formal-r1-20260818043135,d07,dual,2,inventory;catalog-gw,BARO,full,checkout,checkout;inventory;pricing;order;catalog-gw,0.0,1.0,1.0,0.5,0.0,0.0,1.0,0.0,0.38685280723454163,0.6240505200038379,0.0,0.5,1.0,0.35
mr2_cross_dependency-net_delay_x_inv_latency-k8s-v2-formal-r1-20260818043135,d07,dual,2,inventory;catalog-gw,RCD_seed0,full,inventory,inventory,1.0,1.0,1.0,0.5,0.0,0.0,0.0,1.0,0.6131471927654584,0.6131471927654584,0.5,0.5,0.5,0.5
mr2_cross_dependency-net_delay_x_inv_latency-k8s-v2-formal-r1-20260818043135,d07,dual,2,inventory;catalog-gw,RCD_seed1,full,inventory,inventory,1.0,1.0,1.0,0.5,0.0,0.0,0.0,1.0,0.6131471927654584,0.6131471927654584,0.5,0.5,0.5,0.5
mr2_cross_dependency-net_delay_x_inv_latency-k8s-v2-formal-r1-20260818043135,d07,dual,2,inventory;catalog-gw,RCD_seed2,full,review-query,review-query;inventory,0.0,1.0,1.0,0.5,0.0,0.0,0.0,0.0,0.38685280723454163,0.38685280723454163,0.0,0.5,0.5,0.25
mr2_cross_dependency-net_delay_x_inv_latency-k8s-v2-formal-r1-20260818043135,d07,dual,2,inventory;catalog-gw,RCD_seed3,full,inventory,inventory;review-query,1.0,1.0,1.0,0.5,0.0,0.0,0.0,1.0,0.6131471927654584,0.6131471927654584,0.5,0.5,0.5,0.5
mr2_cross_dependency-net_delay_x_inv_latency-k8s-v2-formal-r1-20260818043135,d07,dual,2,inventory;catalog-gw,RCD_seed4,full,inventory,inventory,1.0,1.0,1.0,0.5,0.0,0.0,0.0,1.0,0.6131471927654584,0.6131471927654584,0.5,0.5,0.5,0.5
mr2_cross_dependency-net_delay_x_inv_latency-k8s-v2-formal-r1-20260818043135,d07,dual,2,inventory;catalog-gw,delta_ratio,full,checkout,checkout;inventory;backend;catalog;pricing,0.0,1.0,1.0,0.5,0.0,0.0,0.0,0.0,0.38685280723454163,0.38685280723454163,0.0,0.5,0.5,0.3
mr2_cross_dependency-net_delay_x_inv_latency-k8s-v2-formal-r1-20260818043135,d07,dual,2,inventory;catalog-gw,delta_z,full,inventory,inventory;checkout;host;backend;order,1.0,1.0,1.0,0.5,0.0,0.0,0.0,1.0,0.6131471927654584,0.6131471927654584,0.5,0.5,0.5,0.5555555555555556
mr2_cross_dependency-net_delay_x_inv_latency-k8s-v2-formal-r1-20260818043135,d07,dual,2,inventory;catalog-gw,BARO,resource,inventory,inventory;catalog-gw;catalog;sasrec;mysql,1.0,1.0,1.0,1.0,0.0,1.0,1.0,1.0,1.0,1.0,0.5,1.0,1.0,0.75
mr2_cross_dependency-net_delay_x_inv_latency-k8s-v2-formal-r1-20260818043135,d07,dual,2,inventory;catalog-gw,RCD_seed0,resource,inventory,inventory,1.0,1.0,1.0,0.5,0.0,0.0,0.0,1.0,0.6131471927654584,0.6131471927654584,0.5,0.5,0.5,0.5
mr2_cross_dependency-net_delay_x_inv_latency-k8s-v2-formal-r1-20260818043135,d07,dual,2,inventory;catalog-gw,RCD_seed1,resource,inventory,inventory,1.0,1.0,1.0,0.5,0.0,0.0,0.0,1.0,0.6131471927654584,0.6131471927654584,0.5,0.5,0.5,0.5
mr2_cross_dependency-net_delay_x_inv_latency-k8s-v2-formal-r1-20260818043135,d07,dual,2,inventory;catalog-gw,RCD_seed2,resource,inventory,inventory,1.0,1.0,1.0,0.5,0.0,0.0,0.0,1.0,0.6131471927654584,0.6131471927654584,0.5,0.5,0.5,0.5
mr2_cross_dependency-net_delay_x_inv_latency-k8s-v2-formal-r1-20260818043135,d07,dual,2,inventory;catalog-gw,RCD_seed3,resource,inventory,inventory,1.0,1.0,1.0,0.5,0.0,0.0,0.0,1.0,0.6131471927654584,0.6131471927654584,0.5,0.5,0.5,0.5
mr2_cross_dependency-net_delay_x_inv_latency-k8s-v2-formal-r1-20260818043135,d07,dual,2,inventory;catalog-gw,RCD_seed4,resource,inventory,inventory,1.0,1.0,1.0,0.5,0.0,0.0,0.0,1.0,0.6131471927654584,0.6131471927654584,0.5,0.5,0.5,0.5
mr2_cross_dependency-net_delay_x_inv_latency-k8s-v2-formal-r1-20260818043135,d07,dual,2,inventory;catalog-gw,delta_ratio,resource,inventory,inventory;checkout;order;host;pricing,1.0,1.0,1.0,0.5,0.0,0.0,0.0,1.0,0.6131471927654584,0.6131471927654584,0.5,0.5,0.5,0.5714285714285714
mr2_cross_dependency-net_delay_x_inv_latency-k8s-v2-formal-r1-20260818043135,d07,dual,2,inventory;catalog-gw,delta_z,resource,inventory,inventory;host;review-query;checkout;sasrec,1.0,1.0,1.0,0.5,0.0,0.0,0.0,1.0,0.6131471927654584,0.6131471927654584,0.5,0.5,0.5,0.5555555555555556
mr2_cross_lif-user_podfail_x_backend_cpu-k8s-v2-formal-r1-20260818044540,d21,dual,2,user;backend,BARO,full,backend,backend;user;catalog;host;sasrec,1.0,1.0,1.0,1.0,0.0,1.0,1.0,1.0,1.0,1.0,0.5,1.0,1.0,0.75
mr2_cross_lif-user_podfail_x_backend_cpu-k8s-v2-formal-r1-20260818044540,d21,dual,2,user;backend,RCD_seed0,full,backend,backend;mysql;order;cart,1.0,1.0,1.0,0.5,0.0,0.0,0.0,1.0,0.6131471927654584,0.6131471927654584,0.5,0.5,0.5,0.5
mr2_cross_lif-user_podfail_x_backend_cpu-k8s-v2-formal-r1-20260818044540,d21,dual,2,user;backend,RCD_seed1,full,backend,backend;mysql;order;cart;user,1.0,1.0,1.0,0.5,0.0,0.0,1.0,1.0,0.6131471927654584,0.8503449055347546,0.5,0.5,1.0,0.6
mr2_cross_lif-user_podfail_x_backend_cpu-k8s-v2-formal-r1-20260818044540,d21,dual,2,user;backend,RCD_seed2,full,backend,backend;catalog-gw;review-query;mysql;pricing,1.0,1.0,1.0,0.5,0.0,0.0,0.0,1.0,0.6131471927654584,0.6131471927654584,0.5,0.5,0.5,0.5
mr2_cross_lif-user_podfail_x_backend_cpu-k8s-v2-formal-r1-20260818044540,d21,dual,2,user;backend,RCD_seed3,full,backend,backend;mysql;pricing;catalog-gw;review-query,1.0,1.0,1.0,0.5,0.0,0.0,0.0,1.0,0.6131471927654584,0.6131471927654584,0.5,0.5,0.5,0.5
mr2_cross_lif-user_podfail_x_backend_cpu-k8s-v2-formal-r1-20260818044540,d21,dual,2,user;backend,RCD_seed4,full,backend,backend;mysql;pricing,1.0,1.0,1.0,0.5,0.0,0.0,0.0,1.0,0.6131471927654584,0.6131471927654584,0.5,0.5,0.5,0.5
mr2_cross_lif-user_podfail_x_backend_cpu-k8s-v2-formal-r1-20260818044540,d21,dual,2,user;backend,delta_ratio,full,backend,backend;mysql;host;user;inventory,1.0,1.0,1.0,0.5,0.0,0.0,1.0,1.0,0.6131471927654584,0.8772153153380493,0.5,0.5,1.0,0.625
mr2_cross_lif-user_podfail_x_backend_cpu-k8s-v2-formal-r1-20260818044540,d21,dual,2,user;backend,delta_z,full,user,user;backend;mysql;host;sasrec,1.0,1.0,1.0,1.0,0.0,1.0,1.0,1.0,1.0,1.0,0.5,1.0,1.0,0.75
mr2_cross_lif-user_podfail_x_backend_cpu-k8s-v2-formal-r1-20260818044540,d21,dual,2,user;backend,BARO,resource,backend,backend;user;host;review-query;checkout,1.0,1.0,1.0,1.0,0.0,1.0,1.0,1.0,1.0,1.0,0.5,1.0,1.0,0.75
mr2_cross_lif-user_podfail_x_backend_cpu-k8s-v2-formal-r1-20260818044540,d21,dual,2,user;backend,RCD_seed0,resource,backend,backend;mysql;order;review-query;catalog-gw,1.0,1.0,1.0,0.5,0.0,0.0,0.0,1.0,0.6131471927654584,0.6131471927654584,0.5,0.5,0.5,0.5
mr2_cross_lif-user_podfail_x_backend_cpu-k8s-v2-formal-r1-20260818044540,d21,dual,2,user;backend,RCD_seed1,resource,backend,backend;catalog-gw;pricing;catalog;sasrec,1.0,1.0,1.0,0.5,0.0,0.0,0.0,1.0,0.6131471927654584,0.6131471927654584,0.5,0.5,0.5,0.5
mr2_cross_lif-user_podfail_x_backend_cpu-k8s-v2-formal-r1-20260818044540,d21,dual,2,user;backend,RCD_seed2,resource,backend,backend;mysql;catalog-gw;order,1.0,1.0,1.0,0.5,0.0,0.0,0.0,1.0,0.6131471927654584,0.6131471927654584,0.5,0.5,0.5,0.5
mr2_cross_lif-user_podfail_x_backend_cpu-k8s-v2-formal-r1-20260818044540,d21,dual,2,user;backend,RCD_seed3,resource,backend,backend;mysql;cart;inventory;review-query,1.0,1.0,1.0,0.5,0.0,0.0,0.0,1.0,0.6131471927654584,0.6131471927654584,0.5,0.5,0.5,0.5
mr2_cross_lif-user_podfail_x_backend_cpu-k8s-v2-formal-r1-20260818044540,d21,dual,2,user;backend,RCD_seed4,resource,backend,backend;mysql;search;order,1.0,1.0,1.0,0.5,0.0,0.0,0.0,1.0,0.6131471927654584,0.6131471927654584,0.5,0.5,0.5,0.5
mr2_cross_lif-user_podfail_x_backend_cpu-k8s-v2-formal-r1-20260818044540,d21,dual,2,user;backend,delta_ratio,resource,backend,backend;mysql;host;user;review-query,1.0,1.0,1.0,0.5,0.0,0.0,1.0,1.0,0.6131471927654584,0.8772153153380493,0.5,0.5,1.0,0.625
mr2_cross_lif-user_podfail_x_backend_cpu-k8s-v2-formal-r1-20260818044540,d21,dual,2,user;backend,delta_z,resource,user,user;backend;mysql;host;checkout,1.0,1.0,1.0,1.0,0.0,1.0,1.0,1.0,1.0,1.0,0.5,1.0,1.0,0.75
mr1_single_res-service_cpu_single-k8s-v2-formal-r1-20260818044830,s12,single,1,backend,BARO,full,backend,backend;cart;host;user;inventory,1.0,1.0,1.0,1.0,1.0,1.0,1.0,1.0,1.0,1.0,1.0,1.0,1.0,1.0
mr1_single_res-service_cpu_single-k8s-v2-formal-r1-20260818044830,s12,single,1,backend,RCD_seed0,full,search,search,0.0,0.0,0.0,0.0,0.0,0.0,0.0,0.0,0.0,0.0,0.0,0.0,0.0,0.0
mr1_single_res-service_cpu_single-k8s-v2-formal-r1-20260818044830,s12,single,1,backend,RCD_seed1,full,order,order;user,0.0,0.0,0.0,0.0,0.0,0.0,0.0,0.0,0.0,0.0,0.0,0.0,0.0,0.0
mr1_single_res-service_cpu_single-k8s-v2-formal-r1-20260818044830,s12,single,1,backend,RCD_seed2,full,order,order,0.0,0.0,0.0,0.0,0.0,0.0,0.0,0.0,0.0,0.0,0.0,0.0,0.0,0.0
mr1_single_res-service_cpu_single-k8s-v2-formal-r1-20260818044830,s12,single,1,backend,RCD_seed3,full,inventory,inventory;checkout;backend,0.0,1.0,1.0,0.0,0.0,1.0,1.0,0.0,0.5,0.5,0.0,1.0,1.0,0.3333333333333333
mr1_single_res-service_cpu_single-k8s-v2-formal-r1-20260818044830,s12,single,1,backend,RCD_seed4,full,search,search,0.0,0.0,0.0,0.0,0.0,0.0,0.0,0.0,0.0,0.0,0.0,0.0,0.0,0.0
mr1_single_res-service_cpu_single-k8s-v2-formal-r1-20260818044830,s12,single,1,backend,delta_ratio,full,catalog-gw,catalog-gw;backend;host;mysql;catalog,0.0,1.0,1.0,0.0,0.0,1.0,1.0,0.0,0.6309297535714575,0.6309297535714575,0.0,1.0,1.0,0.5
mr1_single_res-service_cpu_single-k8s-v2-formal-r1-20260818044830,s12,single,1,backend,delta_z,full,backend,backend;catalog-gw;user;inventory;search,1.0,1.0,1.0,1.0,1.0,1.0,1.0,1.0,1.0,1.0,1.0,1.0,1.0,1.0
mr1_single_res-service_cpu_single-k8s-v2-formal-r1-20260818044830,s12,single,1,backend,BARO,resource,backend,backend;host;user;inventory;review-query,1.0,1.0,1.0,1.0,1.0,1.0,1.0,1.0,1.0,1.0,1.0,1.0,1.0,1.0
mr1_single_res-service_cpu_single-k8s-v2-formal-r1-20260818044830,s12,single,1,backend,RCD_seed0,resource,inventory,inventory;backend,0.0,1.0,1.0,0.0,0.0,1.0,1.0,0.0,0.6309297535714575,0.6309297535714575,0.0,1.0,1.0,0.5
mr1_single_res-service_cpu_single-k8s-v2-formal-r1-20260818044830,s12,single,1,backend,RCD_seed1,resource,search,search;user,0.0,0.0,0.0,0.0,0.0,0.0,0.0,0.0,0.0,0.0,0.0,0.0,0.0,0.0
mr1_single_res-service_cpu_single-k8s-v2-formal-r1-20260818044830,s12,single,1,backend,RCD_seed2,resource,user,user;search,0.0,0.0,0.0,0.0,0.0,0.0,0.0,0.0,0.0,0.0,0.0,0.0,0.0,0.0
mr1_single_res-service_cpu_single-k8s-v2-formal-r1-20260818044830,s12,single,1,backend,RCD_seed3,resource,inventory,inventory;catalog,0.0,0.0,0.0,0.0,0.0,0.0,0.0,0.0,0.0,0.0,0.0,0.0,0.0,0.0
mr1_single_res-service_cpu_single-k8s-v2-formal-r1-20260818044830,s12,single,1,backend,RCD_seed4,resource,catalog-gw,catalog-gw;user;order,0.0,0.0,0.0,0.0,0.0,0.0,0.0,0.0,0.0,0.0,0.0,0.0,0.0,0.0
mr1_single_res-service_cpu_single-k8s-v2-formal-r1-20260818044830,s12,single,1,backend,delta_ratio,resource,host,host;mysql;catalog-gw;catalog;pricing,0.0,0.0,0.0,0.0,0.0,0.0,0.0,0.0,0.0,0.0,0.0,0.0,0.0,0.16666666666666666
mr1_single_res-service_cpu_single-k8s-v2-formal-r1-20260818044830,s12,single,1,backend,delta_z,resource,catalog-gw,catalog-gw;backend;user;inventory;search,0.0,1.0,1.0,0.0,0.0,1.0,1.0,0.0,0.6309297535714575,0.6309297535714575,0.0,1.0,1.0,0.5
mr1_single_net-net_delay_single-k8s-v2-formal-r1-20260818045132,s01,single,1,catalog-gw,BARO,full,pricing,pricing;checkout;user;sasrec;inventory,0.0,0.0,0.0,0.0,0.0,0.0,0.0,0.0,0.0,0.0,0.0,0.0,0.0,0.1
mr1_single_net-net_delay_single-k8s-v2-formal-r1-20260818045132,s01,single,1,catalog-gw,RCD_seed0,full,catalog-gw,catalog-gw;checkout,1.0,1.0,1.0,1.0,1.0,1.0,1.0,1.0,1.0,1.0,1.0,1.0,1.0,1.0
mr1_single_net-net_delay_single-k8s-v2-formal-r1-20260818045132,s01,single,1,catalog-gw,RCD_seed1,full,sasrec,sasrec;catalog-gw,0.0,1.0,1.0,0.0,0.0,1.0,1.0,0.0,0.6309297535714575,0.6309297535714575,0.0,1.0,1.0,0.5
mr1_single_net-net_delay_single-k8s-v2-formal-r1-20260818045132,s01,single,1,catalog-gw,RCD_seed2,full,catalog-gw,catalog-gw;backend,1.0,1.0,1.0,1.0,1.0,1.0,1.0,1.0,1.0,1.0,1.0,1.0,1.0,1.0
mr1_single_net-net_delay_single-k8s-v2-formal-r1-20260818045132,s01,single,1,catalog-gw,RCD_seed3,full,search,search,0.0,0.0,0.0,0.0,0.0,0.0,0.0,0.0,0.0,0.0,0.0,0.0,0.0,0.0
mr1_single_net-net_delay_single-k8s-v2-formal-r1-20260818045132,s01,single,1,catalog-gw,RCD_seed4,full,checkout,checkout;backend,0.0,0.0,0.0,0.0,0.0,0.0,0.0,0.0,0.0,0.0,0.0,0.0,0.0,0.0
mr1_single_net-net_delay_single-k8s-v2-formal-r1-20260818045132,s01,single,1,catalog-gw,delta_ratio,full,pricing,pricing;checkout;catalog;catalog-gw;search,0.0,0.0,1.0,0.0,0.0,0.0,1.0,0.0,0.0,0.43067655807339306,0.0,0.0,1.0,0.25
mr1_single_net-net_delay_single-k8s-v2-formal-r1-20260818045132,s01,single,1,catalog-gw,delta_z,full,backend,backend;search;cart;inventory;sasrec,0.0,0.0,0.0,0.0,0.0,0.0,0.0,0.0,0.0,0.0,0.0,0.0,0.0,0.07692307692307693
mr1_single_net-net_delay_single-k8s-v2-formal-r1-20260818045132,s01,single,1,catalog-gw,BARO,resource,sasrec,sasrec;inventory;pricing;checkout;catalog-gw,0.0,0.0,1.0,0.0,0.0,0.0,1.0,0.0,0.0,0.38685280723454163,0.0,0.0,1.0,0.2
mr1_single_net-net_delay_single-k8s-v2-formal-r1-20260818045132,s01,single,1,catalog-gw,RCD_seed0,resource,order,order,0.0,0.0,0.0,0.0,0.0,0.0,0.0,0.0,0.0,0.0,0.0,0.0,0.0,0.0
mr1_single_net-net_delay_single-k8s-v2-formal-r1-20260818045132,s01,single,1,catalog-gw,RCD_seed1,resource,backend,backend;checkout,0.0,0.0,0.0,0.0,0.0,0.0,0.0,0.0,0.0,0.0,0.0,0.0,0.0,0.0
mr1_single_net-net_delay_single-k8s-v2-formal-r1-20260818045132,s01,single,1,catalog-gw,RCD_seed2,resource,sasrec,sasrec;search,0.0,0.0,0.0,0.0,0.0,0.0,0.0,0.0,0.0,0.0,0.0,0.0,0.0,0.0
mr1_single_net-net_delay_single-k8s-v2-formal-r1-20260818045132,s01,single,1,catalog-gw,RCD_seed3,resource,checkout,checkout;cart,0.0,0.0,0.0,0.0,0.0,0.0,0.0,0.0,0.0,0.0,0.0,0.0,0.0,0.0
mr1_single_net-net_delay_single-k8s-v2-formal-r1-20260818045132,s01,single,1,catalog-gw,RCD_seed4,resource,search,search;review-query,0.0,0.0,0.0,0.0,0.0,0.0,0.0,0.0,0.0,0.0,0.0,0.0,0.0,0.0
mr1_single_net-net_delay_single-k8s-v2-formal-r1-20260818045132,s01,single,1,catalog-gw,delta_ratio,resource,catalog-gw,catalog-gw;backend;catalog;search;host,1.0,1.0,1.0,1.0,1.0,1.0,1.0,1.0,1.0,1.0,1.0,1.0,1.0,1.0
mr1_single_net-net_delay_single-k8s-v2-formal-r1-20260818045132,s01,single,1,catalog-gw,delta_z,resource,backend,backend;search;cart;inventory;sasrec,0.0,0.0,0.0,0.0,0.0,0.0,0.0,0.0,0.0,0.0,0.0,0.0,0.0,0.08333333333333333
mr1_single_res-service_cpu_single-k8s-v2-formal-r1-20260818045426,s11,single,1,review-query,BARO,full,review-query,review-query;inventory;cart;user;backend,1.0,1.0,1.0,1.0,1.0,1.0,1.0,1.0,1.0,1.0,1.0,1.0,1.0,1.0
mr1_single_res-service_cpu_single-k8s-v2-formal-r1-20260818045426,s11,single,1,review-query,RCD_seed0,full,checkout,checkout;inventory,0.0,0.0,0.0,0.0,0.0,0.0,0.0,0.0,0.0,0.0,0.0,0.0,0.0,0.0
mr1_single_res-service_cpu_single-k8s-v2-formal-r1-20260818045426,s11,single,1,review-query,RCD_seed1,full,catalog,catalog;sasrec,0.0,0.0,0.0,0.0,0.0,0.0,0.0,0.0,0.0,0.0,0.0,0.0,0.0,0.0
mr1_single_res-service_cpu_single-k8s-v2-formal-r1-20260818045426,s11,single,1,review-query,RCD_seed2,full,pricing,pricing;inventory,0.0,0.0,0.0,0.0,0.0,0.0,0.0,0.0,0.0,0.0,0.0,0.0,0.0,0.0
mr1_single_res-service_cpu_single-k8s-v2-formal-r1-20260818045426,s11,single,1,review-query,RCD_seed3,full,review-query,review-query;checkout,1.0,1.0,1.0,1.0,1.0,1.0,1.0,1.0,1.0,1.0,1.0,1.0,1.0,1.0
mr1_single_res-service_cpu_single-k8s-v2-formal-r1-20260818045426,s11,single,1,review-query,RCD_seed4,full,cart,cart;sasrec,0.0,0.0,0.0,0.0,0.0,0.0,0.0,0.0,0.0,0.0,0.0,0.0,0.0,0.0
mr1_single_res-service_cpu_single-k8s-v2-formal-r1-20260818045426,s11,single,1,review-query,delta_ratio,full,review-query,review-query;host;checkout;search;backend,1.0,1.0,1.0,1.0,1.0,1.0,1.0,1.0,1.0,1.0,1.0,1.0,1.0,1.0
mr1_single_res-service_cpu_single-k8s-v2-formal-r1-20260818045426,s11,single,1,review-query,delta_z,full,review-query,review-query;catalog-gw;mysql;host;checkout,1.0,1.0,1.0,1.0,1.0,1.0,1.0,1.0,1.0,1.0,1.0,1.0,1.0,1.0
mr1_single_res-service_cpu_single-k8s-v2-formal-r1-20260818045426,s11,single,1,review-query,BARO,resource,review-query,review-query;checkout;host;pricing;order,1.0,1.0,1.0,1.0,1.0,1.0,1.0,1.0,1.0,1.0,1.0,1.0,1.0,1.0
mr1_single_res-service_cpu_single-k8s-v2-formal-r1-20260818045426,s11,single,1,review-query,RCD_seed0,resource,inventory,inventory;cart,0.0,0.0,0.0,0.0,0.0,0.0,0.0,0.0,0.0,0.0,0.0,0.0,0.0,0.0
mr1_single_res-service_cpu_single-k8s-v2-formal-r1-20260818045426,s11,single,1,review-query,RCD_seed1,resource,sasrec,sasrec;cart;order,0.0,0.0,0.0,0.0,0.0,0.0,0.0,0.0,0.0,0.0,0.0,0.0,0.0,0.0
mr1_single_res-service_cpu_single-k8s-v2-formal-r1-20260818045426,s11,single,1,review-query,RCD_seed2,resource,catalog,catalog;review-query;pricing,0.0,1.0,1.0,0.0,0.0,1.0,1.0,0.0,0.6309297535714575,0.6309297535714575,0.0,1.0,1.0,0.5
mr1_single_res-service_cpu_single-k8s-v2-formal-r1-20260818045426,s11,single,1,review-query,RCD_seed3,resource,cart,cart,0.0,0.0,0.0,0.0,0.0,0.0,0.0,0.0,0.0,0.0,0.0,0.0,0.0,0.0
mr1_single_res-service_cpu_single-k8s-v2-formal-r1-20260818045426,s11,single,1,review-query,RCD_seed4,resource,catalog,catalog;review-query,0.0,1.0,1.0,0.0,0.0,1.0,1.0,0.0,0.6309297535714575,0.6309297535714575,0.0,1.0,1.0,0.5
mr1_single_res-service_cpu_single-k8s-v2-formal-r1-20260818045426,s11,single,1,review-query,delta_ratio,resource,review-query,review-query;host;mysql;pricing;catalog,1.0,1.0,1.0,1.0,1.0,1.0,1.0,1.0,1.0,1.0,1.0,1.0,1.0,1.0
mr1_single_res-service_cpu_single-k8s-v2-formal-r1-20260818045426,s11,single,1,review-query,delta_z,resource,review-query,review-query;catalog-gw;mysql;host;checkout,1.0,1.0,1.0,1.0,1.0,1.0,1.0,1.0,1.0,1.0,1.0,1.0,1.0,1.0
mr3_cross_res-pricing_cpu_x_catalog_latency_x_cfg_timeout-k8s-v2-formal-r1-20260818050345,t01,triple,3,pricing;catalog;catalog-gw,BARO,full,checkout,checkout;review-query;pricing;catalog;search,0.0,1.0,1.0,0.3333333333333333,0.0,0.0,0.0,0.0,0.23463936301137822,0.4367467095119258,0.0,0.3333333333333333,0.6666666666666666,0.22474747474747472
mr3_cross_res-pricing_cpu_x_catalog_latency_x_cfg_timeout-k8s-v2-formal-r1-20260818050345,t01,triple,3,pricing;catalog;catalog-gw,RCD_seed0,full,user,user;catalog,0.0,1.0,1.0,0.3333333333333333,0.0,0.0,0.0,0.0,0.2960819109658652,0.2960819109658652,0.0,0.3333333333333333,0.3333333333333333,0.16666666666666666
mr3_cross_res-pricing_cpu_x_catalog_latency_x_cfg_timeout-k8s-v2-formal-r1-20260818050345,t01,triple,3,pricing;catalog;catalog-gw,RCD_seed1,full,user,user;search;pricing,0.0,1.0,1.0,0.3333333333333333,0.0,0.0,0.0,0.0,0.23463936301137822,0.23463936301137822,0.0,0.3333333333333333,0.3333333333333333,0.1111111111111111
mr3_cross_res-pricing_cpu_x_catalog_latency_x_cfg_timeout-k8s-v2-formal-r1-20260818050345,t01,triple,3,pricing;catalog;catalog-gw,RCD_seed2,full,user,user;catalog,0.0,1.0,1.0,0.3333333333333333,0.0,0.0,0.0,0.0,0.2960819109658652,0.2960819109658652,0.0,0.3333333333333333,0.3333333333333333,0.16666666666666666
mr3_cross_res-pricing_cpu_x_catalog_latency_x_cfg_timeout-k8s-v2-formal-r1-20260818050345,t01,triple,3,pricing;catalog;catalog-gw,RCD_seed3,full,checkout,checkout;catalog,0.0,1.0,1.0,0.3333333333333333,0.0,0.0,0.0,0.0,0.2960819109658652,0.2960819109658652,0.0,0.3333333333333333,0.3333333333333333,0.16666666666666666
mr3_cross_res-pricing_cpu_x_catalog_latency_x_cfg_timeout-k8s-v2-formal-r1-20260818050345,t01,triple,3,pricing;catalog;catalog-gw,RCD_seed4,full,search,search;pricing;checkout,0.0,1.0,1.0,0.3333333333333333,0.0,0.0,0.0,0.0,0.2960819109658652,0.2960819109658652,0.0,0.3333333333333333,0.3333333333333333,0.16666666666666666
mr3_cross_res-pricing_cpu_x_catalog_latency_x_cfg_timeout-k8s-v2-formal-r1-20260818050345,t01,triple,3,pricing;catalog;catalog-gw,delta_ratio,full,pricing,pricing;host;mysql;search;catalog,1.0,1.0,1.0,0.3333333333333333,0.0,0.0,0.0,1.0,0.46927872602275644,0.6508205185601091,0.3333333333333333,0.3333333333333333,0.6666666666666666,0.43030303030303024
mr3_cross_res-pricing_cpu_x_catalog_latency_x_cfg_timeout-k8s-v2-formal-r1-20260818050345,t01,triple,3,pricing;catalog;catalog-gw,delta_z,full,catalog,catalog;pricing;host;mysql;search,1.0,1.0,1.0,0.6666666666666666,0.0,0.0,0.0,1.0,0.7653606369886217,0.7653606369886217,0.3333333333333333,0.6666666666666666,0.6666666666666666,0.5256410256410257
mr3_cross_res-pricing_cpu_x_catalog_latency_x_cfg_timeout-k8s-v2-formal-r1-20260818050345,t01,triple,3,pricing;catalog;catalog-gw,BARO,resource,catalog,catalog;pricing;host;user;inventory,1.0,1.0,1.0,0.6666666666666666,0.0,0.0,0.0,1.0,0.7653606369886217,0.7653606369886217,0.3333333333333333,0.6666666666666666,0.6666666666666666,0.5476190476190476
mr3_cross_res-pricing_cpu_x_catalog_latency_x_cfg_timeout-k8s-v2-formal-r1-20260818050345,t01,triple,3,pricing;catalog;catalog-gw,RCD_seed0,resource,catalog,catalog,1.0,1.0,1.0,0.3333333333333333,0.0,0.0,0.0,1.0,0.46927872602275644,0.46927872602275644,0.3333333333333333,0.3333333333333333,0.3333333333333333,0.3333333333333333
mr3_cross_res-pricing_cpu_x_catalog_latency_x_cfg_timeout-k8s-v2-formal-r1-20260818050345,t01,triple,3,pricing;catalog;catalog-gw,RCD_seed1,resource,pricing,pricing;user,1.0,1.0,1.0,0.3333333333333333,0.0,0.0,0.0,1.0,0.46927872602275644,0.46927872602275644,0.3333333333333333,0.3333333333333333,0.3333333333333333,0.3333333333333333
mr3_cross_res-pricing_cpu_x_catalog_latency_x_cfg_timeout-k8s-v2-formal-r1-20260818050345,t01,triple,3,pricing;catalog;catalog-gw,RCD_seed2,resource,catalog,catalog;pricing,1.0,1.0,1.0,0.6666666666666666,0.0,0.0,0.0,1.0,0.7653606369886217,0.7653606369886217,0.3333333333333333,0.6666666666666666,0.6666666666666666,0.5
mr3_cross_res-pricing_cpu_x_catalog_latency_x_cfg_timeout-k8s-v2-formal-r1-20260818050345,t01,triple,3,pricing;catalog;catalog-gw,RCD_seed3,resource,catalog,catalog,1.0,1.0,1.0,0.3333333333333333,0.0,0.0,0.0,1.0,0.46927872602275644,0.46927872602275644,0.3333333333333333,0.3333333333333333,0.3333333333333333,0.3333333333333333
mr3_cross_res-pricing_cpu_x_catalog_latency_x_cfg_timeout-k8s-v2-formal-r1-20260818050345,t01,triple,3,pricing;catalog;catalog-gw,RCD_seed4,resource,catalog,catalog,1.0,1.0,1.0,0.3333333333333333,0.0,0.0,0.0,1.0,0.46927872602275644,0.46927872602275644,0.3333333333333333,0.3333333333333333,0.3333333333333333,0.3333333333333333
mr3_cross_res-pricing_cpu_x_catalog_latency_x_cfg_timeout-k8s-v2-formal-r1-20260818050345,t01,triple,3,pricing;catalog;catalog-gw,delta_ratio,resource,pricing,pricing;host;mysql;catalog;search,1.0,1.0,1.0,0.3333333333333333,0.0,0.0,0.0,1.0,0.46927872602275644,0.6713860725233041,0.3333333333333333,0.3333333333333333,0.6666666666666666,0.4537037037037037
mr3_cross_res-pricing_cpu_x_catalog_latency_x_cfg_timeout-k8s-v2-formal-r1-20260818050345,t01,triple,3,pricing;catalog;catalog-gw,delta_z,resource,catalog,catalog;pricing;host;mysql;user,1.0,1.0,1.0,0.6666666666666666,0.0,0.0,0.0,1.0,0.7653606369886217,0.7653606369886217,0.3333333333333333,0.6666666666666666,0.6666666666666666,0.5476190476190476
mr1_single_lif-pod_failure_single-k8s-v2-formal-r1-20260818050733,s19,single,1,search,BARO,full,checkout,checkout;user;order;inventory;search,0.0,0.0,1.0,0.0,0.0,0.0,1.0,0.0,0.0,0.38685280723454163,0.0,0.0,1.0,0.2
mr1_single_lif-pod_failure_single-k8s-v2-formal-r1-20260818050733,s19,single,1,search,RCD_seed0,full,checkout,checkout,0.0,0.0,0.0,0.0,0.0,0.0,0.0,0.0,0.0,0.0,0.0,0.0,0.0,0.0
mr1_single_lif-pod_failure_single-k8s-v2-formal-r1-20260818050733,s19,single,1,search,RCD_seed1,full,review-query,review-query;search;checkout,0.0,1.0,1.0,0.0,0.0,1.0,1.0,0.0,0.6309297535714575,0.6309297535714575,0.0,1.0,1.0,0.5
mr1_single_lif-pod_failure_single-k8s-v2-formal-r1-20260818050733,s19,single,1,search,RCD_seed2,full,backend,backend,0.0,0.0,0.0,0.0,0.0,0.0,0.0,0.0,0.0,0.0,0.0,0.0,0.0,0.0
mr1_single_lif-pod_failure_single-k8s-v2-formal-r1-20260818050733,s19,single,1,search,RCD_seed3,full,checkout,checkout;order,0.0,0.0,0.0,0.0,0.0,0.0,0.0,0.0,0.0,0.0,0.0,0.0,0.0,0.0
mr1_single_lif-pod_failure_single-k8s-v2-formal-r1-20260818050733,s19,single,1,search,RCD_seed4,full,order,order;catalog,0.0,0.0,0.0,0.0,0.0,0.0,0.0,0.0,0.0,0.0,0.0,0.0,0.0,0.0
mr1_single_lif-pod_failure_single-k8s-v2-formal-r1-20260818050733,s19,single,1,search,delta_ratio,full,search,search;mysql;catalog-gw;checkout;catalog,1.0,1.0,1.0,1.0,1.0,1.0,1.0,1.0,1.0,1.0,1.0,1.0,1.0,1.0
mr1_single_lif-pod_failure_single-k8s-v2-formal-r1-20260818050733,s19,single,1,search,delta_z,full,search,search;mysql;catalog-gw;checkout;order,1.0,1.0,1.0,1.0,1.0,1.0,1.0,1.0,1.0,1.0,1.0,1.0,1.0,1.0
mr1_single_lif-pod_failure_single-k8s-v2-formal-r1-20260818050733,s19,single,1,search,BARO,resource,checkout,checkout;user;order;inventory;search,0.0,0.0,1.0,0.0,0.0,0.0,1.0,0.0,0.0,0.38685280723454163,0.0,0.0,1.0,0.2
mr1_single_lif-pod_failure_single-k8s-v2-formal-r1-20260818050733,s19,single,1,search,RCD_seed0,resource,search,search;order,1.0,1.0,1.0,1.0,1.0,1.0,1.0,1.0,1.0,1.0,1.0,1.0,1.0,1.0
mr1_single_lif-pod_failure_single-k8s-v2-formal-r1-20260818050733,s19,single,1,search,RCD_seed1,resource,mysql,mysql;user;cart,0.0,0.0,0.0,0.0,0.0,0.0,0.0,0.0,0.0,0.0,0.0,0.0,0.0,0.0
mr1_single_lif-pod_failure_single-k8s-v2-formal-r1-20260818050733,s19,single,1,search,RCD_seed2,resource,search,search;catalog-gw,1.0,1.0,1.0,1.0,1.0,1.0,1.0,1.0,1.0,1.0,1.0,1.0,1.0,1.0
mr1_single_lif-pod_failure_single-k8s-v2-formal-r1-20260818050733,s19,single,1,search,RCD_seed3,resource,order,order,0.0,0.0,0.0,0.0,0.0,0.0,0.0,0.0,0.0,0.0,0.0,0.0,0.0,0.0
mr1_single_lif-pod_failure_single-k8s-v2-formal-r1-20260818050733,s19,single,1,search,RCD_seed4,resource,user,user;cart,0.0,0.0,0.0,0.0,0.0,0.0,0.0,0.0,0.0,0.0,0.0,0.0,0.0,0.0
mr1_single_lif-pod_failure_single-k8s-v2-formal-r1-20260818050733,s19,single,1,search,delta_ratio,resource,mysql,mysql;search;catalog-gw;catalog;order,0.0,1.0,1.0,0.0,0.0,1.0,1.0,0.0,0.6309297535714575,0.6309297535714575,0.0,1.0,1.0,0.5
mr1_single_lif-pod_failure_single-k8s-v2-formal-r1-20260818050733,s19,single,1,search,delta_z,resource,search,search;mysql;catalog-gw;checkout;order,1.0,1.0,1.0,1.0,1.0,1.0,1.0,1.0,1.0,1.0,1.0,1.0,1.0,1.0
mr1_single_lif-pod_failure_single-k8s-v2-formal-r1-20260818051113,s14,single,1,order,BARO,full,order,order;review-query;cart;backend;user,1.0,1.0,1.0,1.0,1.0,1.0,1.0,1.0,1.0,1.0,1.0,1.0,1.0,1.0
mr1_single_lif-pod_failure_single-k8s-v2-formal-r1-20260818051113,s14,single,1,order,RCD_seed0,full,review-query,review-query;order,0.0,1.0,1.0,0.0,0.0,1.0,1.0,0.0,0.6309297535714575,0.6309297535714575,0.0,1.0,1.0,0.5
mr1_single_lif-pod_failure_single-k8s-v2-formal-r1-20260818051113,s14,single,1,order,RCD_seed1,full,user,user;checkout,0.0,0.0,0.0,0.0,0.0,0.0,0.0,0.0,0.0,0.0,0.0,0.0,0.0,0.0
mr1_single_lif-pod_failure_single-k8s-v2-formal-r1-20260818051113,s14,single,1,order,RCD_seed2,full,order,order,1.0,1.0,1.0,1.0,1.0,1.0,1.0,1.0,1.0,1.0,1.0,1.0,1.0,1.0
mr1_single_lif-pod_failure_single-k8s-v2-formal-r1-20260818051113,s14,single,1,order,RCD_seed3,full,checkout,checkout;review-query,0.0,0.0,0.0,0.0,0.0,0.0,0.0,0.0,0.0,0.0,0.0,0.0,0.0,0.0
mr1_single_lif-pod_failure_single-k8s-v2-formal-r1-20260818051113,s14,single,1,order,RCD_seed4,full,pricing,pricing,0.0,0.0,0.0,0.0,0.0,0.0,0.0,0.0,0.0,0.0,0.0,0.0,0.0,0.0
mr1_single_lif-pod_failure_single-k8s-v2-formal-r1-20260818051113,s14,single,1,order,delta_ratio,full,mysql,mysql;order;checkout;review-query;cart,0.0,1.0,1.0,0.0,0.0,1.0,1.0,0.0,0.6309297535714575,0.6309297535714575,0.0,1.0,1.0,0.5
mr1_single_lif-pod_failure_single-k8s-v2-formal-r1-20260818051113,s14,single,1,order,delta_z,full,order,order;checkout;mysql;sasrec;inventory,1.0,1.0,1.0,1.0,1.0,1.0,1.0,1.0,1.0,1.0,1.0,1.0,1.0,1.0
mr1_single_lif-pod_failure_single-k8s-v2-formal-r1-20260818051113,s14,single,1,order,BARO,resource,order,order;review-query;cart;checkout;user,1.0,1.0,1.0,1.0,1.0,1.0,1.0,1.0,1.0,1.0,1.0,1.0,1.0,1.0
mr1_single_lif-pod_failure_single-k8s-v2-formal-r1-20260818051113,s14,single,1,order,RCD_seed0,resource,backend,backend,0.0,0.0,0.0,0.0,0.0,0.0,0.0,0.0,0.0,0.0,0.0,0.0,0.0,0.0
mr1_single_lif-pod_failure_single-k8s-v2-formal-r1-20260818051113,s14,single,1,order,RCD_seed1,resource,review-query,review-query;user,0.0,0.0,0.0,0.0,0.0,0.0,0.0,0.0,0.0,0.0,0.0,0.0,0.0,0.0
mr1_single_lif-pod_failure_single-k8s-v2-formal-r1-20260818051113,s14,single,1,order,RCD_seed2,resource,order,order;checkout,1.0,1.0,1.0,1.0,1.0,1.0,1.0,1.0,1.0,1.0,1.0,1.0,1.0,1.0
mr1_single_lif-pod_failure_single-k8s-v2-formal-r1-20260818051113,s14,single,1,order,RCD_seed3,resource,inventory,inventory;pricing,0.0,0.0,0.0,0.0,0.0,0.0,0.0,0.0,0.0,0.0,0.0,0.0,0.0,0.0
mr1_single_lif-pod_failure_single-k8s-v2-formal-r1-20260818051113,s14,single,1,order,RCD_seed4,resource,review-query,review-query;order;user,0.0,1.0,1.0,0.0,0.0,1.0,1.0,0.0,0.6309297535714575,0.6309297535714575,0.0,1.0,1.0,0.5
mr1_single_lif-pod_failure_single-k8s-v2-formal-r1-20260818051113,s14,single,1,order,delta_ratio,resource,mysql,mysql;order;checkout;catalog-gw;review-query,0.0,1.0,1.0,0.0,0.0,1.0,1.0,0.0,0.6309297535714575,0.6309297535714575,0.0,1.0,1.0,0.5
mr1_single_lif-pod_failure_single-k8s-v2-formal-r1-20260818051113,s14,single,1,order,delta_z,resource,order,order;checkout;mysql;sasrec;inventory,1.0,1.0,1.0,1.0,1.0,1.0,1.0,1.0,1.0,1.0,1.0,1.0,1.0,1.0
mr2_intra_config-dual_timeout_retry-k8s-v2-formal-r1-20260818051551,d01,single,1,catalog-gw,BARO,full,checkout,checkout;pricing;review-query;sasrec;rec-agent,0.0,0.0,0.0,0.0,0.0,0.0,0.0,0.0,0.0,0.0,0.0,0.0,0.0,0.09090909090909091
mr2_intra_config-dual_timeout_retry-k8s-v2-formal-r1-20260818051551,d01,single,1,catalog-gw,RCD_seed0,full,inventory,inventory;cart,0.0,0.0,0.0,0.0,0.0,0.0,0.0,0.0,0.0,0.0,0.0,0.0,0.0,0.0
mr2_intra_config-dual_timeout_retry-k8s-v2-formal-r1-20260818051551,d01,single,1,catalog-gw,RCD_seed1,full,inventory,inventory,0.0,0.0,0.0,0.0,0.0,0.0,0.0,0.0,0.0,0.0,0.0,0.0,0.0,0.0
mr2_intra_config-dual_timeout_retry-k8s-v2-formal-r1-20260818051551,d01,single,1,catalog-gw,RCD_seed2,full,pricing,pricing;cart,0.0,0.0,0.0,0.0,0.0,0.0,0.0,0.0,0.0,0.0,0.0,0.0,0.0,0.0
mr2_intra_config-dual_timeout_retry-k8s-v2-formal-r1-20260818051551,d01,single,1,catalog-gw,RCD_seed3,full,cart,cart,0.0,0.0,0.0,0.0,0.0,0.0,0.0,0.0,0.0,0.0,0.0,0.0,0.0,0.0
mr2_intra_config-dual_timeout_retry-k8s-v2-formal-r1-20260818051551,d01,single,1,catalog-gw,RCD_seed4,full,cart,cart,0.0,0.0,0.0,0.0,0.0,0.0,0.0,0.0,0.0,0.0,0.0,0.0,0.0,0.0
mr2_intra_config-dual_timeout_retry-k8s-v2-formal-r1-20260818051551,d01,single,1,catalog-gw,delta_ratio,full,pricing,pricing;checkout;catalog;order;cart,0.0,0.0,0.0,0.0,0.0,0.0,0.0,0.0,0.0,0.0,0.0,0.0,0.0,0.08333333333333333
mr2_intra_config-dual_timeout_retry-k8s-v2-formal-r1-20260818051551,d01,single,1,catalog-gw,delta_z,full,pricing,pricing;review-query;checkout;catalog-gw;catalog,0.0,0.0,1.0,0.0,0.0,0.0,1.0,0.0,0.0,0.43067655807339306,0.0,0.0,1.0,0.25
mr2_intra_config-dual_timeout_retry-k8s-v2-formal-r1-20260818051551,d01,single,1,catalog-gw,BARO,resource,review-query,review-query;catalog;search;catalog-gw;host,0.0,0.0,1.0,0.0,0.0,0.0,1.0,0.0,0.0,0.43067655807339306,0.0,0.0,1.0,0.25
mr2_intra_config-dual_timeout_retry-k8s-v2-formal-r1-20260818051551,d01,single,1,catalog-gw,RCD_seed0,resource,inventory,inventory,0.0,0.0,0.0,0.0,0.0,0.0,0.0,0.0,0.0,0.0,0.0,0.0,0.0,0.0
mr2_intra_config-dual_timeout_retry-k8s-v2-formal-r1-20260818051551,d01,single,1,catalog-gw,RCD_seed1,resource,inventory,inventory,0.0,0.0,0.0,0.0,0.0,0.0,0.0,0.0,0.0,0.0,0.0,0.0,0.0,0.0
mr2_intra_config-dual_timeout_retry-k8s-v2-formal-r1-20260818051551,d01,single,1,catalog-gw,RCD_seed2,resource,inventory,inventory,0.0,0.0,0.0,0.0,0.0,0.0,0.0,0.0,0.0,0.0,0.0,0.0,0.0,0.0
mr2_intra_config-dual_timeout_retry-k8s-v2-formal-r1-20260818051551,d01,single,1,catalog-gw,RCD_seed3,resource,inventory,inventory,0.0,0.0,0.0,0.0,0.0,0.0,0.0,0.0,0.0,0.0,0.0,0.0,0.0,0.0
mr2_intra_config-dual_timeout_retry-k8s-v2-formal-r1-20260818051551,d01,single,1,catalog-gw,RCD_seed4,resource,inventory,inventory,0.0,0.0,0.0,0.0,0.0,0.0,0.0,0.0,0.0,0.0,0.0,0.0,0.0,0.0
mr2_intra_config-dual_timeout_retry-k8s-v2-formal-r1-20260818051551,d01,single,1,catalog-gw,delta_ratio,resource,pricing,pricing;backend;inventory;cart;search,0.0,0.0,0.0,0.0,0.0,0.0,0.0,0.0,0.0,0.0,0.0,0.0,0.0,0.14285714285714285
mr2_intra_config-dual_timeout_retry-k8s-v2-formal-r1-20260818051551,d01,single,1,catalog-gw,delta_z,resource,review-query,review-query;catalog-gw;checkout;pricing;search,0.0,1.0,1.0,0.0,0.0,1.0,1.0,0.0,0.6309297535714575,0.6309297535714575,0.0,1.0,1.0,0.5
mr2_cross_lif-checkout_podfail_x_inv_latency-k8s-v2-formal-r1-20260818053317,d17,dual,2,checkout;inventory,BARO,full,checkout,checkout;inventory;order;catalog-gw;cart,1.0,1.0,1.0,1.0,0.0,1.0,1.0,1.0,1.0,1.0,0.5,1.0,1.0,0.75
mr2_cross_lif-checkout_podfail_x_inv_latency-k8s-v2-formal-r1-20260818053317,d17,dual,2,checkout;inventory,RCD_seed0,full,catalog,catalog,0.0,0.0,0.0,0.0,0.0,0.0,0.0,0.0,0.0,0.0,0.0,0.0,0.0,0.0
mr2_cross_lif-checkout_podfail_x_inv_latency-k8s-v2-formal-r1-20260818053317,d17,dual,2,checkout;inventory,RCD_seed1,full,catalog,catalog,0.0,0.0,0.0,0.0,0.0,0.0,0.0,0.0,0.0,0.0,0.0,0.0,0.0,0.0
mr2_cross_lif-checkout_podfail_x_inv_latency-k8s-v2-formal-r1-20260818053317,d17,dual,2,checkout;inventory,RCD_seed2,full,catalog,catalog,0.0,0.0,0.0,0.0,0.0,0.0,0.0,0.0,0.0,0.0,0.0,0.0,0.0,0.0
mr2_cross_lif-checkout_podfail_x_inv_latency-k8s-v2-formal-r1-20260818053317,d17,dual,2,checkout;inventory,RCD_seed3,full,catalog,catalog,0.0,0.0,0.0,0.0,0.0,0.0,0.0,0.0,0.0,0.0,0.0,0.0,0.0,0.0
mr2_cross_lif-checkout_podfail_x_inv_latency-k8s-v2-formal-r1-20260818053317,d17,dual,2,checkout;inventory,RCD_seed4,full,catalog,catalog,0.0,0.0,0.0,0.0,0.0,0.0,0.0,0.0,0.0,0.0,0.0,0.0,0.0,0.0
mr2_cross_lif-checkout_podfail_x_inv_latency-k8s-v2-formal-r1-20260818053317,d17,dual,2,checkout;inventory,delta_ratio,full,inventory,inventory;checkout;mysql;user;catalog,1.0,1.0,1.0,1.0,0.0,1.0,1.0,1.0,1.0,1.0,0.5,1.0,1.0,0.75
mr2_cross_lif-checkout_podfail_x_inv_latency-k8s-v2-formal-r1-20260818053317,d17,dual,2,checkout;inventory,delta_z,full,checkout,checkout;inventory;sasrec;host;backend,1.0,1.0,1.0,1.0,0.0,1.0,1.0,1.0,1.0,1.0,0.5,1.0,1.0,0.75
mr2_cross_lif-checkout_podfail_x_inv_latency-k8s-v2-formal-r1-20260818053317,d17,dual,2,checkout;inventory,BARO,resource,checkout,checkout;inventory;catalog-gw;pricing;backend,1.0,1.0,1.0,1.0,0.0,1.0,1.0,1.0,1.0,1.0,0.5,1.0,1.0,0.75
mr2_cross_lif-checkout_podfail_x_inv_latency-k8s-v2-formal-r1-20260818053317,d17,dual,2,checkout;inventory,RCD_seed0,resource,catalog,catalog,0.0,0.0,0.0,0.0,0.0,0.0,0.0,0.0,0.0,0.0,0.0,0.0,0.0,0.0
mr2_cross_lif-checkout_podfail_x_inv_latency-k8s-v2-formal-r1-20260818053317,d17,dual,2,checkout;inventory,RCD_seed1,resource,catalog,catalog,0.0,0.0,0.0,0.0,0.0,0.0,0.0,0.0,0.0,0.0,0.0,0.0,0.0,0.0
mr2_cross_lif-checkout_podfail_x_inv_latency-k8s-v2-formal-r1-20260818053317,d17,dual,2,checkout;inventory,RCD_seed2,resource,catalog,catalog,0.0,0.0,0.0,0.0,0.0,0.0,0.0,0.0,0.0,0.0,0.0,0.0,0.0,0.0
mr2_cross_lif-checkout_podfail_x_inv_latency-k8s-v2-formal-r1-20260818053317,d17,dual,2,checkout;inventory,RCD_seed3,resource,catalog,catalog,0.0,0.0,0.0,0.0,0.0,0.0,0.0,0.0,0.0,0.0,0.0,0.0,0.0,0.0
mr2_cross_lif-checkout_podfail_x_inv_latency-k8s-v2-formal-r1-20260818053317,d17,dual,2,checkout;inventory,RCD_seed4,resource,catalog,catalog,0.0,0.0,0.0,0.0,0.0,0.0,0.0,0.0,0.0,0.0,0.0,0.0,0.0,0.0
mr2_cross_lif-checkout_podfail_x_inv_latency-k8s-v2-formal-r1-20260818053317,d17,dual,2,checkout;inventory,delta_ratio,resource,checkout,checkout;mysql;inventory;catalog;host,1.0,1.0,1.0,0.5,0.0,1.0,1.0,1.0,0.9197207891481876,0.9197207891481876,0.5,1.0,1.0,0.6666666666666666
mr2_cross_lif-checkout_podfail_x_inv_latency-k8s-v2-formal-r1-20260818053317,d17,dual,2,checkout;inventory,delta_z,resource,checkout,checkout;inventory;sasrec;host;catalog,1.0,1.0,1.0,1.0,0.0,1.0,1.0,1.0,1.0,1.0,0.5,1.0,1.0,0.75
mr2_cross_dependency-inv_latency_x_runtime_exc-k8s-v2-formal-r1-20260818054249,d11,dual,2,inventory;catalog,BARO,full,inventory,inventory;checkout;catalog;search;cart,1.0,1.0,1.0,0.5,0.0,1.0,1.0,1.0,0.9197207891481876,0.9197207891481876,0.5,1.0,1.0,0.6666666666666666
mr2_cross_dependency-inv_latency_x_runtime_exc-k8s-v2-formal-r1-20260818054249,d11,dual,2,inventory;catalog,RCD_seed0,full,inventory,inventory,1.0,1.0,1.0,0.5,0.0,0.0,0.0,1.0,0.6131471927654584,0.6131471927654584,0.5,0.5,0.5,0.5
mr2_cross_dependency-inv_latency_x_runtime_exc-k8s-v2-formal-r1-20260818054249,d11,dual,2,inventory;catalog,RCD_seed1,full,inventory,inventory;checkout,1.0,1.0,1.0,0.5,0.0,0.0,0.0,1.0,0.6131471927654584,0.6131471927654584,0.5,0.5,0.5,0.5
mr2_cross_dependency-inv_latency_x_runtime_exc-k8s-v2-formal-r1-20260818054249,d11,dual,2,inventory;catalog,RCD_seed2,full,inventory,inventory;catalog,1.0,1.0,1.0,1.0,0.0,1.0,1.0,1.0,1.0,1.0,0.5,1.0,1.0,0.75
mr2_cross_dependency-inv_latency_x_runtime_exc-k8s-v2-formal-r1-20260818054249,d11,dual,2,inventory;catalog,RCD_seed3,full,checkout,checkout;inventory,0.0,1.0,1.0,0.5,0.0,0.0,0.0,0.0,0.38685280723454163,0.38685280723454163,0.0,0.5,0.5,0.25
mr2_cross_dependency-inv_latency_x_runtime_exc-k8s-v2-formal-r1-20260818054249,d11,dual,2,inventory;catalog,RCD_seed4,full,checkout,checkout;inventory,0.0,1.0,1.0,0.5,0.0,0.0,0.0,0.0,0.38685280723454163,0.38685280723454163,0.0,0.5,0.5,0.25
mr2_cross_dependency-inv_latency_x_runtime_exc-k8s-v2-formal-r1-20260818054249,d11,dual,2,inventory;catalog,delta_ratio,full,pricing,pricing;catalog;inventory;checkout;review-query,0.0,1.0,1.0,0.5,0.0,1.0,1.0,0.0,0.6934264036172708,0.6934264036172708,0.0,1.0,1.0,0.41666666666666663
mr2_cross_dependency-inv_latency_x_runtime_exc-k8s-v2-formal-r1-20260818054249,d11,dual,2,inventory;catalog,delta_z,full,catalog,catalog;inventory;pricing;checkout;host,1.0,1.0,1.0,1.0,0.0,1.0,1.0,1.0,1.0,1.0,0.5,1.0,1.0,0.75
mr2_cross_dependency-inv_latency_x_runtime_exc-k8s-v2-formal-r1-20260818054249,d11,dual,2,inventory;catalog,BARO,resource,inventory,inventory;catalog;search;cart;catalog-gw,1.0,1.0,1.0,1.0,0.0,1.0,1.0,1.0,1.0,1.0,0.5,1.0,1.0,0.75
mr2_cross_dependency-inv_latency_x_runtime_exc-k8s-v2-formal-r1-20260818054249,d11,dual,2,inventory;catalog,RCD_seed0,resource,catalog,catalog;inventory,1.0,1.0,1.0,1.0,0.0,1.0,1.0,1.0,1.0,1.0,0.5,1.0,1.0,0.75
mr2_cross_dependency-inv_latency_x_runtime_exc-k8s-v2-formal-r1-20260818054249,d11,dual,2,inventory;catalog,RCD_seed1,resource,catalog,catalog,1.0,1.0,1.0,0.5,0.0,0.0,0.0,1.0,0.6131471927654584,0.6131471927654584,0.5,0.5,0.5,0.5
mr2_cross_dependency-inv_latency_x_runtime_exc-k8s-v2-formal-r1-20260818054249,d11,dual,2,inventory;catalog,RCD_seed2,resource,inventory,inventory;catalog,1.0,1.0,1.0,1.0,0.0,1.0,1.0,1.0,1.0,1.0,0.5,1.0,1.0,0.75
mr2_cross_dependency-inv_latency_x_runtime_exc-k8s-v2-formal-r1-20260818054249,d11,dual,2,inventory;catalog,RCD_seed3,resource,inventory,inventory;catalog,1.0,1.0,1.0,1.0,0.0,1.0,1.0,1.0,1.0,1.0,0.5,1.0,1.0,0.75
mr2_cross_dependency-inv_latency_x_runtime_exc-k8s-v2-formal-r1-20260818054249,d11,dual,2,inventory;catalog,RCD_seed4,resource,catalog,catalog;inventory,1.0,1.0,1.0,1.0,0.0,1.0,1.0,1.0,1.0,1.0,0.5,1.0,1.0,0.75
mr2_cross_dependency-inv_latency_x_runtime_exc-k8s-v2-formal-r1-20260818054249,d11,dual,2,inventory;catalog,delta_ratio,resource,inventory,inventory;catalog;host;pricing;catalog-gw,1.0,1.0,1.0,1.0,0.0,1.0,1.0,1.0,1.0,1.0,0.5,1.0,1.0,0.75
mr2_cross_dependency-inv_latency_x_runtime_exc-k8s-v2-formal-r1-20260818054249,d11,dual,2,inventory;catalog,delta_z,resource,catalog,catalog;inventory;host;search;checkout,1.0,1.0,1.0,1.0,0.0,1.0,1.0,1.0,1.0,1.0,0.5,1.0,1.0,0.75
mr2_cross_lif-search_podfail_x_reviewquery_cpu-k8s-v2-formal-r1-20260818055703,d19,dual,2,search;review-query,BARO,full,inventory,inventory;search;review-query;cart;catalog,0.0,1.0,1.0,0.5,0.0,1.0,1.0,0.0,0.6934264036172708,0.6934264036172708,0.0,1.0,1.0,0.41666666666666663
mr2_cross_lif-search_podfail_x_reviewquery_cpu-k8s-v2-formal-r1-20260818055703,d19,dual,2,search;review-query,RCD_seed0,full,review-query,review-query;mysql;inventory;checkout;search,1.0,1.0,1.0,0.5,0.0,0.0,1.0,1.0,0.6131471927654584,0.8503449055347546,0.5,0.5,1.0,0.6
mr2_cross_lif-search_podfail_x_reviewquery_cpu-k8s-v2-formal-r1-20260818055703,d19,dual,2,search;review-query,RCD_seed1,full,review-query,review-query;catalog-gw;mysql;backend,1.0,1.0,1.0,0.5,0.0,0.0,0.0,1.0,0.6131471927654584,0.6131471927654584,0.5,0.5,0.5,0.5
mr2_cross_lif-search_podfail_x_reviewquery_cpu-k8s-v2-formal-r1-20260818055703,d19,dual,2,search;review-query,RCD_seed2,full,review-query,review-query;catalog-gw,1.0,1.0,1.0,0.5,0.0,0.0,0.0,1.0,0.6131471927654584,0.6131471927654584,0.5,0.5,0.5,0.5
mr2_cross_lif-search_podfail_x_reviewquery_cpu-k8s-v2-formal-r1-20260818055703,d19,dual,2,search;review-query,RCD_seed3,full,review-query,review-query;backend;inventory;catalog-gw;pricing,1.0,1.0,1.0,0.5,0.0,0.0,0.0,1.0,0.6131471927654584,0.6131471927654584,0.5,0.5,0.5,0.5
mr2_cross_lif-search_podfail_x_reviewquery_cpu-k8s-v2-formal-r1-20260818055703,d19,dual,2,search;review-query,RCD_seed4,full,review-query,review-query;host;backend,1.0,1.0,1.0,0.5,0.0,0.0,0.0,1.0,0.6131471927654584,0.6131471927654584,0.5,0.5,0.5,0.5
mr2_cross_lif-search_podfail_x_reviewquery_cpu-k8s-v2-formal-r1-20260818055703,d19,dual,2,search;review-query,delta_ratio,full,review-query,review-query;mysql;host;catalog;search,1.0,1.0,1.0,0.5,0.0,0.0,1.0,1.0,0.6131471927654584,0.8503449055347546,0.5,0.5,1.0,0.6
mr2_cross_lif-search_podfail_x_reviewquery_cpu-k8s-v2-formal-r1-20260818055703,d19,dual,2,search;review-query,delta_z,full,search,search;review-query;mysql;host;catalog,1.0,1.0,1.0,1.0,0.0,1.0,1.0,1.0,1.0,1.0,0.5,1.0,1.0,0.75
mr2_cross_lif-search_podfail_x_reviewquery_cpu-k8s-v2-formal-r1-20260818055703,d19,dual,2,search;review-query,BARO,resource,search,search;review-query;catalog-gw;host;backend,1.0,1.0,1.0,1.0,0.0,1.0,1.0,1.0,1.0,1.0,0.5,1.0,1.0,0.75
mr2_cross_lif-search_podfail_x_reviewquery_cpu-k8s-v2-formal-r1-20260818055703,d19,dual,2,search;review-query,RCD_seed0,resource,review-query,review-query;host;cart;backend;checkout,1.0,1.0,1.0,0.5,0.0,0.0,0.0,1.0,0.6131471927654584,0.6131471927654584,0.5,0.5,0.5,0.5
mr2_cross_lif-search_podfail_x_reviewquery_cpu-k8s-v2-formal-r1-20260818055703,d19,dual,2,search;review-query,RCD_seed1,resource,review-query,review-query;mysql;inventory;checkout;cart,1.0,1.0,1.0,0.5,0.0,0.0,0.0,1.0,0.6131471927654584,0.6131471927654584,0.5,0.5,0.5,0.5
mr2_cross_lif-search_podfail_x_reviewquery_cpu-k8s-v2-formal-r1-20260818055703,d19,dual,2,search;review-query,RCD_seed2,resource,review-query,review-query;host;mysql;cart;backend,1.0,1.0,1.0,0.5,0.0,0.0,0.0,1.0,0.6131471927654584,0.6131471927654584,0.5,0.5,0.5,0.5
mr2_cross_lif-search_podfail_x_reviewquery_cpu-k8s-v2-formal-r1-20260818055703,d19,dual,2,search;review-query,RCD_seed3,resource,review-query,review-query;backend;inventory;catalog;user,1.0,1.0,1.0,0.5,0.0,0.0,0.0,1.0,0.6131471927654584,0.6131471927654584,0.5,0.5,0.5,0.5
mr2_cross_lif-search_podfail_x_reviewquery_cpu-k8s-v2-formal-r1-20260818055703,d19,dual,2,search;review-query,RCD_seed4,resource,review-query,review-query;backend;cart;checkout;inventory,1.0,1.0,1.0,0.5,0.0,0.0,0.0,1.0,0.6131471927654584,0.6131471927654584,0.5,0.5,0.5,0.5
mr2_cross_lif-search_podfail_x_reviewquery_cpu-k8s-v2-formal-r1-20260818055703,d19,dual,2,search;review-query,delta_ratio,resource,review-query,review-query;mysql;host;search;catalog,1.0,1.0,1.0,0.5,0.0,0.0,1.0,1.0,0.6131471927654584,0.8772153153380493,0.5,0.5,1.0,0.625
mr2_cross_lif-search_podfail_x_reviewquery_cpu-k8s-v2-formal-r1-20260818055703,d19,dual,2,search;review-query,delta_z,resource,search,search;review-query;mysql;host;checkout,1.0,1.0,1.0,1.0,0.0,1.0,1.0,1.0,1.0,1.0,0.5,1.0,1.0,0.75
mr2_cross_res-db_lock_x_netdelay-k8s-v2-formal-r1-20260818060009,d10,dual,2,mysql;catalog-gw,BARO,full,order,order;checkout;cart;catalog;pricing,0.0,0.0,0.0,0.0,0.0,0.0,0.0,0.0,0.0,0.0,0.0,0.0,0.0,0.08571428571428572
mr2_cross_res-db_lock_x_netdelay-k8s-v2-formal-r1-20260818060009,d10,dual,2,mysql;catalog-gw,RCD_seed0,full,cart,cart;backend,0.0,0.0,0.0,0.0,0.0,0.0,0.0,0.0,0.0,0.0,0.0,0.0,0.0,0.0
mr2_cross_res-db_lock_x_netdelay-k8s-v2-formal-r1-20260818060009,d10,dual,2,mysql;catalog-gw,RCD_seed1,full,host,host;cart,0.0,0.0,0.0,0.0,0.0,0.0,0.0,0.0,0.0,0.0,0.0,0.0,0.0,0.0
mr2_cross_res-db_lock_x_netdelay-k8s-v2-formal-r1-20260818060009,d10,dual,2,mysql;catalog-gw,RCD_seed2,full,sasrec,sasrec;cart,0.0,0.0,0.0,0.0,0.0,0.0,0.0,0.0,0.0,0.0,0.0,0.0,0.0,0.0
mr2_cross_res-db_lock_x_netdelay-k8s-v2-formal-r1-20260818060009,d10,dual,2,mysql;catalog-gw,RCD_seed3,full,search,search;pricing,0.0,0.0,0.0,0.0,0.0,0.0,0.0,0.0,0.0,0.0,0.0,0.0,0.0,0.0
mr2_cross_res-db_lock_x_netdelay-k8s-v2-formal-r1-20260818060009,d10,dual,2,mysql;catalog-gw,RCD_seed4,full,inventory,inventory;checkout,0.0,0.0,0.0,0.0,0.0,0.0,0.0,0.0,0.0,0.0,0.0,0.0,0.0,0.0
mr2_cross_res-db_lock_x_netdelay-k8s-v2-formal-r1-20260818060009,d10,dual,2,mysql;catalog-gw,delta_ratio,full,mysql,mysql;cart;catalog;checkout;order,1.0,1.0,1.0,0.5,0.0,0.0,0.0,1.0,0.6131471927654584,0.6131471927654584,0.5,0.5,0.5,0.55
mr2_cross_res-db_lock_x_netdelay-k8s-v2-formal-r1-20260818060009,d10,dual,2,mysql;catalog-gw,delta_z,full,mysql,mysql;cart;catalog;checkout;order,1.0,1.0,1.0,0.5,0.0,0.0,0.0,1.0,0.6131471927654584,0.6131471927654584,0.5,0.5,0.5,0.5357142857142857
mr2_cross_res-db_lock_x_netdelay-k8s-v2-formal-r1-20260818060009,d10,dual,2,mysql;catalog-gw,BARO,resource,checkout,checkout;order;inventory;cart;search,0.0,0.0,0.0,0.0,0.0,0.0,0.0,0.0,0.0,0.0,0.0,0.0,0.0,0.13333333333333333
mr2_cross_res-db_lock_x_netdelay-k8s-v2-formal-r1-20260818060009,d10,dual,2,mysql;catalog-gw,RCD_seed0,resource,inventory,inventory,0.0,0.0,0.0,0.0,0.0,0.0,0.0,0.0,0.0,0.0,0.0,0.0,0.0,0.0
mr2_cross_res-db_lock_x_netdelay-k8s-v2-formal-r1-20260818060009,d10,dual,2,mysql;catalog-gw,RCD_seed1,resource,catalog,catalog,0.0,0.0,0.0,0.0,0.0,0.0,0.0,0.0,0.0,0.0,0.0,0.0,0.0,0.0
mr2_cross_res-db_lock_x_netdelay-k8s-v2-formal-r1-20260818060009,d10,dual,2,mysql;catalog-gw,RCD_seed2,resource,order,order;inventory;sasrec,0.0,0.0,0.0,0.0,0.0,0.0,0.0,0.0,0.0,0.0,0.0,0.0,0.0,0.0
mr2_cross_res-db_lock_x_netdelay-k8s-v2-formal-r1-20260818060009,d10,dual,2,mysql;catalog-gw,RCD_seed3,resource,sasrec,sasrec;cart,0.0,0.0,0.0,0.0,0.0,0.0,0.0,0.0,0.0,0.0,0.0,0.0,0.0,0.0
mr2_cross_res-db_lock_x_netdelay-k8s-v2-formal-r1-20260818060009,d10,dual,2,mysql;catalog-gw,RCD_seed4,resource,order,order;pricing,0.0,0.0,0.0,0.0,0.0,0.0,0.0,0.0,0.0,0.0,0.0,0.0,0.0,0.0
mr2_cross_res-db_lock_x_netdelay-k8s-v2-formal-r1-20260818060009,d10,dual,2,mysql;catalog-gw,delta_ratio,resource,mysql,mysql;catalog-gw;catalog;host;pricing,1.0,1.0,1.0,1.0,0.0,1.0,1.0,1.0,1.0,1.0,0.5,1.0,1.0,0.75
mr2_cross_res-db_lock_x_netdelay-k8s-v2-formal-r1-20260818060009,d10,dual,2,mysql;catalog-gw,delta_z,resource,mysql,mysql;cart;sasrec;backend;pricing,1.0,1.0,1.0,0.5,0.0,0.0,0.0,1.0,0.6131471927654584,0.6131471927654584,0.5,0.5,0.5,0.5384615384615384
mr1_single_net-net_delay_single-k8s-v2-formal-r1-20260818060807,s21,single,1,rec-agent,BARO,full,rec-agent,rec-agent;sasrec;order;checkout;catalog-gw,1.0,1.0,1.0,1.0,1.0,1.0,1.0,1.0,1.0,1.0,1.0,1.0,1.0,1.0
mr1_single_net-net_delay_single-k8s-v2-formal-r1-20260818060807,s21,single,1,rec-agent,RCD_seed0,full,rec-agent,rec-agent,1.0,1.0,1.0,1.0,1.0,1.0,1.0,1.0,1.0,1.0,1.0,1.0,1.0,1.0
mr1_single_net-net_delay_single-k8s-v2-formal-r1-20260818060807,s21,single,1,rec-agent,RCD_seed1,full,rec-agent,rec-agent,1.0,1.0,1.0,1.0,1.0,1.0,1.0,1.0,1.0,1.0,1.0,1.0,1.0,1.0
mr1_single_net-net_delay_single-k8s-v2-formal-r1-20260818060807,s21,single,1,rec-agent,RCD_seed2,full,rec-agent,rec-agent,1.0,1.0,1.0,1.0,1.0,1.0,1.0,1.0,1.0,1.0,1.0,1.0,1.0,1.0
mr1_single_net-net_delay_single-k8s-v2-formal-r1-20260818060807,s21,single,1,rec-agent,RCD_seed3,full,rec-agent,rec-agent,1.0,1.0,1.0,1.0,1.0,1.0,1.0,1.0,1.0,1.0,1.0,1.0,1.0,1.0
mr1_single_net-net_delay_single-k8s-v2-formal-r1-20260818060807,s21,single,1,rec-agent,RCD_seed4,full,rec-agent,rec-agent,1.0,1.0,1.0,1.0,1.0,1.0,1.0,1.0,1.0,1.0,1.0,1.0,1.0,1.0
mr1_single_net-net_delay_single-k8s-v2-formal-r1-20260818060807,s21,single,1,rec-agent,delta_ratio,full,rec-agent,rec-agent;cart;inventory;backend;pricing,1.0,1.0,1.0,1.0,1.0,1.0,1.0,1.0,1.0,1.0,1.0,1.0,1.0,1.0
mr1_single_net-net_delay_single-k8s-v2-formal-r1-20260818060807,s21,single,1,rec-agent,delta_z,full,host,host;rec-agent;cart;inventory;pricing,0.0,1.0,1.0,0.0,0.0,1.0,1.0,0.0,0.6309297535714575,0.6309297535714575,0.0,1.0,1.0,0.5
mr1_single_net-net_delay_single-k8s-v2-formal-r1-20260818060807,s21,single,1,rec-agent,BARO,resource,catalog-gw,catalog-gw;catalog;user;backend;search,0.0,0.0,0.0,0.0,0.0,0.0,0.0,0.0,0.0,0.0,0.0,0.0,0.0,0.1
mr1_single_net-net_delay_single-k8s-v2-formal-r1-20260818060807,s21,single,1,rec-agent,RCD_seed0,resource,cart,cart;rec-agent;search;checkout,0.0,1.0,1.0,0.0,0.0,1.0,1.0,0.0,0.6309297535714575,0.6309297535714575,0.0,1.0,1.0,0.5
mr1_single_net-net_delay_single-k8s-v2-formal-r1-20260818060807,s21,single,1,rec-agent,RCD_seed1,resource,cart,cart;rec-agent;inventory;search;review-query,0.0,1.0,1.0,0.0,0.0,1.0,1.0,0.0,0.6309297535714575,0.6309297535714575,0.0,1.0,1.0,0.5
mr1_single_net-net_delay_single-k8s-v2-formal-r1-20260818060807,s21,single,1,rec-agent,RCD_seed2,resource,cart,cart;rec-agent;user;search;inventory,0.0,1.0,1.0,0.0,0.0,1.0,1.0,0.0,0.6309297535714575,0.6309297535714575,0.0,1.0,1.0,0.5
mr1_single_net-net_delay_single-k8s-v2-formal-r1-20260818060807,s21,single,1,rec-agent,RCD_seed3,resource,cart,cart;rec-agent;search,0.0,1.0,1.0,0.0,0.0,1.0,1.0,0.0,0.6309297535714575,0.6309297535714575,0.0,1.0,1.0,0.5
mr1_single_net-net_delay_single-k8s-v2-formal-r1-20260818060807,s21,single,1,rec-agent,RCD_seed4,resource,cart,cart;rec-agent;inventory;search;review-query,0.0,1.0,1.0,0.0,0.0,1.0,1.0,0.0,0.6309297535714575,0.6309297535714575,0.0,1.0,1.0,0.5
mr1_single_net-net_delay_single-k8s-v2-formal-r1-20260818060807,s21,single,1,rec-agent,delta_ratio,resource,rec-agent,rec-agent;host;catalog;catalog-gw;order,1.0,1.0,1.0,1.0,1.0,1.0,1.0,1.0,1.0,1.0,1.0,1.0,1.0,1.0
mr1_single_net-net_delay_single-k8s-v2-formal-r1-20260818060807,s21,single,1,rec-agent,delta_z,resource,host,host;pricing;user;review-query;backend,0.0,0.0,0.0,0.0,0.0,0.0,0.0,0.0,0.0,0.0,0.0,0.0,0.0,0.16666666666666666
mr2_cross_net-pod_failure_x_net_delay-k8s-v2-formal-r1-20260818061956,d16,dual,2,catalog-gw;catalog,BARO,full,checkout,checkout;pricing;catalog;backend;catalog-gw,0.0,1.0,1.0,0.0,0.0,0.0,1.0,0.0,0.3065735963827292,0.5437713091520254,0.0,0.5,1.0,0.26666666666666666
mr2_cross_net-pod_failure_x_net_delay-k8s-v2-formal-r1-20260818061956,d16,dual,2,catalog-gw;catalog,RCD_seed0,full,pricing,pricing,0.0,0.0,0.0,0.0,0.0,0.0,0.0,0.0,0.0,0.0,0.0,0.0,0.0,0.0
mr2_cross_net-pod_failure_x_net_delay-k8s-v2-formal-r1-20260818061956,d16,dual,2,catalog-gw;catalog,RCD_seed1,full,user,user;checkout;pricing,0.0,0.0,0.0,0.0,0.0,0.0,0.0,0.0,0.0,0.0,0.0,0.0,0.0,0.0
mr2_cross_net-pod_failure_x_net_delay-k8s-v2-formal-r1-20260818061956,d16,dual,2,catalog-gw;catalog,RCD_seed2,full,user,user;checkout,0.0,0.0,0.0,0.0,0.0,0.0,0.0,0.0,0.0,0.0,0.0,0.0,0.0,0.0
mr2_cross_net-pod_failure_x_net_delay-k8s-v2-formal-r1-20260818061956,d16,dual,2,catalog-gw;catalog,RCD_seed3,full,user,user;pricing,0.0,0.0,0.0,0.0,0.0,0.0,0.0,0.0,0.0,0.0,0.0,0.0,0.0,0.0
mr2_cross_net-pod_failure_x_net_delay-k8s-v2-formal-r1-20260818061956,d16,dual,2,catalog-gw;catalog,RCD_seed4,full,user,user,0.0,0.0,0.0,0.0,0.0,0.0,0.0,0.0,0.0,0.0,0.0,0.0,0.0,0.0
mr2_cross_net-pod_failure_x_net_delay-k8s-v2-formal-r1-20260818061956,d16,dual,2,catalog-gw;catalog,delta_ratio,full,pricing,pricing;checkout;catalog;mysql;backend,0.0,1.0,1.0,0.0,0.0,0.0,0.0,0.0,0.3065735963827292,0.3065735963827292,0.0,0.5,0.5,0.2222222222222222
mr2_cross_net-pod_failure_x_net_delay-k8s-v2-formal-r1-20260818061956,d16,dual,2,catalog-gw;catalog,delta_z,full,catalog,catalog;backend;mysql;checkout;pricing,1.0,1.0,1.0,0.5,0.0,0.0,0.0,1.0,0.6131471927654584,0.6131471927654584,0.5,0.5,0.5,0.55
mr2_cross_net-pod_failure_x_net_delay-k8s-v2-formal-r1-20260818061956,d16,dual,2,catalog-gw;catalog,BARO,resource,catalog,catalog;catalog-gw;search;review-query;pricing,1.0,1.0,1.0,1.0,0.0,1.0,1.0,1.0,1.0,1.0,0.5,1.0,1.0,0.75
mr2_cross_net-pod_failure_x_net_delay-k8s-v2-formal-r1-20260818061956,d16,dual,2,catalog-gw;catalog,RCD_seed0,resource,user,user,0.0,0.0,0.0,0.0,0.0,0.0,0.0,0.0,0.0,0.0,0.0,0.0,0.0,0.0
mr2_cross_net-pod_failure_x_net_delay-k8s-v2-formal-r1-20260818061956,d16,dual,2,catalog-gw;catalog,RCD_seed1,resource,user,user,0.0,0.0,0.0,0.0,0.0,0.0,0.0,0.0,0.0,0.0,0.0,0.0,0.0,0.0
mr2_cross_net-pod_failure_x_net_delay-k8s-v2-formal-r1-20260818061956,d16,dual,2,catalog-gw;catalog,RCD_seed2,resource,user,user,0.0,0.0,0.0,0.0,0.0,0.0,0.0,0.0,0.0,0.0,0.0,0.0,0.0,0.0
mr2_cross_net-pod_failure_x_net_delay-k8s-v2-formal-r1-20260818061956,d16,dual,2,catalog-gw;catalog,RCD_seed3,resource,user,user,0.0,0.0,0.0,0.0,0.0,0.0,0.0,0.0,0.0,0.0,0.0,0.0,0.0,0.0
mr2_cross_net-pod_failure_x_net_delay-k8s-v2-formal-r1-20260818061956,d16,dual,2,catalog-gw;catalog,RCD_seed4,resource,user,user,0.0,0.0,0.0,0.0,0.0,0.0,0.0,0.0,0.0,0.0,0.0,0.0,0.0,0.0
mr2_cross_net-pod_failure_x_net_delay-k8s-v2-formal-r1-20260818061956,d16,dual,2,catalog-gw;catalog,delta_ratio,resource,mysql,mysql;catalog;checkout;host;backend,0.0,1.0,1.0,0.5,0.0,0.0,0.0,0.0,0.38685280723454163,0.38685280723454163,0.0,0.5,0.5,0.3055555555555556
mr2_cross_net-pod_failure_x_net_delay-k8s-v2-formal-r1-20260818061956,d16,dual,2,catalog-gw;catalog,delta_z,resource,catalog,catalog;mysql;host;search;sasrec,1.0,1.0,1.0,0.5,0.0,0.0,0.0,1.0,0.6131471927654584,0.6131471927654584,0.5,0.5,0.5,0.5714285714285714
mr2_intra_lif-dual_podfail_staggered-k8s-v2-formal-r1-20260818062437,d04,dual,2,catalog;user,BARO,full,pricing,pricing;checkout;catalog;order;inventory,0.0,1.0,1.0,0.0,0.0,0.0,0.0,0.0,0.3065735963827292,0.3065735963827292,0.0,0.5,0.5,0.25
mr2_intra_lif-dual_podfail_staggered-k8s-v2-formal-r1-20260818062437,d04,dual,2,catalog;user,RCD_seed0,full,catalog-gw,catalog-gw;catalog,0.0,1.0,1.0,0.5,0.0,0.0,0.0,0.0,0.38685280723454163,0.38685280723454163,0.0,0.5,0.5,0.25
mr2_intra_lif-dual_podfail_staggered-k8s-v2-formal-r1-20260818062437,d04,dual,2,catalog;user,RCD_seed1,full,catalog-gw,catalog-gw;backend,0.0,0.0,0.0,0.0,0.0,0.0,0.0,0.0,0.0,0.0,0.0,0.0,0.0,0.0
mr2_intra_lif-dual_podfail_staggered-k8s-v2-formal-r1-20260818062437,d04,dual,2,catalog;user,RCD_seed2,full,catalog,catalog;pricing,1.0,1.0,1.0,0.5,0.0,0.0,0.0,1.0,0.6131471927654584,0.6131471927654584,0.5,0.5,0.5,0.5
mr2_intra_lif-dual_podfail_staggered-k8s-v2-formal-r1-20260818062437,d04,dual,2,catalog;user,RCD_seed3,full,pricing,pricing;sasrec;catalog-gw;backend;inventory,0.0,0.0,0.0,0.0,0.0,0.0,0.0,0.0,0.0,0.0,0.0,0.0,0.0,0.0
mr2_intra_lif-dual_podfail_staggered-k8s-v2-formal-r1-20260818062437,d04,dual,2,catalog;user,RCD_seed4,full,catalog,catalog,1.0,1.0,1.0,0.5,0.0,0.0,0.0,1.0,0.6131471927654584,0.6131471927654584,0.5,0.5,0.5,0.5
mr2_intra_lif-dual_podfail_staggered-k8s-v2-formal-r1-20260818062437,d04,dual,2,catalog;user,delta_ratio,full,pricing,pricing;catalog;checkout;review-query;mysql,0.0,1.0,1.0,0.5,0.0,0.0,0.0,0.0,0.38685280723454163,0.38685280723454163,0.0,0.5,0.5,0.2857142857142857
mr2_intra_lif-dual_podfail_staggered-k8s-v2-formal-r1-20260818062437,d04,dual,2,catalog;user,delta_z,full,checkout,checkout;catalog;pricing;mysql;review-query,0.0,1.0,1.0,0.5,0.0,0.0,0.0,0.0,0.38685280723454163,0.38685280723454163,0.0,0.5,0.5,0.3333333333333333
mr2_intra_lif-dual_podfail_staggered-k8s-v2-formal-r1-20260818062437,d04,dual,2,catalog;user,BARO,resource,catalog,catalog;order;inventory;checkout;user,1.0,1.0,1.0,0.5,0.0,0.0,1.0,1.0,0.6131471927654584,0.8503449055347546,0.5,0.5,1.0,0.6
mr2_intra_lif-dual_podfail_staggered-k8s-v2-formal-r1-20260818062437,d04,dual,2,catalog;user,RCD_seed0,resource,catalog,catalog,1.0,1.0,1.0,0.5,0.0,0.0,0.0,1.0,0.6131471927654584,0.6131471927654584,0.5,0.5,0.5,0.5
mr2_intra_lif-dual_podfail_staggered-k8s-v2-formal-r1-20260818062437,d04,dual,2,catalog;user,RCD_seed1,resource,inventory,inventory;catalog;pricing,0.0,1.0,1.0,0.5,0.0,0.0,0.0,0.0,0.38685280723454163,0.38685280723454163,0.0,0.5,0.5,0.25
mr2_intra_lif-dual_podfail_staggered-k8s-v2-formal-r1-20260818062437,d04,dual,2,catalog;user,RCD_seed2,resource,sasrec,sasrec;catalog-gw;catalog;inventory,0.0,1.0,1.0,0.0,0.0,0.0,0.0,0.0,0.3065735963827292,0.3065735963827292,0.0,0.5,0.5,0.16666666666666666
mr2_intra_lif-dual_podfail_staggered-k8s-v2-formal-r1-20260818062437,d04,dual,2,catalog;user,RCD_seed3,resource,backend,backend;catalog;sasrec,0.0,1.0,1.0,0.5,0.0,0.0,0.0,0.0,0.38685280723454163,0.38685280723454163,0.0,0.5,0.5,0.25
mr2_intra_lif-dual_podfail_staggered-k8s-v2-formal-r1-20260818062437,d04,dual,2,catalog;user,RCD_seed4,resource,catalog,catalog;inventory,1.0,1.0,1.0,0.5,0.0,0.0,0.0,1.0,0.6131471927654584,0.6131471927654584,0.5,0.5,0.5,0.5
mr2_intra_lif-dual_podfail_staggered-k8s-v2-formal-r1-20260818062437,d04,dual,2,catalog;user,delta_ratio,resource,catalog,catalog;mysql;catalog-gw;checkout;inventory,1.0,1.0,1.0,0.5,0.0,0.0,0.0,1.0,0.6131471927654584,0.6131471927654584,0.5,0.5,0.5,0.5384615384615384
mr2_intra_lif-dual_podfail_staggered-k8s-v2-formal-r1-20260818062437,d04,dual,2,catalog;user,delta_z,resource,catalog,catalog;mysql;review-query;user;backend,1.0,1.0,1.0,0.5,0.0,0.0,1.0,1.0,0.6131471927654584,0.8772153153380493,0.5,0.5,1.0,0.625
mr3_cross_net-recagent_netdelay_x_sasrec_cpu_x_catalog_podfail-k8s-v2-formal-r1-20260818063840,t07,triple,3,rec-agent;sasrec;catalog,BARO,full,rec-agent,rec-agent;sasrec;backend;host;checkout,1.0,1.0,1.0,0.6666666666666666,0.0,0.0,0.0,1.0,0.7653606369886217,0.7653606369886217,0.3333333333333333,0.6666666666666666,0.6666666666666666,0.5303030303030303
mr3_cross_net-recagent_netdelay_x_sasrec_cpu_x_catalog_podfail-k8s-v2-formal-r1-20260818063840,t07,triple,3,rec-agent;sasrec;catalog,RCD_seed0,full,sasrec,sasrec,1.0,1.0,1.0,0.3333333333333333,0.0,0.0,0.0,1.0,0.46927872602275644,0.46927872602275644,0.3333333333333333,0.3333333333333333,0.3333333333333333,0.3333333333333333
mr3_cross_net-recagent_netdelay_x_sasrec_cpu_x_catalog_podfail-k8s-v2-formal-r1-20260818063840,t07,triple,3,rec-agent;sasrec;catalog,RCD_seed1,full,rec-agent,rec-agent,1.0,1.0,1.0,0.3333333333333333,0.0,0.0,0.0,1.0,0.46927872602275644,0.46927872602275644,0.3333333333333333,0.3333333333333333,0.3333333333333333,0.3333333333333333
mr3_cross_net-recagent_netdelay_x_sasrec_cpu_x_catalog_podfail-k8s-v2-formal-r1-20260818063840,t07,triple,3,rec-agent;sasrec;catalog,RCD_seed2,full,sasrec,sasrec,1.0,1.0,1.0,0.3333333333333333,0.0,0.0,0.0,1.0,0.46927872602275644,0.46927872602275644,0.3333333333333333,0.3333333333333333,0.3333333333333333,0.3333333333333333
mr3_cross_net-recagent_netdelay_x_sasrec_cpu_x_catalog_podfail-k8s-v2-formal-r1-20260818063840,t07,triple,3,rec-agent;sasrec;catalog,RCD_seed3,full,sasrec,sasrec,1.0,1.0,1.0,0.3333333333333333,0.0,0.0,0.0,1.0,0.46927872602275644,0.46927872602275644,0.3333333333333333,0.3333333333333333,0.3333333333333333,0.3333333333333333
mr3_cross_net-recagent_netdelay_x_sasrec_cpu_x_catalog_podfail-k8s-v2-formal-r1-20260818063840,t07,triple,3,rec-agent;sasrec;catalog,RCD_seed4,full,sasrec,sasrec;rec-agent,1.0,1.0,1.0,0.6666666666666666,0.0,0.0,0.0,1.0,0.7653606369886217,0.7653606369886217,0.3333333333333333,0.6666666666666666,0.6666666666666666,0.5
mr3_cross_net-recagent_netdelay_x_sasrec_cpu_x_catalog_podfail-k8s-v2-formal-r1-20260818063840,t07,triple,3,rec-agent;sasrec;catalog,delta_ratio,full,sasrec,sasrec;host;pricing;rec-agent;backend,1.0,1.0,1.0,0.3333333333333333,0.0,0.0,0.0,1.0,0.46927872602275644,0.6713860725233041,0.3333333333333333,0.3333333333333333,0.6666666666666666,0.46428571428571425
mr3_cross_net-recagent_netdelay_x_sasrec_cpu_x_catalog_podfail-k8s-v2-formal-r1-20260818063840,t07,triple,3,rec-agent;sasrec;catalog,delta_z,full,catalog,catalog;sasrec;host;pricing;review-query,1.0,1.0,1.0,0.6666666666666666,0.0,0.0,0.0,1.0,0.7653606369886217,0.7653606369886217,0.3333333333333333,0.6666666666666666,0.6666666666666666,0.5476190476190476
mr3_cross_net-recagent_netdelay_x_sasrec_cpu_x_catalog_podfail-k8s-v2-formal-r1-20260818063840,t07,triple,3,rec-agent;sasrec;catalog,BARO,resource,sasrec,sasrec;host;catalog-gw;review-query;catalog,1.0,1.0,1.0,0.3333333333333333,0.0,0.0,0.0,1.0,0.46927872602275644,0.6508205185601091,0.3333333333333333,0.3333333333333333,0.6666666666666666,0.4238095238095238
mr3_cross_net-recagent_netdelay_x_sasrec_cpu_x_catalog_podfail-k8s-v2-formal-r1-20260818063840,t07,triple,3,rec-agent;sasrec;catalog,RCD_seed0,resource,sasrec,sasrec,1.0,1.0,1.0,0.3333333333333333,0.0,0.0,0.0,1.0,0.46927872602275644,0.46927872602275644,0.3333333333333333,0.3333333333333333,0.3333333333333333,0.3333333333333333
mr3_cross_net-recagent_netdelay_x_sasrec_cpu_x_catalog_podfail-k8s-v2-formal-r1-20260818063840,t07,triple,3,rec-agent;sasrec;catalog,RCD_seed1,resource,sasrec,sasrec,1.0,1.0,1.0,0.3333333333333333,0.0,0.0,0.0,1.0,0.46927872602275644,0.46927872602275644,0.3333333333333333,0.3333333333333333,0.3333333333333333,0.3333333333333333
mr3_cross_net-recagent_netdelay_x_sasrec_cpu_x_catalog_podfail-k8s-v2-formal-r1-20260818063840,t07,triple,3,rec-agent;sasrec;catalog,RCD_seed2,resource,sasrec,sasrec,1.0,1.0,1.0,0.3333333333333333,0.0,0.0,0.0,1.0,0.46927872602275644,0.46927872602275644,0.3333333333333333,0.3333333333333333,0.3333333333333333,0.3333333333333333
mr3_cross_net-recagent_netdelay_x_sasrec_cpu_x_catalog_podfail-k8s-v2-formal-r1-20260818063840,t07,triple,3,rec-agent;sasrec;catalog,RCD_seed3,resource,sasrec,sasrec,1.0,1.0,1.0,0.3333333333333333,0.0,0.0,0.0,1.0,0.46927872602275644,0.46927872602275644,0.3333333333333333,0.3333333333333333,0.3333333333333333,0.3333333333333333
mr3_cross_net-recagent_netdelay_x_sasrec_cpu_x_catalog_podfail-k8s-v2-formal-r1-20260818063840,t07,triple,3,rec-agent;sasrec;catalog,RCD_seed4,resource,sasrec,sasrec,1.0,1.0,1.0,0.3333333333333333,0.0,0.0,0.0,1.0,0.46927872602275644,0.46927872602275644,0.3333333333333333,0.3333333333333333,0.3333333333333333,0.3333333333333333
mr3_cross_net-recagent_netdelay_x_sasrec_cpu_x_catalog_podfail-k8s-v2-formal-r1-20260818063840,t07,triple,3,rec-agent;sasrec;catalog,delta_ratio,resource,sasrec,sasrec;host;rec-agent;catalog;user,1.0,1.0,1.0,0.6666666666666666,0.0,0.0,1.0,1.0,0.7039180890341347,0.9060254355346823,0.3333333333333333,0.6666666666666666,1.0,0.5277777777777778
mr3_cross_net-recagent_netdelay_x_sasrec_cpu_x_catalog_podfail-k8s-v2-formal-r1-20260818063840,t07,triple,3,rec-agent;sasrec;catalog,delta_z,resource,catalog,catalog;sasrec;host;review-query;user,1.0,1.0,1.0,0.6666666666666666,0.0,0.0,0.0,1.0,0.7653606369886217,0.7653606369886217,0.3333333333333333,0.6666666666666666,0.6666666666666666,0.5476190476190476
mr2_cross_dependency-catalog_latency_x_cfg_timeout-k8s-v2-formal-r1-20260818064458,d12,dual,2,catalog;catalog-gw,BARO,full,catalog,catalog;review-query;checkout;pricing;search,1.0,1.0,1.0,0.5,0.0,0.0,0.0,1.0,0.6131471927654584,0.6131471927654584,0.5,0.5,0.5,0.5384615384615384
mr2_cross_dependency-catalog_latency_x_cfg_timeout-k8s-v2-formal-r1-20260818064458,d12,dual,2,catalog;catalog-gw,RCD_seed0,full,cart,cart;order;search,0.0,0.0,0.0,0.0,0.0,0.0,0.0,0.0,0.0,0.0,0.0,0.0,0.0,0.0
mr2_cross_dependency-catalog_latency_x_cfg_timeout-k8s-v2-formal-r1-20260818064458,d12,dual,2,catalog;catalog-gw,RCD_seed1,full,review-query,review-query;backend,0.0,0.0,0.0,0.0,0.0,0.0,0.0,0.0,0.0,0.0,0.0,0.0,0.0,0.0
mr2_cross_dependency-catalog_latency_x_cfg_timeout-k8s-v2-formal-r1-20260818064458,d12,dual,2,catalog;catalog-gw,RCD_seed2,full,pricing,pricing;checkout;catalog,0.0,1.0,1.0,0.0,0.0,0.0,0.0,0.0,0.3065735963827292,0.3065735963827292,0.0,0.5,0.5,0.16666666666666666
mr2_cross_dependency-catalog_latency_x_cfg_timeout-k8s-v2-formal-r1-20260818064458,d12,dual,2,catalog;catalog-gw,RCD_seed3,full,search,search;backend;review-query,0.0,0.0,0.0,0.0,0.0,0.0,0.0,0.0,0.0,0.0,0.0,0.0,0.0,0.0
mr2_cross_dependency-catalog_latency_x_cfg_timeout-k8s-v2-formal-r1-20260818064458,d12,dual,2,catalog;catalog-gw,RCD_seed4,full,review-query,review-query;catalog;search,0.0,1.0,1.0,0.5,0.0,0.0,0.0,0.0,0.38685280723454163,0.38685280723454163,0.0,0.5,0.5,0.25
mr2_cross_dependency-catalog_latency_x_cfg_timeout-k8s-v2-formal-r1-20260818064458,d12,dual,2,catalog;catalog-gw,delta_ratio,full,pricing,pricing;search;catalog;review-query;checkout,0.0,1.0,1.0,0.0,0.0,0.0,0.0,0.0,0.3065735963827292,0.3065735963827292,0.0,0.5,0.5,0.21666666666666667
mr2_cross_dependency-catalog_latency_x_cfg_timeout-k8s-v2-formal-r1-20260818064458,d12,dual,2,catalog;catalog-gw,delta_z,full,catalog,catalog;pricing;search;review-query;sasrec,1.0,1.0,1.0,0.5,0.0,0.0,0.0,1.0,0.6131471927654584,0.6131471927654584,0.5,0.5,0.5,0.5384615384615384
mr2_cross_dependency-catalog_latency_x_cfg_timeout-k8s-v2-formal-r1-20260818064458,d12,dual,2,catalog;catalog-gw,BARO,resource,catalog,catalog;review-query;checkout;inventory;search,1.0,1.0,1.0,0.5,0.0,0.0,0.0,1.0,0.6131471927654584,0.6131471927654584,0.5,0.5,0.5,0.5416666666666666
mr2_cross_dependency-catalog_latency_x_cfg_timeout-k8s-v2-formal-r1-20260818064458,d12,dual,2,catalog;catalog-gw,RCD_seed0,resource,catalog,catalog,1.0,1.0,1.0,0.5,0.0,0.0,0.0,1.0,0.6131471927654584,0.6131471927654584,0.5,0.5,0.5,0.5
mr2_cross_dependency-catalog_latency_x_cfg_timeout-k8s-v2-formal-r1-20260818064458,d12,dual,2,catalog;catalog-gw,RCD_seed1,resource,review-query,review-query;backend;inventory,0.0,0.0,0.0,0.0,0.0,0.0,0.0,0.0,0.0,0.0,0.0,0.0,0.0,0.0
mr2_cross_dependency-catalog_latency_x_cfg_timeout-k8s-v2-formal-r1-20260818064458,d12,dual,2,catalog;catalog-gw,RCD_seed2,resource,review-query,review-query;backend;sasrec,0.0,0.0,0.0,0.0,0.0,0.0,0.0,0.0,0.0,0.0,0.0,0.0,0.0,0.0
mr2_cross_dependency-catalog_latency_x_cfg_timeout-k8s-v2-formal-r1-20260818064458,d12,dual,2,catalog;catalog-gw,RCD_seed3,resource,catalog,catalog;sasrec,1.0,1.0,1.0,0.5,0.0,0.0,0.0,1.0,0.6131471927654584,0.6131471927654584,0.5,0.5,0.5,0.5
mr2_cross_dependency-catalog_latency_x_cfg_timeout-k8s-v2-formal-r1-20260818064458,d12,dual,2,catalog;catalog-gw,RCD_seed4,resource,sasrec,sasrec;review-query,0.0,0.0,0.0,0.0,0.0,0.0,0.0,0.0,0.0,0.0,0.0,0.0,0.0,0.0
mr2_cross_dependency-catalog_latency_x_cfg_timeout-k8s-v2-formal-r1-20260818064458,d12,dual,2,catalog;catalog-gw,delta_ratio,resource,catalog,catalog;order;user;checkout;search,1.0,1.0,1.0,0.5,0.0,0.0,0.0,1.0,0.6131471927654584,0.6131471927654584,0.5,0.5,0.5,0.5555555555555556
mr2_cross_dependency-catalog_latency_x_cfg_timeout-k8s-v2-formal-r1-20260818064458,d12,dual,2,catalog;catalog-gw,delta_z,resource,catalog,catalog;review-query;sasrec;backend;host,1.0,1.0,1.0,0.5,0.0,0.0,0.0,1.0,0.6131471927654584,0.6131471927654584,0.5,0.5,0.5,0.5384615384615384
mr3_cross_net-net_delay_x_net_loss_x_db_lock-k8s-v2-formal-r1-20260818065403,t03,dual,2,catalog-gw;mysql,BARO,full,order,order;checkout;cart;search;catalog,0.0,0.0,0.0,0.0,0.0,0.0,0.0,0.0,0.0,0.0,0.0,0.0,0.0,0.09821428571428571
mr3_cross_net-net_delay_x_net_loss_x_db_lock-k8s-v2-formal-r1-20260818065403,t03,dual,2,catalog-gw;mysql,RCD_seed0,full,catalog,catalog,0.0,0.0,0.0,0.0,0.0,0.0,0.0,0.0,0.0,0.0,0.0,0.0,0.0,0.0
mr3_cross_net-net_delay_x_net_loss_x_db_lock-k8s-v2-formal-r1-20260818065403,t03,dual,2,catalog-gw;mysql,RCD_seed1,full,catalog,catalog;checkout,0.0,0.0,0.0,0.0,0.0,0.0,0.0,0.0,0.0,0.0,0.0,0.0,0.0,0.0
mr3_cross_net-net_delay_x_net_loss_x_db_lock-k8s-v2-formal-r1-20260818065403,t03,dual,2,catalog-gw;mysql,RCD_seed2,full,catalog,catalog,0.0,0.0,0.0,0.0,0.0,0.0,0.0,0.0,0.0,0.0,0.0,0.0,0.0,0.0
mr3_cross_net-net_delay_x_net_loss_x_db_lock-k8s-v2-formal-r1-20260818065403,t03,dual,2,catalog-gw;mysql,RCD_seed3,full,catalog,catalog;pricing,0.0,0.0,0.0,0.0,0.0,0.0,0.0,0.0,0.0,0.0,0.0,0.0,0.0,0.0
mr3_cross_net-net_delay_x_net_loss_x_db_lock-k8s-v2-formal-r1-20260818065403,t03,dual,2,catalog-gw;mysql,RCD_seed4,full,catalog,catalog,0.0,0.0,0.0,0.0,0.0,0.0,0.0,0.0,0.0,0.0,0.0,0.0,0.0,0.0
mr3_cross_net-net_delay_x_net_loss_x_db_lock-k8s-v2-formal-r1-20260818065403,t03,dual,2,catalog-gw;mysql,delta_ratio,full,checkout,checkout;pricing;mysql;backend;inventory,0.0,1.0,1.0,0.0,0.0,0.0,0.0,0.0,0.3065735963827292,0.3065735963827292,0.0,0.5,0.5,0.22916666666666666
mr3_cross_net-net_delay_x_net_loss_x_db_lock-k8s-v2-formal-r1-20260818065403,t03,dual,2,catalog-gw;mysql,delta_z,full,backend,backend;checkout;pricing;catalog;host,0.0,0.0,0.0,0.0,0.0,0.0,0.0,0.0,0.0,0.0,0.0,0.0,0.0,0.11666666666666667
mr3_cross_net-net_delay_x_net_loss_x_db_lock-k8s-v2-formal-r1-20260818065403,t03,dual,2,catalog-gw;mysql,BARO,resource,checkout,checkout;catalog-gw;pricing;search;order,0.0,1.0,1.0,0.5,0.0,0.0,0.0,0.0,0.38685280723454163,0.38685280723454163,0.0,0.5,0.5,0.3
mr3_cross_net-net_delay_x_net_loss_x_db_lock-k8s-v2-formal-r1-20260818065403,t03,dual,2,catalog-gw;mysql,RCD_seed0,resource,catalog,catalog,0.0,0.0,0.0,0.0,0.0,0.0,0.0,0.0,0.0,0.0,0.0,0.0,0.0,0.0
mr3_cross_net-net_delay_x_net_loss_x_db_lock-k8s-v2-formal-r1-20260818065403,t03,dual,2,catalog-gw;mysql,RCD_seed1,resource,catalog,catalog,0.0,0.0,0.0,0.0,0.0,0.0,0.0,0.0,0.0,0.0,0.0,0.0,0.0,0.0
mr3_cross_net-net_delay_x_net_loss_x_db_lock-k8s-v2-formal-r1-20260818065403,t03,dual,2,catalog-gw;mysql,RCD_seed2,resource,catalog,catalog,0.0,0.0,0.0,0.0,0.0,0.0,0.0,0.0,0.0,0.0,0.0,0.0,0.0,0.0
mr3_cross_net-net_delay_x_net_loss_x_db_lock-k8s-v2-formal-r1-20260818065403,t03,dual,2,catalog-gw;mysql,RCD_seed3,resource,catalog,catalog,0.0,0.0,0.0,0.0,0.0,0.0,0.0,0.0,0.0,0.0,0.0,0.0,0.0,0.0
mr3_cross_net-net_delay_x_net_loss_x_db_lock-k8s-v2-formal-r1-20260818065403,t03,dual,2,catalog-gw;mysql,RCD_seed4,resource,catalog,catalog,0.0,0.0,0.0,0.0,0.0,0.0,0.0,0.0,0.0,0.0,0.0,0.0,0.0,0.0
mr3_cross_net-net_delay_x_net_loss_x_db_lock-k8s-v2-formal-r1-20260818065403,t03,dual,2,catalog-gw;mysql,delta_ratio,resource,mysql,mysql;catalog;catalog-gw;checkout;pricing,1.0,1.0,1.0,0.5,0.0,1.0,1.0,1.0,0.9197207891481876,0.9197207891481876,0.5,1.0,1.0,0.6666666666666666
mr3_cross_net-net_delay_x_net_loss_x_db_lock-k8s-v2-formal-r1-20260818065403,t03,dual,2,catalog-gw;mysql,delta_z,resource,catalog,catalog;host;catalog-gw;sasrec;search,0.0,1.0,1.0,0.0,0.0,0.0,0.0,0.0,0.3065735963827292,0.3065735963827292,0.0,0.5,0.5,0.20238095238095238
mr1_single_res-service_cpu_single-k8s-v2-formal-r1-20260818065700,s04,single,1,catalog,BARO,full,review-query,review-query;pricing;checkout;catalog;user,0.0,0.0,1.0,0.0,0.0,0.0,1.0,0.0,0.0,0.43067655807339306,0.0,0.0,1.0,0.25
mr1_single_res-service_cpu_single-k8s-v2-formal-r1-20260818065700,s04,single,1,catalog,RCD_seed0,full,backend,backend,0.0,0.0,0.0,0.0,0.0,0.0,0.0,0.0,0.0,0.0,0.0,0.0,0.0,0.0
mr1_single_res-service_cpu_single-k8s-v2-formal-r1-20260818065700,s04,single,1,catalog,RCD_seed1,full,search,search,0.0,0.0,0.0,0.0,0.0,0.0,0.0,0.0,0.0,0.0,0.0,0.0,0.0,0.0
mr1_single_res-service_cpu_single-k8s-v2-formal-r1-20260818065700,s04,single,1,catalog,RCD_seed2,full,user,user;review-query,0.0,0.0,0.0,0.0,0.0,0.0,0.0,0.0,0.0,0.0,0.0,0.0,0.0,0.0
mr1_single_res-service_cpu_single-k8s-v2-formal-r1-20260818065700,s04,single,1,catalog,RCD_seed3,full,backend,backend;user,0.0,0.0,0.0,0.0,0.0,0.0,0.0,0.0,0.0,0.0,0.0,0.0,0.0,0.0
mr1_single_res-service_cpu_single-k8s-v2-formal-r1-20260818065700,s04,single,1,catalog,RCD_seed4,full,sasrec,sasrec;backend,0.0,0.0,0.0,0.0,0.0,0.0,0.0,0.0,0.0,0.0,0.0,0.0,0.0,0.0
mr1_single_res-service_cpu_single-k8s-v2-formal-r1-20260818065700,s04,single,1,catalog,delta_ratio,full,catalog,catalog;host;review-query;pricing;checkout,1.0,1.0,1.0,1.0,1.0,1.0,1.0,1.0,1.0,1.0,1.0,1.0,1.0,1.0
mr1_single_res-service_cpu_single-k8s-v2-formal-r1-20260818065700,s04,single,1,catalog,delta_z,full,catalog,catalog;review-query;catalog-gw;cart;mysql,1.0,1.0,1.0,1.0,1.0,1.0,1.0,1.0,1.0,1.0,1.0,1.0,1.0,1.0
mr1_single_res-service_cpu_single-k8s-v2-formal-r1-20260818065700,s04,single,1,catalog,BARO,resource,catalog,catalog;pricing;review-query;host;inventory,1.0,1.0,1.0,1.0,1.0,1.0,1.0,1.0,1.0,1.0,1.0,1.0,1.0,1.0
mr1_single_res-service_cpu_single-k8s-v2-formal-r1-20260818065700,s04,single,1,catalog,RCD_seed0,resource,cart,cart;search,0.0,0.0,0.0,0.0,0.0,0.0,0.0,0.0,0.0,0.0,0.0,0.0,0.0,0.0
mr1_single_res-service_cpu_single-k8s-v2-formal-r1-20260818065700,s04,single,1,catalog,RCD_seed1,resource,backend,backend,0.0,0.0,0.0,0.0,0.0,0.0,0.0,0.0,0.0,0.0,0.0,0.0,0.0,0.0
mr1_single_res-service_cpu_single-k8s-v2-formal-r1-20260818065700,s04,single,1,catalog,RCD_seed2,resource,review-query,review-query;backend,0.0,0.0,0.0,0.0,0.0,0.0,0.0,0.0,0.0,0.0,0.0,0.0,0.0,0.0
mr1_single_res-service_cpu_single-k8s-v2-formal-r1-20260818065700,s04,single,1,catalog,RCD_seed3,resource,catalog-gw,catalog-gw;checkout,0.0,0.0,0.0,0.0,0.0,0.0,0.0,0.0,0.0,0.0,0.0,0.0,0.0,0.0
mr1_single_res-service_cpu_single-k8s-v2-formal-r1-20260818065700,s04,single,1,catalog,RCD_seed4,resource,checkout,checkout,0.0,0.0,0.0,0.0,0.0,0.0,0.0,0.0,0.0,0.0,0.0,0.0,0.0,0.0
mr1_single_res-service_cpu_single-k8s-v2-formal-r1-20260818065700,s04,single,1,catalog,delta_ratio,resource,catalog,catalog;host;mysql;review-query;catalog-gw,1.0,1.0,1.0,1.0,1.0,1.0,1.0,1.0,1.0,1.0,1.0,1.0,1.0,1.0
mr1_single_res-service_cpu_single-k8s-v2-formal-r1-20260818065700,s04,single,1,catalog,delta_z,resource,catalog,catalog;review-query;catalog-gw;cart;mysql,1.0,1.0,1.0,1.0,1.0,1.0,1.0,1.0,1.0,1.0,1.0,1.0,1.0,1.0
mr2_cross_net-net_delay_x_cfg_connect-k8s-v2-formal-r1-20260818070008,d05,single,1,catalog-gw,BARO,full,checkout,checkout;pricing;review-query;inventory;user,0.0,0.0,0.0,0.0,0.0,0.0,0.0,0.0,0.0,0.0,0.0,0.0,0.0,0.07692307692307693
mr2_cross_net-net_delay_x_cfg_connect-k8s-v2-formal-r1-20260818070008,d05,single,1,catalog-gw,RCD_seed0,full,search,search;review-query,0.0,0.0,0.0,0.0,0.0,0.0,0.0,0.0,0.0,0.0,0.0,0.0,0.0,0.0
mr2_cross_net-net_delay_x_cfg_connect-k8s-v2-formal-r1-20260818070008,d05,single,1,catalog-gw,RCD_seed1,full,checkout,checkout;backend,0.0,0.0,0.0,0.0,0.0,0.0,0.0,0.0,0.0,0.0,0.0,0.0,0.0,0.0
mr2_cross_net-net_delay_x_cfg_connect-k8s-v2-formal-r1-20260818070008,d05,single,1,catalog-gw,RCD_seed2,full,inventory,inventory;pricing,0.0,0.0,0.0,0.0,0.0,0.0,0.0,0.0,0.0,0.0,0.0,0.0,0.0,0.0
mr2_cross_net-net_delay_x_cfg_connect-k8s-v2-formal-r1-20260818070008,d05,single,1,catalog-gw,RCD_seed3,full,catalog-gw,catalog-gw;search;sasrec,1.0,1.0,1.0,1.0,1.0,1.0,1.0,1.0,1.0,1.0,1.0,1.0,1.0,1.0
mr2_cross_net-net_delay_x_cfg_connect-k8s-v2-formal-r1-20260818070008,d05,single,1,catalog-gw,RCD_seed4,full,user,user;sasrec,0.0,0.0,0.0,0.0,0.0,0.0,0.0,0.0,0.0,0.0,0.0,0.0,0.0,0.0
mr2_cross_net-net_delay_x_cfg_connect-k8s-v2-formal-r1-20260818070008,d05,single,1,catalog-gw,delta_ratio,full,search,search;pricing;checkout;cart;user,0.0,0.0,0.0,0.0,0.0,0.0,0.0,0.0,0.0,0.0,0.0,0.0,0.0,0.125
mr2_cross_net-net_delay_x_cfg_connect-k8s-v2-formal-r1-20260818070008,d05,single,1,catalog-gw,delta_z,full,search,search;cart;user;pricing;backend,0.0,0.0,0.0,0.0,0.0,0.0,0.0,0.0,0.0,0.0,0.0,0.0,0.0,0.07142857142857142
mr2_cross_net-net_delay_x_cfg_connect-k8s-v2-formal-r1-20260818070008,d05,single,1,catalog-gw,BARO,resource,review-query,review-query;pricing;inventory;user;backend,0.0,0.0,0.0,0.0,0.0,0.0,0.0,0.0,0.0,0.0,0.0,0.0,0.0,0.08333333333333333
mr2_cross_net-net_delay_x_cfg_connect-k8s-v2-formal-r1-20260818070008,d05,single,1,catalog-gw,RCD_seed0,resource,inventory,inventory,0.0,0.0,0.0,0.0,0.0,0.0,0.0,0.0,0.0,0.0,0.0,0.0,0.0,0.0
mr2_cross_net-net_delay_x_cfg_connect-k8s-v2-formal-r1-20260818070008,d05,single,1,catalog-gw,RCD_seed1,resource,search,search;checkout,0.0,0.0,0.0,0.0,0.0,0.0,0.0,0.0,0.0,0.0,0.0,0.0,0.0,0.0
mr2_cross_net-net_delay_x_cfg_connect-k8s-v2-formal-r1-20260818070008,d05,single,1,catalog-gw,RCD_seed2,resource,review-query,review-query,0.0,0.0,0.0,0.0,0.0,0.0,0.0,0.0,0.0,0.0,0.0,0.0,0.0,0.0
mr2_cross_net-net_delay_x_cfg_connect-k8s-v2-formal-r1-20260818070008,d05,single,1,catalog-gw,RCD_seed3,resource,catalog,catalog;review-query;search,0.0,0.0,0.0,0.0,0.0,0.0,0.0,0.0,0.0,0.0,0.0,0.0,0.0,0.0
mr2_cross_net-net_delay_x_cfg_connect-k8s-v2-formal-r1-20260818070008,d05,single,1,catalog-gw,RCD_seed4,resource,checkout,checkout;backend;review-query;search,0.0,0.0,0.0,0.0,0.0,0.0,0.0,0.0,0.0,0.0,0.0,0.0,0.0,0.0
mr2_cross_net-net_delay_x_cfg_connect-k8s-v2-formal-r1-20260818070008,d05,single,1,catalog-gw,delta_ratio,resource,catalog-gw,catalog-gw;checkout;catalog;pricing;host,1.0,1.0,1.0,1.0,1.0,1.0,1.0,1.0,1.0,1.0,1.0,1.0,1.0,1.0
mr2_cross_net-net_delay_x_cfg_connect-k8s-v2-formal-r1-20260818070008,d05,single,1,catalog-gw,delta_z,resource,user,user;cart;search;pricing;backend,0.0,0.0,0.0,0.0,0.0,0.0,0.0,0.0,0.0,0.0,0.0,0.0,0.0,0.09090909090909091
mr1_single_dependency-catalog_latency_single-k8s-v2-formal-r1-20260818070429,s08,single,1,catalog,BARO,full,checkout,checkout;catalog;review-query;pricing;search,0.0,1.0,1.0,0.0,0.0,1.0,1.0,0.0,0.6309297535714575,0.6309297535714575,0.0,1.0,1.0,0.5
mr1_single_dependency-catalog_latency_single-k8s-v2-formal-r1-20260818070429,s08,single,1,catalog,RCD_seed0,full,catalog-gw,catalog-gw,0.0,0.0,0.0,0.0,0.0,0.0,0.0,0.0,0.0,0.0,0.0,0.0,0.0,0.0
mr1_single_dependency-catalog_latency_single-k8s-v2-formal-r1-20260818070429,s08,single,1,catalog,RCD_seed1,full,catalog-gw,catalog-gw;catalog,0.0,1.0,1.0,0.0,0.0,1.0,1.0,0.0,0.6309297535714575,0.6309297535714575,0.0,1.0,1.0,0.5
mr1_single_dependency-catalog_latency_single-k8s-v2-formal-r1-20260818070429,s08,single,1,catalog,RCD_seed2,full,catalog,catalog;pricing,1.0,1.0,1.0,1.0,1.0,1.0,1.0,1.0,1.0,1.0,1.0,1.0,1.0,1.0
mr1_single_dependency-catalog_latency_single-k8s-v2-formal-r1-20260818070429,s08,single,1,catalog,RCD_seed3,full,catalog,catalog,1.0,1.0,1.0,1.0,1.0,1.0,1.0,1.0,1.0,1.0,1.0,1.0,1.0,1.0
mr1_single_dependency-catalog_latency_single-k8s-v2-formal-r1-20260818070429,s08,single,1,catalog,RCD_seed4,full,catalog,catalog;catalog-gw,1.0,1.0,1.0,1.0,1.0,1.0,1.0,1.0,1.0,1.0,1.0,1.0,1.0,1.0
mr1_single_dependency-catalog_latency_single-k8s-v2-formal-r1-20260818070429,s08,single,1,catalog,delta_ratio,full,search,search;catalog;review-query;pricing;checkout,0.0,1.0,1.0,0.0,0.0,1.0,1.0,0.0,0.6309297535714575,0.6309297535714575,0.0,1.0,1.0,0.5
mr1_single_dependency-catalog_latency_single-k8s-v2-formal-r1-20260818070429,s08,single,1,catalog,delta_z,full,catalog,catalog;search;pricing;checkout;host,1.0,1.0,1.0,1.0,1.0,1.0,1.0,1.0,1.0,1.0,1.0,1.0,1.0,1.0
mr1_single_dependency-catalog_latency_single-k8s-v2-formal-r1-20260818070429,s08,single,1,catalog,BARO,resource,pricing,pricing;catalog;catalog-gw;mysql;host,0.0,1.0,1.0,0.0,0.0,1.0,1.0,0.0,0.6309297535714575,0.6309297535714575,0.0,1.0,1.0,0.5
mr1_single_dependency-catalog_latency_single-k8s-v2-formal-r1-20260818070429,s08,single,1,catalog,RCD_seed0,resource,pricing,pricing,0.0,0.0,0.0,0.0,0.0,0.0,0.0,0.0,0.0,0.0,0.0,0.0,0.0,0.0
mr1_single_dependency-catalog_latency_single-k8s-v2-formal-r1-20260818070429,s08,single,1,catalog,RCD_seed1,resource,catalog-gw,catalog-gw;pricing;catalog,0.0,1.0,1.0,0.0,0.0,1.0,1.0,0.0,0.5,0.5,0.0,1.0,1.0,0.3333333333333333
mr1_single_dependency-catalog_latency_single-k8s-v2-formal-r1-20260818070429,s08,single,1,catalog,RCD_seed2,resource,catalog,catalog,1.0,1.0,1.0,1.0,1.0,1.0,1.0,1.0,1.0,1.0,1.0,1.0,1.0,1.0
mr1_single_dependency-catalog_latency_single-k8s-v2-formal-r1-20260818070429,s08,single,1,catalog,RCD_seed3,resource,catalog-gw,catalog-gw;catalog;pricing,0.0,1.0,1.0,0.0,0.0,1.0,1.0,0.0,0.6309297535714575,0.6309297535714575,0.0,1.0,1.0,0.5
mr1_single_dependency-catalog_latency_single-k8s-v2-formal-r1-20260818070429,s08,single,1,catalog,RCD_seed4,resource,catalog,catalog;pricing;catalog-gw,1.0,1.0,1.0,1.0,1.0,1.0,1.0,1.0,1.0,1.0,1.0,1.0,1.0,1.0
mr1_single_dependency-catalog_latency_single-k8s-v2-formal-r1-20260818070429,s08,single,1,catalog,delta_ratio,resource,catalog,catalog;catalog-gw;pricing;host;mysql,1.0,1.0,1.0,1.0,1.0,1.0,1.0,1.0,1.0,1.0,1.0,1.0,1.0,1.0
mr1_single_dependency-catalog_latency_single-k8s-v2-formal-r1-20260818070429,s08,single,1,catalog,delta_z,resource,catalog,catalog;pricing;host;catalog-gw;mysql,1.0,1.0,1.0,1.0,1.0,1.0,1.0,1.0,1.0,1.0,1.0,1.0,1.0,1.0
mr1_single_lif-pod_failure_single-k8s-v2-formal-r1-20260818070808,s17,single,1,backend,BARO,full,search,search;cart;pricing;backend;review-query,0.0,0.0,1.0,0.0,0.0,0.0,1.0,0.0,0.0,0.43067655807339306,0.0,0.0,1.0,0.25
mr1_single_lif-pod_failure_single-k8s-v2-formal-r1-20260818070808,s17,single,1,backend,RCD_seed0,full,search,search;catalog,0.0,0.0,0.0,0.0,0.0,0.0,0.0,0.0,0.0,0.0,0.0,0.0,0.0,0.0
mr1_single_lif-pod_failure_single-k8s-v2-formal-r1-20260818070808,s17,single,1,backend,RCD_seed1,full,sasrec,sasrec;order,0.0,0.0,0.0,0.0,0.0,0.0,0.0,0.0,0.0,0.0,0.0,0.0,0.0,0.0
mr1_single_lif-pod_failure_single-k8s-v2-formal-r1-20260818070808,s17,single,1,backend,RCD_seed2,full,backend,backend;user,1.0,1.0,1.0,1.0,1.0,1.0,1.0,1.0,1.0,1.0,1.0,1.0,1.0,1.0
mr1_single_lif-pod_failure_single-k8s-v2-formal-r1-20260818070808,s17,single,1,backend,RCD_seed3,full,inventory,inventory;pricing,0.0,0.0,0.0,0.0,0.0,0.0,0.0,0.0,0.0,0.0,0.0,0.0,0.0,0.0
mr1_single_lif-pod_failure_single-k8s-v2-formal-r1-20260818070808,s17,single,1,backend,RCD_seed4,full,order,order;backend,0.0,1.0,1.0,0.0,0.0,1.0,1.0,0.0,0.6309297535714575,0.6309297535714575,0.0,1.0,1.0,0.5
mr1_single_lif-pod_failure_single-k8s-v2-formal-r1-20260818070808,s17,single,1,backend,delta_ratio,full,backend,backend;mysql;catalog-gw;checkout;catalog,1.0,1.0,1.0,1.0,1.0,1.0,1.0,1.0,1.0,1.0,1.0,1.0,1.0,1.0
mr1_single_lif-pod_failure_single-k8s-v2-formal-r1-20260818070808,s17,single,1,backend,delta_z,full,backend,backend;catalog-gw;mysql;checkout;cart,1.0,1.0,1.0,1.0,1.0,1.0,1.0,1.0,1.0,1.0,1.0,1.0,1.0,1.0
mr1_single_lif-pod_failure_single-k8s-v2-formal-r1-20260818070808,s17,single,1,backend,BARO,resource,pricing,pricing;backend;inventory;search;catalog-gw,0.0,1.0,1.0,0.0,0.0,1.0,1.0,0.0,0.6309297535714575,0.6309297535714575,0.0,1.0,1.0,0.5
mr1_single_lif-pod_failure_single-k8s-v2-formal-r1-20260818070808,s17,single,1,backend,RCD_seed0,resource,inventory,inventory;search,0.0,0.0,0.0,0.0,0.0,0.0,0.0,0.0,0.0,0.0,0.0,0.0,0.0,0.0
mr1_single_lif-pod_failure_single-k8s-v2-formal-r1-20260818070808,s17,single,1,backend,RCD_seed1,resource,checkout,checkout,0.0,0.0,0.0,0.0,0.0,0.0,0.0,0.0,0.0,0.0,0.0,0.0,0.0,0.0
mr1_single_lif-pod_failure_single-k8s-v2-formal-r1-20260818070808,s17,single,1,backend,RCD_seed2,resource,order,order;checkout,0.0,0.0,0.0,0.0,0.0,0.0,0.0,0.0,0.0,0.0,0.0,0.0,0.0,0.0
mr1_single_lif-pod_failure_single-k8s-v2-formal-r1-20260818070808,s17,single,1,backend,RCD_seed3,resource,backend,backend;order;user,1.0,1.0,1.0,1.0,1.0,1.0,1.0,1.0,1.0,1.0,1.0,1.0,1.0,1.0
mr1_single_lif-pod_failure_single-k8s-v2-formal-r1-20260818070808,s17,single,1,backend,RCD_seed4,resource,checkout,checkout;catalog,0.0,0.0,0.0,0.0,0.0,0.0,0.0,0.0,0.0,0.0,0.0,0.0,0.0,0.0
mr1_single_lif-pod_failure_single-k8s-v2-formal-r1-20260818070808,s17,single,1,backend,delta_ratio,resource,mysql,mysql;backend;catalog-gw;cart;review-query,0.0,1.0,1.0,0.0,0.0,1.0,1.0,0.0,0.6309297535714575,0.6309297535714575,0.0,1.0,1.0,0.5
mr1_single_lif-pod_failure_single-k8s-v2-formal-r1-20260818070808,s17,single,1,backend,delta_z,resource,backend,backend;catalog-gw;mysql;checkout;cart,1.0,1.0,1.0,1.0,1.0,1.0,1.0,1.0,1.0,1.0,1.0,1.0,1.0,1.0
mr2_cross_res-sasrec_cpu_x_catalog_netdelay-k8s-v2-formal-r1-20260818071238,d09,dual,2,sasrec;catalog-gw,BARO,full,pricing,pricing;checkout;sasrec;host;search,0.0,1.0,1.0,0.0,0.0,0.0,0.0,0.0,0.3065735963827292,0.3065735963827292,0.0,0.5,0.5,0.22916666666666666
mr2_cross_res-sasrec_cpu_x_catalog_netdelay-k8s-v2-formal-r1-20260818071238,d09,dual,2,sasrec;catalog-gw,RCD_seed0,full,backend,backend,0.0,0.0,0.0,0.0,0.0,0.0,0.0,0.0,0.0,0.0,0.0,0.0,0.0,0.0
mr2_cross_res-sasrec_cpu_x_catalog_netdelay-k8s-v2-formal-r1-20260818071238,d09,dual,2,sasrec;catalog-gw,RCD_seed1,full,backend,backend;review-query,0.0,0.0,0.0,0.0,0.0,0.0,0.0,0.0,0.0,0.0,0.0,0.0,0.0,0.0
mr2_cross_res-sasrec_cpu_x_catalog_netdelay-k8s-v2-formal-r1-20260818071238,d09,dual,2,sasrec;catalog-gw,RCD_seed2,full,review-query,review-query;inventory,0.0,0.0,0.0,0.0,0.0,0.0,0.0,0.0,0.0,0.0,0.0,0.0,0.0,0.0
mr2_cross_res-sasrec_cpu_x_catalog_netdelay-k8s-v2-formal-r1-20260818071238,d09,dual,2,sasrec;catalog-gw,RCD_seed3,full,inventory,inventory,0.0,0.0,0.0,0.0,0.0,0.0,0.0,0.0,0.0,0.0,0.0,0.0,0.0,0.0
mr2_cross_res-sasrec_cpu_x_catalog_netdelay-k8s-v2-formal-r1-20260818071238,d09,dual,2,sasrec;catalog-gw,RCD_seed4,full,inventory,inventory;backend,0.0,0.0,0.0,0.0,0.0,0.0,0.0,0.0,0.0,0.0,0.0,0.0,0.0,0.0
mr2_cross_res-sasrec_cpu_x_catalog_netdelay-k8s-v2-formal-r1-20260818071238,d09,dual,2,sasrec;catalog-gw,delta_ratio,full,sasrec,sasrec;host;pricing;checkout;backend,1.0,1.0,1.0,0.5,0.0,0.0,0.0,1.0,0.6131471927654584,0.6131471927654584,0.5,0.5,0.5,0.5384615384615384
mr2_cross_res-sasrec_cpu_x_catalog_netdelay-k8s-v2-formal-r1-20260818071238,d09,dual,2,sasrec;catalog-gw,delta_z,full,sasrec,sasrec;host;mysql;search;pricing,1.0,1.0,1.0,0.5,0.0,0.0,0.0,1.0,0.6131471927654584,0.6131471927654584,0.5,0.5,0.5,0.5333333333333333
mr2_cross_res-sasrec_cpu_x_catalog_netdelay-k8s-v2-formal-r1-20260818071238,d09,dual,2,sasrec;catalog-gw,BARO,resource,sasrec,sasrec;host;search;backend;pricing,1.0,1.0,1.0,0.5,0.0,0.0,0.0,1.0,0.6131471927654584,0.6131471927654584,0.5,0.5,0.5,0.5714285714285714
mr2_cross_res-sasrec_cpu_x_catalog_netdelay-k8s-v2-formal-r1-20260818071238,d09,dual,2,sasrec;catalog-gw,RCD_seed0,resource,inventory,inventory,0.0,0.0,0.0,0.0,0.0,0.0,0.0,0.0,0.0,0.0,0.0,0.0,0.0,0.0
mr2_cross_res-sasrec_cpu_x_catalog_netdelay-k8s-v2-formal-r1-20260818071238,d09,dual,2,sasrec;catalog-gw,RCD_seed1,resource,backend,backend;inventory;review-query,0.0,0.0,0.0,0.0,0.0,0.0,0.0,0.0,0.0,0.0,0.0,0.0,0.0,0.0
mr2_cross_res-sasrec_cpu_x_catalog_netdelay-k8s-v2-formal-r1-20260818071238,d09,dual,2,sasrec;catalog-gw,RCD_seed2,resource,backend,backend,0.0,0.0,0.0,0.0,0.0,0.0,0.0,0.0,0.0,0.0,0.0,0.0,0.0,0.0
mr2_cross_res-sasrec_cpu_x_catalog_netdelay-k8s-v2-formal-r1-20260818071238,d09,dual,2,sasrec;catalog-gw,RCD_seed3,resource,backend,backend,0.0,0.0,0.0,0.0,0.0,0.0,0.0,0.0,0.0,0.0,0.0,0.0,0.0,0.0
mr2_cross_res-sasrec_cpu_x_catalog_netdelay-k8s-v2-formal-r1-20260818071238,d09,dual,2,sasrec;catalog-gw,RCD_seed4,resource,review-query,review-query;inventory,0.0,0.0,0.0,0.0,0.0,0.0,0.0,0.0,0.0,0.0,0.0,0.0,0.0,0.0
mr2_cross_res-sasrec_cpu_x_catalog_netdelay-k8s-v2-formal-r1-20260818071238,d09,dual,2,sasrec;catalog-gw,delta_ratio,resource,sasrec,sasrec;host;mysql;catalog-gw;cart,1.0,1.0,1.0,0.5,0.0,0.0,1.0,1.0,0.6131471927654584,0.8772153153380493,0.5,0.5,1.0,0.625
mr2_cross_res-sasrec_cpu_x_catalog_netdelay-k8s-v2-formal-r1-20260818071238,d09,dual,2,sasrec;catalog-gw,delta_z,resource,sasrec,sasrec;host;mysql;search;review-query,1.0,1.0,1.0,0.5,0.0,0.0,0.0,1.0,0.6131471927654584,0.6131471927654584,0.5,0.5,0.5,0.5357142857142857
mr1_single_lif-pod_failure_single-k8s-v2-formal-r1-20260818071618,s16,single,1,review-query,BARO,full,cart,cart;search;pricing;review-query;inventory,0.0,0.0,1.0,0.0,0.0,0.0,1.0,0.0,0.0,0.43067655807339306,0.0,0.0,1.0,0.25
mr1_single_lif-pod_failure_single-k8s-v2-formal-r1-20260818071618,s16,single,1,review-query,RCD_seed0,full,review-query,review-query,1.0,1.0,1.0,1.0,1.0,1.0,1.0,1.0,1.0,1.0,1.0,1.0,1.0,1.0
mr1_single_lif-pod_failure_single-k8s-v2-formal-r1-20260818071618,s16,single,1,review-query,RCD_seed1,full,order,order;search,0.0,0.0,0.0,0.0,0.0,0.0,0.0,0.0,0.0,0.0,0.0,0.0,0.0,0.0
mr1_single_lif-pod_failure_single-k8s-v2-formal-r1-20260818071618,s16,single,1,review-query,RCD_seed2,full,catalog,catalog;order,0.0,0.0,0.0,0.0,0.0,0.0,0.0,0.0,0.0,0.0,0.0,0.0,0.0,0.0
mr1_single_lif-pod_failure_single-k8s-v2-formal-r1-20260818071618,s16,single,1,review-query,RCD_seed3,full,catalog-gw,catalog-gw,0.0,0.0,0.0,0.0,0.0,0.0,0.0,0.0,0.0,0.0,0.0,0.0,0.0,0.0
mr1_single_lif-pod_failure_single-k8s-v2-formal-r1-20260818071618,s16,single,1,review-query,RCD_seed4,full,search,search;review-query,0.0,1.0,1.0,0.0,0.0,1.0,1.0,0.0,0.6309297535714575,0.6309297535714575,0.0,1.0,1.0,0.5
mr1_single_lif-pod_failure_single-k8s-v2-formal-r1-20260818071618,s16,single,1,review-query,delta_ratio,full,review-query,review-query;catalog;catalog-gw;search;order,1.0,1.0,1.0,1.0,1.0,1.0,1.0,1.0,1.0,1.0,1.0,1.0,1.0,1.0
mr1_single_lif-pod_failure_single-k8s-v2-formal-r1-20260818071618,s16,single,1,review-query,delta_z,full,review-query,review-query;pricing;catalog;inventory;search,1.0,1.0,1.0,1.0,1.0,1.0,1.0,1.0,1.0,1.0,1.0,1.0,1.0,1.0
mr1_single_lif-pod_failure_single-k8s-v2-formal-r1-20260818071618,s16,single,1,review-query,BARO,resource,review-query,review-query;inventory;cart;backend;sasrec,1.0,1.0,1.0,1.0,1.0,1.0,1.0,1.0,1.0,1.0,1.0,1.0,1.0,1.0
mr1_single_lif-pod_failure_single-k8s-v2-formal-r1-20260818071618,s16,single,1,review-query,RCD_seed0,resource,catalog-gw,catalog-gw,0.0,0.0,0.0,0.0,0.0,0.0,0.0,0.0,0.0,0.0,0.0,0.0,0.0,0.0
mr1_single_lif-pod_failure_single-k8s-v2-formal-r1-20260818071618,s16,single,1,review-query,RCD_seed1,resource,review-query,review-query;search,1.0,1.0,1.0,1.0,1.0,1.0,1.0,1.0,1.0,1.0,1.0,1.0,1.0,1.0
mr1_single_lif-pod_failure_single-k8s-v2-formal-r1-20260818071618,s16,single,1,review-query,RCD_seed2,resource,catalog,catalog;order,0.0,0.0,0.0,0.0,0.0,0.0,0.0,0.0,0.0,0.0,0.0,0.0,0.0,0.0
mr1_single_lif-pod_failure_single-k8s-v2-formal-r1-20260818071618,s16,single,1,review-query,RCD_seed3,resource,order,order;catalog;backend,0.0,0.0,0.0,0.0,0.0,0.0,0.0,0.0,0.0,0.0,0.0,0.0,0.0,0.0
mr1_single_lif-pod_failure_single-k8s-v2-formal-r1-20260818071618,s16,single,1,review-query,RCD_seed4,resource,review-query,review-query,1.0,1.0,1.0,1.0,1.0,1.0,1.0,1.0,1.0,1.0,1.0,1.0,1.0,1.0
mr1_single_lif-pod_failure_single-k8s-v2-formal-r1-20260818071618,s16,single,1,review-query,delta_ratio,resource,review-query,review-query;catalog-gw;catalog;host;user,1.0,1.0,1.0,1.0,1.0,1.0,1.0,1.0,1.0,1.0,1.0,1.0,1.0,1.0
mr1_single_lif-pod_failure_single-k8s-v2-formal-r1-20260818071618,s16,single,1,review-query,delta_z,resource,review-query,review-query;inventory;pricing;search;order,1.0,1.0,1.0,1.0,1.0,1.0,1.0,1.0,1.0,1.0,1.0,1.0,1.0,1.0
mr1_single_res-db_lock_single-k8s-v2-formal-r1-20260818071923,s06,single,1,mysql,BARO,full,checkout,checkout;order;catalog;cart;pricing,0.0,0.0,0.0,0.0,0.0,0.0,0.0,0.0,0.0,0.0,0.0,0.0,0.0,0.08333333333333333
mr1_single_res-db_lock_single-k8s-v2-formal-r1-20260818071923,s06,single,1,mysql,RCD_seed0,full,catalog-gw,catalog-gw;user,0.0,0.0,0.0,0.0,0.0,0.0,0.0,0.0,0.0,0.0,0.0,0.0,0.0,0.0
mr1_single_res-db_lock_single-k8s-v2-formal-r1-20260818071923,s06,single,1,mysql,RCD_seed1,full,review-query,review-query,0.0,0.0,0.0,0.0,0.0,0.0,0.0,0.0,0.0,0.0,0.0,0.0,0.0,0.0
mr1_single_res-db_lock_single-k8s-v2-formal-r1-20260818071923,s06,single,1,mysql,RCD_seed2,full,catalog-gw,catalog-gw;review-query,0.0,0.0,0.0,0.0,0.0,0.0,0.0,0.0,0.0,0.0,0.0,0.0,0.0,0.0
mr1_single_res-db_lock_single-k8s-v2-formal-r1-20260818071923,s06,single,1,mysql,RCD_seed3,full,backend,backend,0.0,0.0,0.0,0.0,0.0,0.0,0.0,0.0,0.0,0.0,0.0,0.0,0.0,0.0
mr1_single_res-db_lock_single-k8s-v2-formal-r1-20260818071923,s06,single,1,mysql,RCD_seed4,full,catalog-gw,catalog-gw,0.0,0.0,0.0,0.0,0.0,0.0,0.0,0.0,0.0,0.0,0.0,0.0,0.0,0.0
mr1_single_res-db_lock_single-k8s-v2-formal-r1-20260818071923,s06,single,1,mysql,delta_ratio,full,order,order;cart;catalog;checkout;pricing,0.0,0.0,0.0,0.0,0.0,0.0,0.0,0.0,0.0,0.0,0.0,0.0,0.0,0.06666666666666667
mr1_single_res-db_lock_single-k8s-v2-formal-r1-20260818071923,s06,single,1,mysql,delta_z,full,catalog-gw,catalog-gw;order;cart;catalog;checkout,0.0,0.0,0.0,0.0,0.0,0.0,0.0,0.0,0.0,0.0,0.0,0.0,0.0,0.06666666666666667
mr1_single_res-db_lock_single-k8s-v2-formal-r1-20260818071923,s06,single,1,mysql,BARO,resource,cart,cart;user;checkout;catalog;backend,0.0,0.0,0.0,0.0,0.0,0.0,0.0,0.0,0.0,0.0,0.0,0.0,0.0,0.09090909090909091
mr1_single_res-db_lock_single-k8s-v2-formal-r1-20260818071923,s06,single,1,mysql,RCD_seed0,resource,user,user;review-query,0.0,0.0,0.0,0.0,0.0,0.0,0.0,0.0,0.0,0.0,0.0,0.0,0.0,0.0
mr1_single_res-db_lock_single-k8s-v2-formal-r1-20260818071923,s06,single,1,mysql,RCD_seed1,resource,catalog,catalog;catalog-gw;backend,0.0,0.0,0.0,0.0,0.0,0.0,0.0,0.0,0.0,0.0,0.0,0.0,0.0,0.0
mr1_single_res-db_lock_single-k8s-v2-formal-r1-20260818071923,s06,single,1,mysql,RCD_seed2,resource,pricing,pricing;review-query,0.0,0.0,0.0,0.0,0.0,0.0,0.0,0.0,0.0,0.0,0.0,0.0,0.0,0.0
mr1_single_res-db_lock_single-k8s-v2-formal-r1-20260818071923,s06,single,1,mysql,RCD_seed3,resource,review-query,review-query;order;user,0.0,0.0,0.0,0.0,0.0,0.0,0.0,0.0,0.0,0.0,0.0,0.0,0.0,0.0
mr1_single_res-db_lock_single-k8s-v2-formal-r1-20260818071923,s06,single,1,mysql,RCD_seed4,resource,catalog-gw,catalog-gw;backend,0.0,0.0,0.0,0.0,0.0,0.0,0.0,0.0,0.0,0.0,0.0,0.0,0.0,0.0
mr1_single_res-db_lock_single-k8s-v2-formal-r1-20260818071923,s06,single,1,mysql,delta_ratio,resource,catalog-gw,catalog-gw;catalog;cart;checkout;order,0.0,0.0,0.0,0.0,0.0,0.0,0.0,0.0,0.0,0.0,0.0,0.0,0.0,0.07142857142857142
mr1_single_res-db_lock_single-k8s-v2-formal-r1-20260818071923,s06,single,1,mysql,delta_z,resource,catalog-gw,catalog-gw;review-query;pricing;host;catalog,0.0,0.0,0.0,0.0,0.0,0.0,0.0,0.0,0.0,0.0,0.0,0.0,0.0,0.07142857142857142
mr1_single_res-service_cpu_single-k8s-v2-formal-r1-20260818073313,s20,single,1,rec-agent,BARO,full,rec-agent,rec-agent;order;sasrec;host;search,1.0,1.0,1.0,1.0,1.0,1.0,1.0,1.0,1.0,1.0,1.0,1.0,1.0,1.0
mr1_single_res-service_cpu_single-k8s-v2-formal-r1-20260818073313,s20,single,1,rec-agent,RCD_seed0,full,sasrec,sasrec;host,0.0,0.0,0.0,0.0,0.0,0.0,0.0,0.0,0.0,0.0,0.0,0.0,0.0,0.0
mr1_single_res-service_cpu_single-k8s-v2-formal-r1-20260818073313,s20,single,1,rec-agent,RCD_seed1,full,rec-agent,rec-agent;host;sasrec;inventory;review-query,1.0,1.0,1.0,1.0,1.0,1.0,1.0,1.0,1.0,1.0,1.0,1.0,1.0,1.0
mr1_single_res-service_cpu_single-k8s-v2-formal-r1-20260818073313,s20,single,1,rec-agent,RCD_seed2,full,sasrec,sasrec;host;inventory;pricing,0.0,0.0,0.0,0.0,0.0,0.0,0.0,0.0,0.0,0.0,0.0,0.0,0.0,0.0
mr1_single_res-service_cpu_single-k8s-v2-formal-r1-20260818073313,s20,single,1,rec-agent,RCD_seed3,full,sasrec,sasrec;host;rec-agent,0.0,1.0,1.0,0.0,0.0,1.0,1.0,0.0,0.5,0.5,0.0,1.0,1.0,0.3333333333333333
mr1_single_res-service_cpu_single-k8s-v2-formal-r1-20260818073313,s20,single,1,rec-agent,RCD_seed4,full,sasrec,sasrec;host;review-query;backend,0.0,0.0,0.0,0.0,0.0,0.0,0.0,0.0,0.0,0.0,0.0,0.0,0.0,0.0
mr1_single_res-service_cpu_single-k8s-v2-formal-r1-20260818073313,s20,single,1,rec-agent,delta_ratio,full,rec-agent,rec-agent;host;inventory;catalog;pricing,1.0,1.0,1.0,1.0,1.0,1.0,1.0,1.0,1.0,1.0,1.0,1.0,1.0,1.0
mr1_single_res-service_cpu_single-k8s-v2-formal-r1-20260818073313,s20,single,1,rec-agent,delta_z,full,rec-agent,rec-agent;sasrec;host;inventory;catalog,1.0,1.0,1.0,1.0,1.0,1.0,1.0,1.0,1.0,1.0,1.0,1.0,1.0,1.0
mr1_single_res-service_cpu_single-k8s-v2-formal-r1-20260818073313,s20,single,1,rec-agent,BARO,resource,rec-agent,rec-agent;host;search;review-query;user,1.0,1.0,1.0,1.0,1.0,1.0,1.0,1.0,1.0,1.0,1.0,1.0,1.0,1.0
mr1_single_res-service_cpu_single-k8s-v2-formal-r1-20260818073313,s20,single,1,rec-agent,RCD_seed0,resource,sasrec,sasrec;host;review-query,0.0,0.0,0.0,0.0,0.0,0.0,0.0,0.0,0.0,0.0,0.0,0.0,0.0,0.0
mr1_single_res-service_cpu_single-k8s-v2-formal-r1-20260818073313,s20,single,1,rec-agent,RCD_seed1,resource,sasrec,sasrec;host;review-query;rec-agent,0.0,0.0,1.0,0.0,0.0,0.0,1.0,0.0,0.0,0.43067655807339306,0.0,0.0,1.0,0.25
mr1_single_res-service_cpu_single-k8s-v2-formal-r1-20260818073313,s20,single,1,rec-agent,RCD_seed2,resource,sasrec,sasrec;host;inventory,0.0,0.0,0.0,0.0,0.0,0.0,0.0,0.0,0.0,0.0,0.0,0.0,0.0,0.0
mr1_single_res-service_cpu_single-k8s-v2-formal-r1-20260818073313,s20,single,1,rec-agent,RCD_seed3,resource,sasrec,sasrec;host;rec-agent;order;review-query,0.0,1.0,1.0,0.0,0.0,1.0,1.0,0.0,0.5,0.5,0.0,1.0,1.0,0.3333333333333333
mr1_single_res-service_cpu_single-k8s-v2-formal-r1-20260818073313,s20,single,1,rec-agent,RCD_seed4,resource,sasrec,sasrec;host;inventory;rec-agent,0.0,0.0,1.0,0.0,0.0,0.0,1.0,0.0,0.0,0.43067655807339306,0.0,0.0,1.0,0.25
mr1_single_res-service_cpu_single-k8s-v2-formal-r1-20260818073313,s20,single,1,rec-agent,delta_ratio,resource,rec-agent,rec-agent;host;backend;sasrec;order,1.0,1.0,1.0,1.0,1.0,1.0,1.0,1.0,1.0,1.0,1.0,1.0,1.0,1.0
mr1_single_res-service_cpu_single-k8s-v2-formal-r1-20260818073313,s20,single,1,rec-agent,delta_z,resource,rec-agent,rec-agent;sasrec;host;review-query;search,1.0,1.0,1.0,1.0,1.0,1.0,1.0,1.0,1.0,1.0,1.0,1.0,1.0,1.0
mr1_single_res-host_cpu_single-k8s-v2-formal-r1-20260818073618,s05,single,1,host,BARO,full,order,order;backend;inventory;cart;pricing,0.0,0.0,0.0,0.0,0.0,0.0,0.0,0.0,0.0,0.0,0.0,0.0,0.0,0.06666666666666667
mr1_single_res-host_cpu_single-k8s-v2-formal-r1-20260818073618,s05,single,1,host,RCD_seed0,full,inventory,inventory;order,0.0,0.0,0.0,0.0,0.0,0.0,0.0,0.0,0.0,0.0,0.0,0.0,0.0,0.0
mr1_single_res-host_cpu_single-k8s-v2-formal-r1-20260818073618,s05,single,1,host,RCD_seed1,full,order,order;cart,0.0,0.0,0.0,0.0,0.0,0.0,0.0,0.0,0.0,0.0,0.0,0.0,0.0,0.0
mr1_single_res-host_cpu_single-k8s-v2-formal-r1-20260818073618,s05,single,1,host,RCD_seed2,full,catalog,catalog;search,0.0,0.0,0.0,0.0,0.0,0.0,0.0,0.0,0.0,0.0,0.0,0.0,0.0,0.0
mr1_single_res-host_cpu_single-k8s-v2-formal-r1-20260818073618,s05,single,1,host,RCD_seed3,full,search,search;backend,0.0,0.0,0.0,0.0,0.0,0.0,0.0,0.0,0.0,0.0,0.0,0.0,0.0,0.0
mr1_single_res-host_cpu_single-k8s-v2-formal-r1-20260818073618,s05,single,1,host,RCD_seed4,full,catalog,catalog;user,0.0,0.0,0.0,0.0,0.0,0.0,0.0,0.0,0.0,0.0,0.0,0.0,0.0,0.0
mr1_single_res-host_cpu_single-k8s-v2-formal-r1-20260818073618,s05,single,1,host,delta_ratio,full,host,host;pricing;catalog;catalog-gw;user,1.0,1.0,1.0,1.0,1.0,1.0,1.0,1.0,1.0,1.0,1.0,1.0,1.0,1.0
mr1_single_res-host_cpu_single-k8s-v2-formal-r1-20260818073618,s05,single,1,host,delta_z,full,catalog-gw,catalog-gw;mysql;inventory;order;sasrec,0.0,0.0,0.0,0.0,0.0,0.0,0.0,0.0,0.0,0.0,0.0,0.0,0.0,0.16666666666666666
mr1_single_res-host_cpu_single-k8s-v2-formal-r1-20260818073618,s05,single,1,host,BARO,resource,order,order;backend;inventory;pricing;catalog-gw,0.0,0.0,0.0,0.0,0.0,0.0,0.0,0.0,0.0,0.0,0.0,0.0,0.0,0.07142857142857142
mr1_single_res-host_cpu_single-k8s-v2-formal-r1-20260818073618,s05,single,1,host,RCD_seed0,resource,inventory,inventory,0.0,0.0,0.0,0.0,0.0,0.0,0.0,0.0,0.0,0.0,0.0,0.0,0.0,0.0
mr1_single_res-host_cpu_single-k8s-v2-formal-r1-20260818073618,s05,single,1,host,RCD_seed1,resource,inventory,inventory;cart,0.0,0.0,0.0,0.0,0.0,0.0,0.0,0.0,0.0,0.0,0.0,0.0,0.0,0.0
mr1_single_res-host_cpu_single-k8s-v2-formal-r1-20260818073618,s05,single,1,host,RCD_seed2,resource,review-query,review-query;user;search,0.0,0.0,0.0,0.0,0.0,0.0,0.0,0.0,0.0,0.0,0.0,0.0,0.0,0.0
mr1_single_res-host_cpu_single-k8s-v2-formal-r1-20260818073618,s05,single,1,host,RCD_seed3,resource,user,user;review-query;search,0.0,0.0,0.0,0.0,0.0,0.0,0.0,0.0,0.0,0.0,0.0,0.0,0.0,0.0
mr1_single_res-host_cpu_single-k8s-v2-formal-r1-20260818073618,s05,single,1,host,RCD_seed4,resource,order,order;pricing;review-query,0.0,0.0,0.0,0.0,0.0,0.0,0.0,0.0,0.0,0.0,0.0,0.0,0.0,0.0
mr1_single_res-host_cpu_single-k8s-v2-formal-r1-20260818073618,s05,single,1,host,delta_ratio,resource,host,host;mysql;user;pricing;cart,1.0,1.0,1.0,1.0,1.0,1.0,1.0,1.0,1.0,1.0,1.0,1.0,1.0,1.0
mr1_single_res-host_cpu_single-k8s-v2-formal-r1-20260818073618,s05,single,1,host,delta_z,resource,catalog-gw,catalog-gw;mysql;inventory;order;sasrec,0.0,0.0,0.0,0.0,0.0,0.0,0.0,0.0,0.0,0.0,0.0,0.0,0.0,0.16666666666666666
mr1_single_lif-pod_failure_single-k8s-v2-formal-r1-20260818073957,s18,single,1,checkout,BARO,full,checkout,checkout;order;search;user;inventory,1.0,1.0,1.0,1.0,1.0,1.0,1.0,1.0,1.0,1.0,1.0,1.0,1.0,1.0
mr1_single_lif-pod_failure_single-k8s-v2-formal-r1-20260818073957,s18,single,1,checkout,RCD_seed0,full,inventory,inventory;backend,0.0,0.0,0.0,0.0,0.0,0.0,0.0,0.0,0.0,0.0,0.0,0.0,0.0,0.0
mr1_single_lif-pod_failure_single-k8s-v2-formal-r1-20260818073957,s18,single,1,checkout,RCD_seed1,full,search,search,0.0,0.0,0.0,0.0,0.0,0.0,0.0,0.0,0.0,0.0,0.0,0.0,0.0,0.0
mr1_single_lif-pod_failure_single-k8s-v2-formal-r1-20260818073957,s18,single,1,checkout,RCD_seed2,full,inventory,inventory;order,0.0,0.0,0.0,0.0,0.0,0.0,0.0,0.0,0.0,0.0,0.0,0.0,0.0,0.0
mr1_single_lif-pod_failure_single-k8s-v2-formal-r1-20260818073957,s18,single,1,checkout,RCD_seed3,full,search,search;user,0.0,0.0,0.0,0.0,0.0,0.0,0.0,0.0,0.0,0.0,0.0,0.0,0.0,0.0
mr1_single_lif-pod_failure_single-k8s-v2-formal-r1-20260818073957,s18,single,1,checkout,RCD_seed4,full,checkout,checkout,1.0,1.0,1.0,1.0,1.0,1.0,1.0,1.0,1.0,1.0,1.0,1.0,1.0,1.0
mr1_single_lif-pod_failure_single-k8s-v2-formal-r1-20260818073957,s18,single,1,checkout,delta_ratio,full,checkout,checkout;catalog-gw;catalog;cart;pricing,1.0,1.0,1.0,1.0,1.0,1.0,1.0,1.0,1.0,1.0,1.0,1.0,1.0,1.0
mr1_single_lif-pod_failure_single-k8s-v2-formal-r1-20260818073957,s18,single,1,checkout,delta_z,full,checkout,checkout;backend;search;mysql;catalog-gw,1.0,1.0,1.0,1.0,1.0,1.0,1.0,1.0,1.0,1.0,1.0,1.0,1.0,1.0
mr1_single_lif-pod_failure_single-k8s-v2-formal-r1-20260818073957,s18,single,1,checkout,BARO,resource,checkout,checkout;order;search;catalog;inventory,1.0,1.0,1.0,1.0,1.0,1.0,1.0,1.0,1.0,1.0,1.0,1.0,1.0,1.0
mr1_single_lif-pod_failure_single-k8s-v2-formal-r1-20260818073957,s18,single,1,checkout,RCD_seed0,resource,backend,backend,0.0,0.0,0.0,0.0,0.0,0.0,0.0,0.0,0.0,0.0,0.0,0.0,0.0,0.0
mr1_single_lif-pod_failure_single-k8s-v2-formal-r1-20260818073957,s18,single,1,checkout,RCD_seed1,resource,user,user;review-query,0.0,0.0,0.0,0.0,0.0,0.0,0.0,0.0,0.0,0.0,0.0,0.0,0.0,0.0
mr1_single_lif-pod_failure_single-k8s-v2-formal-r1-20260818073957,s18,single,1,checkout,RCD_seed2,resource,checkout,checkout;review-query,1.0,1.0,1.0,1.0,1.0,1.0,1.0,1.0,1.0,1.0,1.0,1.0,1.0,1.0
mr1_single_lif-pod_failure_single-k8s-v2-formal-r1-20260818073957,s18,single,1,checkout,RCD_seed3,resource,backend,backend;user,0.0,0.0,0.0,0.0,0.0,0.0,0.0,0.0,0.0,0.0,0.0,0.0,0.0,0.0
mr1_single_lif-pod_failure_single-k8s-v2-formal-r1-20260818073957,s18,single,1,checkout,RCD_seed4,resource,review-query,review-query;backend,0.0,0.0,0.0,0.0,0.0,0.0,0.0,0.0,0.0,0.0,0.0,0.0,0.0,0.0
mr1_single_lif-pod_failure_single-k8s-v2-formal-r1-20260818073957,s18,single,1,checkout,delta_ratio,resource,catalog-gw,catalog-gw;checkout;mysql;review-query;backend,0.0,1.0,1.0,0.0,0.0,1.0,1.0,0.0,0.6309297535714575,0.6309297535714575,0.0,1.0,1.0,0.5
mr1_single_lif-pod_failure_single-k8s-v2-formal-r1-20260818073957,s18,single,1,checkout,delta_z,resource,checkout,checkout;backend;search;mysql;catalog-gw,1.0,1.0,1.0,1.0,1.0,1.0,1.0,1.0,1.0,1.0,1.0,1.0,1.0,1.0
mr1_single_runtime-runtime_exception_single-k8s-v2-formal-r1-20260818074341,s07,single,1,catalog,BARO,full,catalog,catalog;user;order;inventory;cart,1.0,1.0,1.0,1.0,1.0,1.0,1.0,1.0,1.0,1.0,1.0,1.0,1.0,1.0
mr1_single_runtime-runtime_exception_single-k8s-v2-formal-r1-20260818074341,s07,single,1,catalog,RCD_seed0,full,catalog,catalog;pricing,1.0,1.0,1.0,1.0,1.0,1.0,1.0,1.0,1.0,1.0,1.0,1.0,1.0,1.0
mr1_single_runtime-runtime_exception_single-k8s-v2-formal-r1-20260818074341,s07,single,1,catalog,RCD_seed1,full,pricing,pricing;catalog-gw,0.0,0.0,0.0,0.0,0.0,0.0,0.0,0.0,0.0,0.0,0.0,0.0,0.0,0.0
mr1_single_runtime-runtime_exception_single-k8s-v2-formal-r1-20260818074341,s07,single,1,catalog,RCD_seed2,full,catalog-gw,catalog-gw;catalog,0.0,1.0,1.0,0.0,0.0,1.0,1.0,0.0,0.6309297535714575,0.6309297535714575,0.0,1.0,1.0,0.5
mr1_single_runtime-runtime_exception_single-k8s-v2-formal-r1-20260818074341,s07,single,1,catalog,RCD_seed3,full,catalog-gw,catalog-gw;catalog,0.0,1.0,1.0,0.0,0.0,1.0,1.0,0.0,0.6309297535714575,0.6309297535714575,0.0,1.0,1.0,0.5
mr1_single_runtime-runtime_exception_single-k8s-v2-formal-r1-20260818074341,s07,single,1,catalog,RCD_seed4,full,catalog,catalog;pricing,1.0,1.0,1.0,1.0,1.0,1.0,1.0,1.0,1.0,1.0,1.0,1.0,1.0,1.0
mr1_single_runtime-runtime_exception_single-k8s-v2-formal-r1-20260818074341,s07,single,1,catalog,delta_ratio,full,pricing,pricing;catalog;catalog-gw;host;mysql,0.0,1.0,1.0,0.0,0.0,1.0,1.0,0.0,0.6309297535714575,0.6309297535714575,0.0,1.0,1.0,0.5
mr1_single_runtime-runtime_exception_single-k8s-v2-formal-r1-20260818074341,s07,single,1,catalog,delta_z,full,catalog,catalog;pricing;host;catalog-gw;checkout,1.0,1.0,1.0,1.0,1.0,1.0,1.0,1.0,1.0,1.0,1.0,1.0,1.0,1.0
mr1_single_runtime-runtime_exception_single-k8s-v2-formal-r1-20260818074341,s07,single,1,catalog,BARO,resource,catalog,catalog;catalog-gw;pricing;host;mysql,1.0,1.0,1.0,1.0,1.0,1.0,1.0,1.0,1.0,1.0,1.0,1.0,1.0,1.0
mr1_single_runtime-runtime_exception_single-k8s-v2-formal-r1-20260818074341,s07,single,1,catalog,RCD_seed0,resource,pricing,pricing;catalog-gw;catalog,0.0,1.0,1.0,0.0,0.0,1.0,1.0,0.0,0.5,0.5,0.0,1.0,1.0,0.3333333333333333
mr1_single_runtime-runtime_exception_single-k8s-v2-formal-r1-20260818074341,s07,single,1,catalog,RCD_seed1,resource,catalog-gw,catalog-gw;catalog,0.0,1.0,1.0,0.0,0.0,1.0,1.0,0.0,0.6309297535714575,0.6309297535714575,0.0,1.0,1.0,0.5
mr1_single_runtime-runtime_exception_single-k8s-v2-formal-r1-20260818074341,s07,single,1,catalog,RCD_seed2,resource,catalog,catalog,1.0,1.0,1.0,1.0,1.0,1.0,1.0,1.0,1.0,1.0,1.0,1.0,1.0,1.0
mr1_single_runtime-runtime_exception_single-k8s-v2-formal-r1-20260818074341,s07,single,1,catalog,RCD_seed3,resource,catalog-gw,catalog-gw;catalog;pricing,0.0,1.0,1.0,0.0,0.0,1.0,1.0,0.0,0.6309297535714575,0.6309297535714575,0.0,1.0,1.0,0.5
mr1_single_runtime-runtime_exception_single-k8s-v2-formal-r1-20260818074341,s07,single,1,catalog,RCD_seed4,resource,catalog,catalog;catalog-gw,1.0,1.0,1.0,1.0,1.0,1.0,1.0,1.0,1.0,1.0,1.0,1.0,1.0,1.0
mr1_single_runtime-runtime_exception_single-k8s-v2-formal-r1-20260818074341,s07,single,1,catalog,delta_ratio,resource,catalog-gw,catalog-gw;catalog;host;mysql;pricing,0.0,1.0,1.0,0.0,0.0,1.0,1.0,0.0,0.6309297535714575,0.6309297535714575,0.0,1.0,1.0,0.5
mr1_single_runtime-runtime_exception_single-k8s-v2-formal-r1-20260818074341,s07,single,1,catalog,delta_z,resource,catalog,catalog;pricing;host;catalog-gw;mysql,1.0,1.0,1.0,1.0,1.0,1.0,1.0,1.0,1.0,1.0,1.0,1.0,1.0,1.0
mr3_cross_lif-checkout_podfail_x_cart_cpu_x_pricing_cpu-k8s-v2-formal-r1-20260818075720,t05,triple,3,checkout;cart;pricing,BARO,full,cart,cart;checkout;pricing;order;host,1.0,1.0,1.0,1.0,0.0,1.0,1.0,1.0,1.0,1.0,0.3333333333333333,1.0,1.0,0.611111111111111
mr3_cross_lif-checkout_podfail_x_cart_cpu_x_pricing_cpu-k8s-v2-formal-r1-20260818075720,t05,triple,3,checkout;cart;pricing,RCD_seed0,full,cart,cart,1.0,1.0,1.0,0.3333333333333333,0.0,0.0,0.0,1.0,0.46927872602275644,0.46927872602275644,0.3333333333333333,0.3333333333333333,0.3333333333333333,0.3333333333333333
mr3_cross_lif-checkout_podfail_x_cart_cpu_x_pricing_cpu-k8s-v2-formal-r1-20260818075720,t05,triple,3,checkout;cart;pricing,RCD_seed1,full,cart,cart,1.0,1.0,1.0,0.3333333333333333,0.0,0.0,0.0,1.0,0.46927872602275644,0.46927872602275644,0.3333333333333333,0.3333333333333333,0.3333333333333333,0.3333333333333333
mr3_cross_lif-checkout_podfail_x_cart_cpu_x_pricing_cpu-k8s-v2-formal-r1-20260818075720,t05,triple,3,checkout;cart;pricing,RCD_seed2,full,cart,cart,1.0,1.0,1.0,0.3333333333333333,0.0,0.0,0.0,1.0,0.46927872602275644,0.46927872602275644,0.3333333333333333,0.3333333333333333,0.3333333333333333,0.3333333333333333
mr3_cross_lif-checkout_podfail_x_cart_cpu_x_pricing_cpu-k8s-v2-formal-r1-20260818075720,t05,triple,3,checkout;cart;pricing,RCD_seed3,full,cart,cart,1.0,1.0,1.0,0.3333333333333333,0.0,0.0,0.0,1.0,0.46927872602275644,0.46927872602275644,0.3333333333333333,0.3333333333333333,0.3333333333333333,0.3333333333333333
mr3_cross_lif-checkout_podfail_x_cart_cpu_x_pricing_cpu-k8s-v2-formal-r1-20260818075720,t05,triple,3,checkout;cart;pricing,RCD_seed4,full,cart,cart,1.0,1.0,1.0,0.3333333333333333,0.0,0.0,0.0,1.0,0.46927872602275644,0.46927872602275644,0.3333333333333333,0.3333333333333333,0.3333333333333333,0.3333333333333333
mr3_cross_lif-checkout_podfail_x_cart_cpu_x_pricing_cpu-k8s-v2-formal-r1-20260818075720,t05,triple,3,checkout;cart;pricing,delta_ratio,full,pricing,pricing;cart;host;checkout;catalog,1.0,1.0,1.0,0.6666666666666666,0.0,0.0,1.0,1.0,0.7653606369886217,0.9674679834891693,0.3333333333333333,0.6666666666666666,1.0,0.5833333333333334
mr3_cross_lif-checkout_podfail_x_cart_cpu_x_pricing_cpu-k8s-v2-formal-r1-20260818075720,t05,triple,3,checkout;cart;pricing,delta_z,full,checkout,checkout;pricing;cart;host;sasrec,1.0,1.0,1.0,1.0,0.0,1.0,1.0,1.0,1.0,1.0,0.3333333333333333,1.0,1.0,0.611111111111111
mr3_cross_lif-checkout_podfail_x_cart_cpu_x_pricing_cpu-k8s-v2-formal-r1-20260818075720,t05,triple,3,checkout;cart;pricing,BARO,resource,cart,cart;checkout;pricing;host;catalog-gw,1.0,1.0,1.0,1.0,0.0,1.0,1.0,1.0,1.0,1.0,0.3333333333333333,1.0,1.0,0.611111111111111
mr3_cross_lif-checkout_podfail_x_cart_cpu_x_pricing_cpu-k8s-v2-formal-r1-20260818075720,t05,triple,3,checkout;cart;pricing,RCD_seed0,resource,cart,cart,1.0,1.0,1.0,0.3333333333333333,0.0,0.0,0.0,1.0,0.46927872602275644,0.46927872602275644,0.3333333333333333,0.3333333333333333,0.3333333333333333,0.3333333333333333
mr3_cross_lif-checkout_podfail_x_cart_cpu_x_pricing_cpu-k8s-v2-formal-r1-20260818075720,t05,triple,3,checkout;cart;pricing,RCD_seed1,resource,cart,cart,1.0,1.0,1.0,0.3333333333333333,0.0,0.0,0.0,1.0,0.46927872602275644,0.46927872602275644,0.3333333333333333,0.3333333333333333,0.3333333333333333,0.3333333333333333
mr3_cross_lif-checkout_podfail_x_cart_cpu_x_pricing_cpu-k8s-v2-formal-r1-20260818075720,t05,triple,3,checkout;cart;pricing,RCD_seed2,resource,cart,cart,1.0,1.0,1.0,0.3333333333333333,0.0,0.0,0.0,1.0,0.46927872602275644,0.46927872602275644,0.3333333333333333,0.3333333333333333,0.3333333333333333,0.3333333333333333
mr3_cross_lif-checkout_podfail_x_cart_cpu_x_pricing_cpu-k8s-v2-formal-r1-20260818075720,t05,triple,3,checkout;cart;pricing,RCD_seed3,resource,cart,cart,1.0,1.0,1.0,0.3333333333333333,0.0,0.0,0.0,1.0,0.46927872602275644,0.46927872602275644,0.3333333333333333,0.3333333333333333,0.3333333333333333,0.3333333333333333
mr3_cross_lif-checkout_podfail_x_cart_cpu_x_pricing_cpu-k8s-v2-formal-r1-20260818075720,t05,triple,3,checkout;cart;pricing,RCD_seed4,resource,cart,cart,1.0,1.0,1.0,0.3333333333333333,0.0,0.0,0.0,1.0,0.46927872602275644,0.46927872602275644,0.3333333333333333,0.3333333333333333,0.3333333333333333,0.3333333333333333
mr3_cross_lif-checkout_podfail_x_cart_cpu_x_pricing_cpu-k8s-v2-formal-r1-20260818075720,t05,triple,3,checkout;cart;pricing,delta_ratio,resource,pricing,pricing;cart;host;checkout;catalog,1.0,1.0,1.0,0.6666666666666666,0.0,0.0,1.0,1.0,0.7653606369886217,0.9674679834891693,0.3333333333333333,0.6666666666666666,1.0,0.5833333333333334
mr3_cross_lif-checkout_podfail_x_cart_cpu_x_pricing_cpu-k8s-v2-formal-r1-20260818075720,t05,triple,3,checkout;cart;pricing,delta_z,resource,checkout,checkout;pricing;cart;host;sasrec,1.0,1.0,1.0,1.0,0.0,1.0,1.0,1.0,1.0,1.0,0.3333333333333333,1.0,1.0,0.611111111111111
mr1_single_res-service_cpu_single-k8s-v2-formal-r1-20260818080054,s09,single,1,order,BARO,full,catalog-gw,catalog-gw;order;inventory;user;pricing,0.0,1.0,1.0,0.0,0.0,1.0,1.0,0.0,0.6309297535714575,0.6309297535714575,0.0,1.0,1.0,0.5
mr1_single_res-service_cpu_single-k8s-v2-formal-r1-20260818080054,s09,single,1,order,RCD_seed0,full,cart,cart;search,0.0,0.0,0.0,0.0,0.0,0.0,0.0,0.0,0.0,0.0,0.0,0.0,0.0,0.0
mr1_single_res-service_cpu_single-k8s-v2-formal-r1-20260818080054,s09,single,1,order,RCD_seed1,full,inventory,inventory;catalog-gw,0.0,0.0,0.0,0.0,0.0,0.0,0.0,0.0,0.0,0.0,0.0,0.0,0.0,0.0
mr1_single_res-service_cpu_single-k8s-v2-formal-r1-20260818080054,s09,single,1,order,RCD_seed2,full,review-query,review-query;backend,0.0,0.0,0.0,0.0,0.0,0.0,0.0,0.0,0.0,0.0,0.0,0.0,0.0,0.0
mr1_single_res-service_cpu_single-k8s-v2-formal-r1-20260818080054,s09,single,1,order,RCD_seed3,full,user,user;cart,0.0,0.0,0.0,0.0,0.0,0.0,0.0,0.0,0.0,0.0,0.0,0.0,0.0,0.0
mr1_single_res-service_cpu_single-k8s-v2-formal-r1-20260818080054,s09,single,1,order,RCD_seed4,full,backend,backend;order,0.0,1.0,1.0,0.0,0.0,1.0,1.0,0.0,0.6309297535714575,0.6309297535714575,0.0,1.0,1.0,0.5
mr1_single_res-service_cpu_single-k8s-v2-formal-r1-20260818080054,s09,single,1,order,delta_ratio,full,order,order;host;search;user;cart,1.0,1.0,1.0,1.0,1.0,1.0,1.0,1.0,1.0,1.0,1.0,1.0,1.0,1.0
mr1_single_res-service_cpu_single-k8s-v2-formal-r1-20260818080054,s09,single,1,order,delta_z,full,order,order;catalog-gw;pricing;mysql;user,1.0,1.0,1.0,1.0,1.0,1.0,1.0,1.0,1.0,1.0,1.0,1.0,1.0,1.0
mr1_single_res-service_cpu_single-k8s-v2-formal-r1-20260818080054,s09,single,1,order,BARO,resource,catalog-gw,catalog-gw;order;checkout;catalog;pricing,0.0,1.0,1.0,0.0,0.0,1.0,1.0,0.0,0.6309297535714575,0.6309297535714575,0.0,1.0,1.0,0.5
mr1_single_res-service_cpu_single-k8s-v2-formal-r1-20260818080054,s09,single,1,order,RCD_seed0,resource,catalog,catalog;search,0.0,0.0,0.0,0.0,0.0,0.0,0.0,0.0,0.0,0.0,0.0,0.0,0.0,0.0
mr1_single_res-service_cpu_single-k8s-v2-formal-r1-20260818080054,s09,single,1,order,RCD_seed1,resource,order,order;checkout,1.0,1.0,1.0,1.0,1.0,1.0,1.0,1.0,1.0,1.0,1.0,1.0,1.0,1.0
mr1_single_res-service_cpu_single-k8s-v2-formal-r1-20260818080054,s09,single,1,order,RCD_seed2,resource,order,order;checkout,1.0,1.0,1.0,1.0,1.0,1.0,1.0,1.0,1.0,1.0,1.0,1.0,1.0,1.0
mr1_single_res-service_cpu_single-k8s-v2-formal-r1-20260818080054,s09,single,1,order,RCD_seed3,resource,order,order;inventory,1.0,1.0,1.0,1.0,1.0,1.0,1.0,1.0,1.0,1.0,1.0,1.0,1.0,1.0
mr1_single_res-service_cpu_single-k8s-v2-formal-r1-20260818080054,s09,single,1,order,RCD_seed4,resource,order,order;pricing,1.0,1.0,1.0,1.0,1.0,1.0,1.0,1.0,1.0,1.0,1.0,1.0,1.0,1.0
mr1_single_res-service_cpu_single-k8s-v2-formal-r1-20260818080054,s09,single,1,order,delta_ratio,resource,order,order;host;cart;mysql;catalog-gw,1.0,1.0,1.0,1.0,1.0,1.0,1.0,1.0,1.0,1.0,1.0,1.0,1.0,1.0
mr1_single_res-service_cpu_single-k8s-v2-formal-r1-20260818080054,s09,single,1,order,delta_z,resource,order,order;catalog-gw;pricing;mysql;user,1.0,1.0,1.0,1.0,1.0,1.0,1.0,1.0,1.0,1.0,1.0,1.0,1.0,1.0
mr2_intra_res-cart_cpu_x_order_cpu-k8s-v2-formal-r1-20260818081434,d18,dual,2,cart;order,BARO,full,order,order;cart;host;catalog-gw;pricing,1.0,1.0,1.0,1.0,0.0,1.0,1.0,1.0,1.0,1.0,0.5,1.0,1.0,0.75
mr2_intra_res-cart_cpu_x_order_cpu-k8s-v2-formal-r1-20260818081434,d18,dual,2,cart;order,RCD_seed0,full,pricing,pricing,0.0,0.0,0.0,0.0,0.0,0.0,0.0,0.0,0.0,0.0,0.0,0.0,0.0,0.0
mr2_intra_res-cart_cpu_x_order_cpu-k8s-v2-formal-r1-20260818081434,d18,dual,2,cart;order,RCD_seed1,full,pricing,pricing,0.0,0.0,0.0,0.0,0.0,0.0,0.0,0.0,0.0,0.0,0.0,0.0,0.0,0.0
mr2_intra_res-cart_cpu_x_order_cpu-k8s-v2-formal-r1-20260818081434,d18,dual,2,cart;order,RCD_seed2,full,pricing,pricing,0.0,0.0,0.0,0.0,0.0,0.0,0.0,0.0,0.0,0.0,0.0,0.0,0.0,0.0
mr2_intra_res-cart_cpu_x_order_cpu-k8s-v2-formal-r1-20260818081434,d18,dual,2,cart;order,RCD_seed3,full,pricing,pricing,0.0,0.0,0.0,0.0,0.0,0.0,0.0,0.0,0.0,0.0,0.0,0.0,0.0,0.0
mr2_intra_res-cart_cpu_x_order_cpu-k8s-v2-formal-r1-20260818081434,d18,dual,2,cart;order,RCD_seed4,full,pricing,pricing,0.0,0.0,0.0,0.0,0.0,0.0,0.0,0.0,0.0,0.0,0.0,0.0,0.0,0.0
mr2_intra_res-cart_cpu_x_order_cpu-k8s-v2-formal-r1-20260818081434,d18,dual,2,cart;order,delta_ratio,full,order,order;cart;host;mysql;checkout,1.0,1.0,1.0,1.0,0.0,1.0,1.0,1.0,1.0,1.0,0.5,1.0,1.0,0.75
mr2_intra_res-cart_cpu_x_order_cpu-k8s-v2-formal-r1-20260818081434,d18,dual,2,cart;order,delta_z,full,order,order;cart;host;mysql;backend,1.0,1.0,1.0,1.0,0.0,1.0,1.0,1.0,1.0,1.0,0.5,1.0,1.0,0.75
mr2_intra_res-cart_cpu_x_order_cpu-k8s-v2-formal-r1-20260818081434,d18,dual,2,cart;order,BARO,resource,order,order;cart;host;catalog-gw;catalog,1.0,1.0,1.0,1.0,0.0,1.0,1.0,1.0,1.0,1.0,0.5,1.0,1.0,0.75
mr2_intra_res-cart_cpu_x_order_cpu-k8s-v2-formal-r1-20260818081434,d18,dual,2,cart;order,RCD_seed0,resource,pricing,pricing,0.0,0.0,0.0,0.0,0.0,0.0,0.0,0.0,0.0,0.0,0.0,0.0,0.0,0.0
mr2_intra_res-cart_cpu_x_order_cpu-k8s-v2-formal-r1-20260818081434,d18,dual,2,cart;order,RCD_seed1,resource,pricing,pricing,0.0,0.0,0.0,0.0,0.0,0.0,0.0,0.0,0.0,0.0,0.0,0.0,0.0,0.0
mr2_intra_res-cart_cpu_x_order_cpu-k8s-v2-formal-r1-20260818081434,d18,dual,2,cart;order,RCD_seed2,resource,pricing,pricing,0.0,0.0,0.0,0.0,0.0,0.0,0.0,0.0,0.0,0.0,0.0,0.0,0.0,0.0
mr2_intra_res-cart_cpu_x_order_cpu-k8s-v2-formal-r1-20260818081434,d18,dual,2,cart;order,RCD_seed3,resource,pricing,pricing,0.0,0.0,0.0,0.0,0.0,0.0,0.0,0.0,0.0,0.0,0.0,0.0,0.0,0.0
mr2_intra_res-cart_cpu_x_order_cpu-k8s-v2-formal-r1-20260818081434,d18,dual,2,cart;order,RCD_seed4,resource,pricing,pricing,0.0,0.0,0.0,0.0,0.0,0.0,0.0,0.0,0.0,0.0,0.0,0.0,0.0,0.0
mr2_intra_res-cart_cpu_x_order_cpu-k8s-v2-formal-r1-20260818081434,d18,dual,2,cart;order,delta_ratio,resource,order,order;cart;host;mysql;review-query,1.0,1.0,1.0,1.0,0.0,1.0,1.0,1.0,1.0,1.0,0.5,1.0,1.0,0.75
mr2_intra_res-cart_cpu_x_order_cpu-k8s-v2-formal-r1-20260818081434,d18,dual,2,cart;order,delta_z,resource,order,order;cart;host;mysql;pricing,1.0,1.0,1.0,1.0,0.0,1.0,1.0,1.0,1.0,1.0,0.5,1.0,1.0,0.75
mr2_cross_dependency-catalog_latency_x_net_loss-k8s-v2-formal-r1-20260818083209,d13,dual,2,catalog;catalog-gw,BARO,full,catalog,catalog;checkout;pricing;search;review-query,1.0,1.0,1.0,0.5,0.0,0.0,0.0,1.0,0.6131471927654584,0.6131471927654584,0.5,0.5,0.5,0.5833333333333334
mr2_cross_dependency-catalog_latency_x_net_loss-k8s-v2-formal-r1-20260818083209,d13,dual,2,catalog;catalog-gw,RCD_seed0,full,cart,cart,0.0,0.0,0.0,0.0,0.0,0.0,0.0,0.0,0.0,0.0,0.0,0.0,0.0,0.0
mr2_cross_dependency-catalog_latency_x_net_loss-k8s-v2-formal-r1-20260818083209,d13,dual,2,catalog;catalog-gw,RCD_seed1,full,catalog,catalog,1.0,1.0,1.0,0.5,0.0,0.0,0.0,1.0,0.6131471927654584,0.6131471927654584,0.5,0.5,0.5,0.5
mr2_cross_dependency-catalog_latency_x_net_loss-k8s-v2-formal-r1-20260818083209,d13,dual,2,catalog;catalog-gw,RCD_seed2,full,catalog,catalog,1.0,1.0,1.0,0.5,0.0,0.0,0.0,1.0,0.6131471927654584,0.6131471927654584,0.5,0.5,0.5,0.5
mr2_cross_dependency-catalog_latency_x_net_loss-k8s-v2-formal-r1-20260818083209,d13,dual,2,catalog;catalog-gw,RCD_seed3,full,sasrec,sasrec;catalog,0.0,1.0,1.0,0.5,0.0,0.0,0.0,0.0,0.38685280723454163,0.38685280723454163,0.0,0.5,0.5,0.25
mr2_cross_dependency-catalog_latency_x_net_loss-k8s-v2-formal-r1-20260818083209,d13,dual,2,catalog;catalog-gw,RCD_seed4,full,catalog,catalog;sasrec,1.0,1.0,1.0,0.5,0.0,0.0,0.0,1.0,0.6131471927654584,0.6131471927654584,0.5,0.5,0.5,0.5
mr2_cross_dependency-catalog_latency_x_net_loss-k8s-v2-formal-r1-20260818083209,d13,dual,2,catalog;catalog-gw,delta_ratio,full,catalog,catalog;mysql;pricing;inventory;review-query,1.0,1.0,1.0,0.5,0.0,0.0,0.0,1.0,0.6131471927654584,0.6131471927654584,0.5,0.5,0.5,0.5714285714285714
mr2_cross_dependency-catalog_latency_x_net_loss-k8s-v2-formal-r1-20260818083209,d13,dual,2,catalog;catalog-gw,delta_z,full,catalog,catalog;mysql;sasrec;checkout;host,1.0,1.0,1.0,0.5,0.0,0.0,0.0,1.0,0.6131471927654584,0.6131471927654584,0.5,0.5,0.5,0.5555555555555556
mr2_cross_dependency-catalog_latency_x_net_loss-k8s-v2-formal-r1-20260818083209,d13,dual,2,catalog;catalog-gw,BARO,resource,catalog,catalog;catalog-gw;checkout;backend;pricing,1.0,1.0,1.0,1.0,0.0,1.0,1.0,1.0,1.0,1.0,0.5,1.0,1.0,0.75
mr2_cross_dependency-catalog_latency_x_net_loss-k8s-v2-formal-r1-20260818083209,d13,dual,2,catalog;catalog-gw,RCD_seed0,resource,catalog,catalog;order;cart;sasrec,1.0,1.0,1.0,0.5,0.0,0.0,0.0,1.0,0.6131471927654584,0.6131471927654584,0.5,0.5,0.5,0.5
mr2_cross_dependency-catalog_latency_x_net_loss-k8s-v2-formal-r1-20260818083209,d13,dual,2,catalog;catalog-gw,RCD_seed1,resource,cart,cart;sasrec,0.0,0.0,0.0,0.0,0.0,0.0,0.0,0.0,0.0,0.0,0.0,0.0,0.0,0.0
mr2_cross_dependency-catalog_latency_x_net_loss-k8s-v2-formal-r1-20260818083209,d13,dual,2,catalog;catalog-gw,RCD_seed2,resource,sasrec,sasrec;catalog,0.0,1.0,1.0,0.5,0.0,0.0,0.0,0.0,0.38685280723454163,0.38685280723454163,0.0,0.5,0.5,0.25
mr2_cross_dependency-catalog_latency_x_net_loss-k8s-v2-formal-r1-20260818083209,d13,dual,2,catalog;catalog-gw,RCD_seed3,resource,catalog,catalog,1.0,1.0,1.0,0.5,0.0,0.0,0.0,1.0,0.6131471927654584,0.6131471927654584,0.5,0.5,0.5,0.5
mr2_cross_dependency-catalog_latency_x_net_loss-k8s-v2-formal-r1-20260818083209,d13,dual,2,catalog;catalog-gw,RCD_seed4,resource,cart,cart;catalog;sasrec,0.0,1.0,1.0,0.5,0.0,0.0,0.0,0.0,0.38685280723454163,0.38685280723454163,0.0,0.5,0.5,0.25
mr2_cross_dependency-catalog_latency_x_net_loss-k8s-v2-formal-r1-20260818083209,d13,dual,2,catalog;catalog-gw,delta_ratio,resource,catalog,catalog;mysql;pricing;catalog-gw;checkout,1.0,1.0,1.0,0.5,0.0,0.0,1.0,1.0,0.6131471927654584,0.8772153153380493,0.5,0.5,1.0,0.625
mr2_cross_dependency-catalog_latency_x_net_loss-k8s-v2-formal-r1-20260818083209,d13,dual,2,catalog;catalog-gw,delta_z,resource,catalog,catalog;mysql;sasrec;host;checkout,1.0,1.0,1.0,0.5,0.0,0.0,0.0,1.0,0.6131471927654584,0.6131471927654584,0.5,0.5,0.5,0.5714285714285714
mr1_single_res-service_cpu_single-k8s-v2-formal-r1-20260818083950,s10,single,1,cart,BARO,full,cart,cart;checkout;host;backend;order,1.0,1.0,1.0,1.0,1.0,1.0,1.0,1.0,1.0,1.0,1.0,1.0,1.0,1.0
mr1_single_res-service_cpu_single-k8s-v2-formal-r1-20260818083950,s10,single,1,cart,RCD_seed0,full,user,user;review-query,0.0,0.0,0.0,0.0,0.0,0.0,0.0,0.0,0.0,0.0,0.0,0.0,0.0,0.0
mr1_single_res-service_cpu_single-k8s-v2-formal-r1-20260818083950,s10,single,1,cart,RCD_seed1,full,order,order;checkout,0.0,0.0,0.0,0.0,0.0,0.0,0.0,0.0,0.0,0.0,0.0,0.0,0.0,0.0
mr1_single_res-service_cpu_single-k8s-v2-formal-r1-20260818083950,s10,single,1,cart,RCD_seed2,full,cart,cart;search,1.0,1.0,1.0,1.0,1.0,1.0,1.0,1.0,1.0,1.0,1.0,1.0,1.0,1.0
mr1_single_res-service_cpu_single-k8s-v2-formal-r1-20260818083950,s10,single,1,cart,RCD_seed3,full,review-query,review-query;backend,0.0,0.0,0.0,0.0,0.0,0.0,0.0,0.0,0.0,0.0,0.0,0.0,0.0,0.0
mr1_single_res-service_cpu_single-k8s-v2-formal-r1-20260818083950,s10,single,1,cart,RCD_seed4,full,cart,cart;search,1.0,1.0,1.0,1.0,1.0,1.0,1.0,1.0,1.0,1.0,1.0,1.0,1.0,1.0
mr1_single_res-service_cpu_single-k8s-v2-formal-r1-20260818083950,s10,single,1,cart,delta_ratio,full,cart,cart;order;catalog-gw;catalog;pricing,1.0,1.0,1.0,1.0,1.0,1.0,1.0,1.0,1.0,1.0,1.0,1.0,1.0,1.0
mr1_single_res-service_cpu_single-k8s-v2-formal-r1-20260818083950,s10,single,1,cart,delta_z,full,sasrec,sasrec;order;pricing;search;review-query,0.0,0.0,0.0,0.0,0.0,0.0,0.0,0.0,0.0,0.0,0.0,0.0,0.0,0.14285714285714285
mr1_single_res-service_cpu_single-k8s-v2-formal-r1-20260818083950,s10,single,1,cart,BARO,resource,cart,cart;host;checkout;catalog-gw;catalog,1.0,1.0,1.0,1.0,1.0,1.0,1.0,1.0,1.0,1.0,1.0,1.0,1.0,1.0
mr1_single_res-service_cpu_single-k8s-v2-formal-r1-20260818083950,s10,single,1,cart,RCD_seed0,resource,search,search;cart,0.0,1.0,1.0,0.0,0.0,1.0,1.0,0.0,0.6309297535714575,0.6309297535714575,0.0,1.0,1.0,0.5
mr1_single_res-service_cpu_single-k8s-v2-formal-r1-20260818083950,s10,single,1,cart,RCD_seed1,resource,catalog,catalog;checkout;cart,0.0,1.0,1.0,0.0,0.0,1.0,1.0,0.0,0.5,0.5,0.0,1.0,1.0,0.3333333333333333
mr1_single_res-service_cpu_single-k8s-v2-formal-r1-20260818083950,s10,single,1,cart,RCD_seed2,resource,review-query,review-query;user,0.0,0.0,0.0,0.0,0.0,0.0,0.0,0.0,0.0,0.0,0.0,0.0,0.0,0.0
mr1_single_res-service_cpu_single-k8s-v2-formal-r1-20260818083950,s10,single,1,cart,RCD_seed3,resource,cart,cart;checkout,1.0,1.0,1.0,1.0,1.0,1.0,1.0,1.0,1.0,1.0,1.0,1.0,1.0,1.0
mr1_single_res-service_cpu_single-k8s-v2-formal-r1-20260818083950,s10,single,1,cart,RCD_seed4,resource,search,search;pricing,0.0,0.0,0.0,0.0,0.0,0.0,0.0,0.0,0.0,0.0,0.0,0.0,0.0,0.0
mr1_single_res-service_cpu_single-k8s-v2-formal-r1-20260818083950,s10,single,1,cart,delta_ratio,resource,order,order;catalog-gw;cart;catalog;pricing,0.0,1.0,1.0,0.0,0.0,1.0,1.0,0.0,0.5,0.5,0.0,1.0,1.0,0.3333333333333333
mr1_single_res-service_cpu_single-k8s-v2-formal-r1-20260818083950,s10,single,1,cart,delta_z,resource,sasrec,sasrec;order;pricing;search;review-query,0.0,0.0,0.0,0.0,0.0,0.0,0.0,0.0,0.0,0.0,0.0,0.0,0.0,0.14285714285714285
mr2_cross_res-catalog_latency_x_svc_cpu-k8s-v2-formal-r1-20260818084742,d15,single,1,catalog,BARO,full,catalog,catalog;checkout;pricing;review-query;search,1.0,1.0,1.0,1.0,1.0,1.0,1.0,1.0,1.0,1.0,1.0,1.0,1.0,1.0
mr2_cross_res-catalog_latency_x_svc_cpu-k8s-v2-formal-r1-20260818084742,d15,single,1,catalog,RCD_seed0,full,pricing,pricing,0.0,0.0,0.0,0.0,0.0,0.0,0.0,0.0,0.0,0.0,0.0,0.0,0.0,0.0
mr2_cross_res-catalog_latency_x_svc_cpu-k8s-v2-formal-r1-20260818084742,d15,single,1,catalog,RCD_seed1,full,review-query,review-query;search;order;pricing,0.0,0.0,0.0,0.0,0.0,0.0,0.0,0.0,0.0,0.0,0.0,0.0,0.0,0.0
mr2_cross_res-catalog_latency_x_svc_cpu-k8s-v2-formal-r1-20260818084742,d15,single,1,catalog,RCD_seed2,full,review-query,review-query;checkout;pricing,0.0,0.0,0.0,0.0,0.0,0.0,0.0,0.0,0.0,0.0,0.0,0.0,0.0,0.0
mr2_cross_res-catalog_latency_x_svc_cpu-k8s-v2-formal-r1-20260818084742,d15,single,1,catalog,RCD_seed3,full,catalog,catalog;sasrec,1.0,1.0,1.0,1.0,1.0,1.0,1.0,1.0,1.0,1.0,1.0,1.0,1.0,1.0
mr2_cross_res-catalog_latency_x_svc_cpu-k8s-v2-formal-r1-20260818084742,d15,single,1,catalog,RCD_seed4,full,search,search;order;catalog;pricing,0.0,1.0,1.0,0.0,0.0,1.0,1.0,0.0,0.5,0.5,0.0,1.0,1.0,0.3333333333333333
mr2_cross_res-catalog_latency_x_svc_cpu-k8s-v2-formal-r1-20260818084742,d15,single,1,catalog,delta_ratio,full,catalog,catalog;pricing;host;search;review-query,1.0,1.0,1.0,1.0,1.0,1.0,1.0,1.0,1.0,1.0,1.0,1.0,1.0,1.0
mr2_cross_res-catalog_latency_x_svc_cpu-k8s-v2-formal-r1-20260818084742,d15,single,1,catalog,delta_z,full,catalog,catalog;pricing;host;search;checkout,1.0,1.0,1.0,1.0,1.0,1.0,1.0,1.0,1.0,1.0,1.0,1.0,1.0,1.0
mr2_cross_res-catalog_latency_x_svc_cpu-k8s-v2-formal-r1-20260818084742,d15,single,1,catalog,BARO,resource,catalog,catalog;host;user;pricing;review-query,1.0,1.0,1.0,1.0,1.0,1.0,1.0,1.0,1.0,1.0,1.0,1.0,1.0,1.0
mr2_cross_res-catalog_latency_x_svc_cpu-k8s-v2-formal-r1-20260818084742,d15,single,1,catalog,RCD_seed0,resource,sasrec,sasrec,0.0,0.0,0.0,0.0,0.0,0.0,0.0,0.0,0.0,0.0,0.0,0.0,0.0,0.0
mr2_cross_res-catalog_latency_x_svc_cpu-k8s-v2-formal-r1-20260818084742,d15,single,1,catalog,RCD_seed1,resource,sasrec,sasrec;order,0.0,0.0,0.0,0.0,0.0,0.0,0.0,0.0,0.0,0.0,0.0,0.0,0.0,0.0
mr2_cross_res-catalog_latency_x_svc_cpu-k8s-v2-formal-r1-20260818084742,d15,single,1,catalog,RCD_seed2,resource,pricing,pricing;sasrec,0.0,0.0,0.0,0.0,0.0,0.0,0.0,0.0,0.0,0.0,0.0,0.0,0.0,0.0
mr2_cross_res-catalog_latency_x_svc_cpu-k8s-v2-formal-r1-20260818084742,d15,single,1,catalog,RCD_seed3,resource,sasrec,sasrec;catalog,0.0,1.0,1.0,0.0,0.0,1.0,1.0,0.0,0.6309297535714575,0.6309297535714575,0.0,1.0,1.0,0.5
mr2_cross_res-catalog_latency_x_svc_cpu-k8s-v2-formal-r1-20260818084742,d15,single,1,catalog,RCD_seed4,resource,catalog,catalog;sasrec,1.0,1.0,1.0,1.0,1.0,1.0,1.0,1.0,1.0,1.0,1.0,1.0,1.0,1.0
mr2_cross_res-catalog_latency_x_svc_cpu-k8s-v2-formal-r1-20260818084742,d15,single,1,catalog,delta_ratio,resource,catalog,catalog;host;search;review-query;pricing,1.0,1.0,1.0,1.0,1.0,1.0,1.0,1.0,1.0,1.0,1.0,1.0,1.0,1.0
mr2_cross_res-catalog_latency_x_svc_cpu-k8s-v2-formal-r1-20260818084742,d15,single,1,catalog,delta_z,resource,catalog,catalog;host;sasrec;user;search,1.0,1.0,1.0,1.0,1.0,1.0,1.0,1.0,1.0,1.0,1.0,1.0,1.0,1.0
mr3_mixed_class_dependency-inv_latency_x_cfg_timeout_x_retry-k8s-v2-formal-r1-20260818085715,t02,dual,2,inventory;catalog-gw,BARO,full,checkout,checkout;pricing;inventory;catalog-gw;catalog,0.0,1.0,1.0,0.0,0.0,0.0,1.0,0.0,0.3065735963827292,0.5706417189553201,0.0,0.5,1.0,0.29166666666666663
mr3_mixed_class_dependency-inv_latency_x_cfg_timeout_x_retry-k8s-v2-formal-r1-20260818085715,t02,dual,2,inventory;catalog-gw,RCD_seed0,full,catalog,catalog;inventory,0.0,1.0,1.0,0.5,0.0,0.0,0.0,0.0,0.38685280723454163,0.38685280723454163,0.0,0.5,0.5,0.25
mr3_mixed_class_dependency-inv_latency_x_cfg_timeout_x_retry-k8s-v2-formal-r1-20260818085715,t02,dual,2,inventory;catalog-gw,RCD_seed1,full,inventory,inventory,1.0,1.0,1.0,0.5,0.0,0.0,0.0,1.0,0.6131471927654584,0.6131471927654584,0.5,0.5,0.5,0.5
mr3_mixed_class_dependency-inv_latency_x_cfg_timeout_x_retry-k8s-v2-formal-r1-20260818085715,t02,dual,2,inventory;catalog-gw,RCD_seed2,full,inventory,inventory,1.0,1.0,1.0,0.5,0.0,0.0,0.0,1.0,0.6131471927654584,0.6131471927654584,0.5,0.5,0.5,0.5
mr3_mixed_class_dependency-inv_latency_x_cfg_timeout_x_retry-k8s-v2-formal-r1-20260818085715,t02,dual,2,inventory;catalog-gw,RCD_seed3,full,inventory,inventory,1.0,1.0,1.0,0.5,0.0,0.0,0.0,1.0,0.6131471927654584,0.6131471927654584,0.5,0.5,0.5,0.5
mr3_mixed_class_dependency-inv_latency_x_cfg_timeout_x_retry-k8s-v2-formal-r1-20260818085715,t02,dual,2,inventory;catalog-gw,RCD_seed4,full,inventory,inventory;checkout,1.0,1.0,1.0,0.5,0.0,0.0,0.0,1.0,0.6131471927654584,0.6131471927654584,0.5,0.5,0.5,0.5
mr3_mixed_class_dependency-inv_latency_x_cfg_timeout_x_retry-k8s-v2-formal-r1-20260818085715,t02,dual,2,inventory;catalog-gw,delta_ratio,full,pricing,pricing;checkout;inventory;catalog;mysql,0.0,1.0,1.0,0.0,0.0,0.0,0.0,0.0,0.3065735963827292,0.3065735963827292,0.0,0.5,0.5,0.2222222222222222
mr3_mixed_class_dependency-inv_latency_x_cfg_timeout_x_retry-k8s-v2-formal-r1-20260818085715,t02,dual,2,inventory;catalog-gw,delta_z,full,inventory,inventory;pricing;checkout;mysql;sasrec,1.0,1.0,1.0,0.5,0.0,0.0,0.0,1.0,0.6131471927654584,0.6131471927654584,0.5,0.5,0.5,0.5625
mr3_mixed_class_dependency-inv_latency_x_cfg_timeout_x_retry-k8s-v2-formal-r1-20260818085715,t02,dual,2,inventory;catalog-gw,BARO,resource,inventory,inventory;catalog-gw;catalog;pricing;user,1.0,1.0,1.0,1.0,0.0,1.0,1.0,1.0,1.0,1.0,0.5,1.0,1.0,0.75
mr3_mixed_class_dependency-inv_latency_x_cfg_timeout_x_retry-k8s-v2-formal-r1-20260818085715,t02,dual,2,inventory;catalog-gw,RCD_seed0,resource,catalog,catalog;inventory,0.0,1.0,1.0,0.5,0.0,0.0,0.0,0.0,0.38685280723454163,0.38685280723454163,0.0,0.5,0.5,0.25
mr3_mixed_class_dependency-inv_latency_x_cfg_timeout_x_retry-k8s-v2-formal-r1-20260818085715,t02,dual,2,inventory;catalog-gw,RCD_seed1,resource,inventory,inventory;catalog,1.0,1.0,1.0,0.5,0.0,0.0,0.0,1.0,0.6131471927654584,0.6131471927654584,0.5,0.5,0.5,0.5
mr3_mixed_class_dependency-inv_latency_x_cfg_timeout_x_retry-k8s-v2-formal-r1-20260818085715,t02,dual,2,inventory;catalog-gw,RCD_seed2,resource,catalog,catalog,0.0,0.0,0.0,0.0,0.0,0.0,0.0,0.0,0.0,0.0,0.0,0.0,0.0,0.0
mr3_mixed_class_dependency-inv_latency_x_cfg_timeout_x_retry-k8s-v2-formal-r1-20260818085715,t02,dual,2,inventory;catalog-gw,RCD_seed3,resource,inventory,inventory;catalog,1.0,1.0,1.0,0.5,0.0,0.0,0.0,1.0,0.6131471927654584,0.6131471927654584,0.5,0.5,0.5,0.5
mr3_mixed_class_dependency-inv_latency_x_cfg_timeout_x_retry-k8s-v2-formal-r1-20260818085715,t02,dual,2,inventory;catalog-gw,RCD_seed4,resource,inventory,inventory;catalog,1.0,1.0,1.0,0.5,0.0,0.0,0.0,1.0,0.6131471927654584,0.6131471927654584,0.5,0.5,0.5,0.5
mr3_mixed_class_dependency-inv_latency_x_cfg_timeout_x_retry-k8s-v2-formal-r1-20260818085715,t02,dual,2,inventory;catalog-gw,delta_ratio,resource,mysql,mysql;inventory;catalog;checkout;pricing,0.0,1.0,1.0,0.5,0.0,0.0,0.0,0.0,0.38685280723454163,0.38685280723454163,0.0,0.5,0.5,0.3055555555555556
mr3_mixed_class_dependency-inv_latency_x_cfg_timeout_x_retry-k8s-v2-formal-r1-20260818085715,t02,dual,2,inventory;catalog-gw,delta_z,resource,inventory,inventory;mysql;sasrec;catalog;host,1.0,1.0,1.0,0.5,0.0,0.0,0.0,1.0,0.6131471927654584,0.6131471927654584,0.5,0.5,0.5,0.5833333333333334
mr1_single_res-service_cpu_single-k8s-v2-formal-r1-20260818090016,s13,single,1,checkout,BARO,full,checkout,checkout;sasrec;host;pricing;rec-agent,1.0,1.0,1.0,1.0,1.0,1.0,1.0,1.0,1.0,1.0,1.0,1.0,1.0,1.0
mr1_single_res-service_cpu_single-k8s-v2-formal-r1-20260818090016,s13,single,1,checkout,RCD_seed0,full,search,search;user,0.0,0.0,0.0,0.0,0.0,0.0,0.0,0.0,0.0,0.0,0.0,0.0,0.0,0.0
mr1_single_res-service_cpu_single-k8s-v2-formal-r1-20260818090016,s13,single,1,checkout,RCD_seed1,full,order,order;checkout;pricing,0.0,1.0,1.0,0.0,0.0,1.0,1.0,0.0,0.6309297535714575,0.6309297535714575,0.0,1.0,1.0,0.5
mr1_single_res-service_cpu_single-k8s-v2-formal-r1-20260818090016,s13,single,1,checkout,RCD_seed2,full,backend,backend;catalog,0.0,0.0,0.0,0.0,0.0,0.0,0.0,0.0,0.0,0.0,0.0,0.0,0.0,0.0
mr1_single_res-service_cpu_single-k8s-v2-formal-r1-20260818090016,s13,single,1,checkout,RCD_seed3,full,backend,backend;search,0.0,0.0,0.0,0.0,0.0,0.0,0.0,0.0,0.0,0.0,0.0,0.0,0.0,0.0
mr1_single_res-service_cpu_single-k8s-v2-formal-r1-20260818090016,s13,single,1,checkout,RCD_seed4,full,cart,cart;sasrec,0.0,0.0,0.0,0.0,0.0,0.0,0.0,0.0,0.0,0.0,0.0,0.0,0.0,0.0
mr1_single_res-service_cpu_single-k8s-v2-formal-r1-20260818090016,s13,single,1,checkout,delta_ratio,full,checkout,checkout;host;cart;review-query;search,1.0,1.0,1.0,1.0,1.0,1.0,1.0,1.0,1.0,1.0,1.0,1.0,1.0,1.0
mr1_single_res-service_cpu_single-k8s-v2-formal-r1-20260818090016,s13,single,1,checkout,delta_z,full,catalog,catalog;checkout;order;backend;host,0.0,1.0,1.0,0.0,0.0,1.0,1.0,0.0,0.6309297535714575,0.6309297535714575,0.0,1.0,1.0,0.5
mr1_single_res-service_cpu_single-k8s-v2-formal-r1-20260818090016,s13,single,1,checkout,BARO,resource,checkout,checkout;sasrec;host;pricing;catalog-gw,1.0,1.0,1.0,1.0,1.0,1.0,1.0,1.0,1.0,1.0,1.0,1.0,1.0,1.0
mr1_single_res-service_cpu_single-k8s-v2-formal-r1-20260818090016,s13,single,1,checkout,RCD_seed0,resource,user,user;cart;order,0.0,0.0,0.0,0.0,0.0,0.0,0.0,0.0,0.0,0.0,0.0,0.0,0.0,0.0
mr1_single_res-service_cpu_single-k8s-v2-formal-r1-20260818090016,s13,single,1,checkout,RCD_seed1,resource,checkout,checkout;sasrec,1.0,1.0,1.0,1.0,1.0,1.0,1.0,1.0,1.0,1.0,1.0,1.0,1.0,1.0
mr1_single_res-service_cpu_single-k8s-v2-formal-r1-20260818090016,s13,single,1,checkout,RCD_seed2,resource,inventory,inventory;user,0.0,0.0,0.0,0.0,0.0,0.0,0.0,0.0,0.0,0.0,0.0,0.0,0.0,0.0
mr1_single_res-service_cpu_single-k8s-v2-formal-r1-20260818090016,s13,single,1,checkout,RCD_seed3,resource,cart,cart;sasrec,0.0,0.0,0.0,0.0,0.0,0.0,0.0,0.0,0.0,0.0,0.0,0.0,0.0,0.0
mr1_single_res-service_cpu_single-k8s-v2-formal-r1-20260818090016,s13,single,1,checkout,RCD_seed4,resource,backend,backend,0.0,0.0,0.0,0.0,0.0,0.0,0.0,0.0,0.0,0.0,0.0,0.0,0.0,0.0
mr1_single_res-service_cpu_single-k8s-v2-formal-r1-20260818090016,s13,single,1,checkout,delta_ratio,resource,checkout,checkout;host;review-query;catalog-gw;catalog,1.0,1.0,1.0,1.0,1.0,1.0,1.0,1.0,1.0,1.0,1.0,1.0,1.0,1.0
mr1_single_res-service_cpu_single-k8s-v2-formal-r1-20260818090016,s13,single,1,checkout,delta_z,resource,catalog,catalog;checkout;order;backend;host,0.0,1.0,1.0,0.0,0.0,1.0,1.0,0.0,0.6309297535714575,0.6309297535714575,0.0,1.0,1.0,0.5
mr2_intra_res-recagent_cpu_x_backend_cpu-k8s-v2-formal-r1-20260818091404,d20,dual,2,rec-agent;backend,BARO,full,backend,backend;rec-agent;cart;inventory;catalog-gw,1.0,1.0,1.0,1.0,0.0,1.0,1.0,1.0,1.0,1.0,0.5,1.0,1.0,0.75
mr2_intra_res-recagent_cpu_x_backend_cpu-k8s-v2-formal-r1-20260818091404,d20,dual,2,rec-agent;backend,RCD_seed0,full,checkout,checkout,0.0,0.0,0.0,0.0,0.0,0.0,0.0,0.0,0.0,0.0,0.0,0.0,0.0,0.0
mr2_intra_res-recagent_cpu_x_backend_cpu-k8s-v2-formal-r1-20260818091404,d20,dual,2,rec-agent;backend,RCD_seed1,full,checkout,checkout,0.0,0.0,0.0,0.0,0.0,0.0,0.0,0.0,0.0,0.0,0.0,0.0,0.0,0.0
mr2_intra_res-recagent_cpu_x_backend_cpu-k8s-v2-formal-r1-20260818091404,d20,dual,2,rec-agent;backend,RCD_seed2,full,checkout,checkout,0.0,0.0,0.0,0.0,0.0,0.0,0.0,0.0,0.0,0.0,0.0,0.0,0.0,0.0
mr2_intra_res-recagent_cpu_x_backend_cpu-k8s-v2-formal-r1-20260818091404,d20,dual,2,rec-agent;backend,RCD_seed3,full,checkout,checkout,0.0,0.0,0.0,0.0,0.0,0.0,0.0,0.0,0.0,0.0,0.0,0.0,0.0,0.0
mr2_intra_res-recagent_cpu_x_backend_cpu-k8s-v2-formal-r1-20260818091404,d20,dual,2,rec-agent;backend,RCD_seed4,full,checkout,checkout,0.0,0.0,0.0,0.0,0.0,0.0,0.0,0.0,0.0,0.0,0.0,0.0,0.0,0.0
mr2_intra_res-recagent_cpu_x_backend_cpu-k8s-v2-formal-r1-20260818091404,d20,dual,2,rec-agent;backend,delta_ratio,full,rec-agent,rec-agent;backend;host;cart;inventory,1.0,1.0,1.0,1.0,0.0,1.0,1.0,1.0,1.0,1.0,0.5,1.0,1.0,0.75
mr2_intra_res-recagent_cpu_x_backend_cpu-k8s-v2-formal-r1-20260818091404,d20,dual,2,rec-agent;backend,delta_z,full,rec-agent,rec-agent;backend;host;mysql;sasrec,1.0,1.0,1.0,1.0,0.0,1.0,1.0,1.0,1.0,1.0,0.5,1.0,1.0,0.75
mr2_intra_res-recagent_cpu_x_backend_cpu-k8s-v2-formal-r1-20260818091404,d20,dual,2,rec-agent;backend,BARO,resource,backend,backend;rec-agent;catalog-gw;host;order,1.0,1.0,1.0,1.0,0.0,1.0,1.0,1.0,1.0,1.0,0.5,1.0,1.0,0.75
mr2_intra_res-recagent_cpu_x_backend_cpu-k8s-v2-formal-r1-20260818091404,d20,dual,2,rec-agent;backend,RCD_seed0,resource,checkout,checkout,0.0,0.0,0.0,0.0,0.0,0.0,0.0,0.0,0.0,0.0,0.0,0.0,0.0,0.0
mr2_intra_res-recagent_cpu_x_backend_cpu-k8s-v2-formal-r1-20260818091404,d20,dual,2,rec-agent;backend,RCD_seed1,resource,checkout,checkout,0.0,0.0,0.0,0.0,0.0,0.0,0.0,0.0,0.0,0.0,0.0,0.0,0.0,0.0
mr2_intra_res-recagent_cpu_x_backend_cpu-k8s-v2-formal-r1-20260818091404,d20,dual,2,rec-agent;backend,RCD_seed2,resource,checkout,checkout,0.0,0.0,0.0,0.0,0.0,0.0,0.0,0.0,0.0,0.0,0.0,0.0,0.0,0.0
mr2_intra_res-recagent_cpu_x_backend_cpu-k8s-v2-formal-r1-20260818091404,d20,dual,2,rec-agent;backend,RCD_seed3,resource,checkout,checkout,0.0,0.0,0.0,0.0,0.0,0.0,0.0,0.0,0.0,0.0,0.0,0.0,0.0,0.0
mr2_intra_res-recagent_cpu_x_backend_cpu-k8s-v2-formal-r1-20260818091404,d20,dual,2,rec-agent;backend,RCD_seed4,resource,checkout,checkout,0.0,0.0,0.0,0.0,0.0,0.0,0.0,0.0,0.0,0.0,0.0,0.0,0.0,0.0
mr2_intra_res-recagent_cpu_x_backend_cpu-k8s-v2-formal-r1-20260818091404,d20,dual,2,rec-agent;backend,delta_ratio,resource,rec-agent,rec-agent;backend;host;mysql;catalog,1.0,1.0,1.0,1.0,0.0,1.0,1.0,1.0,1.0,1.0,0.5,1.0,1.0,0.75
mr2_intra_res-recagent_cpu_x_backend_cpu-k8s-v2-formal-r1-20260818091404,d20,dual,2,rec-agent;backend,delta_z,resource,rec-agent,rec-agent;backend;host;mysql;sasrec,1.0,1.0,1.0,1.0,0.0,1.0,1.0,1.0,1.0,1.0,0.5,1.0,1.0,0.75
mr2_intra_net-net_delay_x_net_loss-k8s-v2-formal-r1-20260818091851,d02,single,1,catalog-gw,BARO,full,pricing,pricing;checkout;cart;review-query;inventory,0.0,0.0,0.0,0.0,0.0,0.0,0.0,0.0,0.0,0.0,0.0,0.0,0.0,0.08333333333333333
mr2_intra_net-net_delay_x_net_loss-k8s-v2-formal-r1-20260818091851,d02,single,1,catalog-gw,RCD_seed0,full,checkout,checkout;cart,0.0,0.0,0.0,0.0,0.0,0.0,0.0,0.0,0.0,0.0,0.0,0.0,0.0,0.0
mr2_intra_net-net_delay_x_net_loss-k8s-v2-formal-r1-20260818091851,d02,single,1,catalog-gw,RCD_seed1,full,cart,cart,0.0,0.0,0.0,0.0,0.0,0.0,0.0,0.0,0.0,0.0,0.0,0.0,0.0,0.0
mr2_intra_net-net_delay_x_net_loss-k8s-v2-formal-r1-20260818091851,d02,single,1,catalog-gw,RCD_seed2,full,cart,cart;checkout,0.0,0.0,0.0,0.0,0.0,0.0,0.0,0.0,0.0,0.0,0.0,0.0,0.0,0.0
mr2_intra_net-net_delay_x_net_loss-k8s-v2-formal-r1-20260818091851,d02,single,1,catalog-gw,RCD_seed3,full,cart,cart,0.0,0.0,0.0,0.0,0.0,0.0,0.0,0.0,0.0,0.0,0.0,0.0,0.0,0.0
mr2_intra_net-net_delay_x_net_loss-k8s-v2-formal-r1-20260818091851,d02,single,1,catalog-gw,RCD_seed4,full,cart,cart,0.0,0.0,0.0,0.0,0.0,0.0,0.0,0.0,0.0,0.0,0.0,0.0,0.0,0.0
mr2_intra_net-net_delay_x_net_loss-k8s-v2-formal-r1-20260818091851,d02,single,1,catalog-gw,delta_ratio,full,pricing,pricing;checkout;catalog;mysql;user,0.0,0.0,0.0,0.0,0.0,0.0,0.0,0.0,0.0,0.0,0.0,0.0,0.0,0.16666666666666666
mr2_intra_net-net_delay_x_net_loss-k8s-v2-formal-r1-20260818091851,d02,single,1,catalog-gw,delta_z,full,pricing,pricing;checkout;sasrec;host;review-query,0.0,0.0,0.0,0.0,0.0,0.0,0.0,0.0,0.0,0.0,0.0,0.0,0.0,0.125
mr2_intra_net-net_delay_x_net_loss-k8s-v2-formal-r1-20260818091851,d02,single,1,catalog-gw,BARO,resource,checkout,checkout;review-query;pricing;user;cart,0.0,0.0,0.0,0.0,0.0,0.0,0.0,0.0,0.0,0.0,0.0,0.0,0.0,0.1111111111111111
mr2_intra_net-net_delay_x_net_loss-k8s-v2-formal-r1-20260818091851,d02,single,1,catalog-gw,RCD_seed0,resource,cart,cart,0.0,0.0,0.0,0.0,0.0,0.0,0.0,0.0,0.0,0.0,0.0,0.0,0.0,0.0
mr2_intra_net-net_delay_x_net_loss-k8s-v2-formal-r1-20260818091851,d02,single,1,catalog-gw,RCD_seed1,resource,cart,cart,0.0,0.0,0.0,0.0,0.0,0.0,0.0,0.0,0.0,0.0,0.0,0.0,0.0,0.0
mr2_intra_net-net_delay_x_net_loss-k8s-v2-formal-r1-20260818091851,d02,single,1,catalog-gw,RCD_seed2,resource,cart,cart;checkout,0.0,0.0,0.0,0.0,0.0,0.0,0.0,0.0,0.0,0.0,0.0,0.0,0.0,0.0
mr2_intra_net-net_delay_x_net_loss-k8s-v2-formal-r1-20260818091851,d02,single,1,catalog-gw,RCD_seed3,resource,cart,cart;checkout,0.0,0.0,0.0,0.0,0.0,0.0,0.0,0.0,0.0,0.0,0.0,0.0,0.0,0.0
mr2_intra_net-net_delay_x_net_loss-k8s-v2-formal-r1-20260818091851,d02,single,1,catalog-gw,RCD_seed4,resource,cart,cart,0.0,0.0,0.0,0.0,0.0,0.0,0.0,0.0,0.0,0.0,0.0,0.0,0.0,0.0
mr2_intra_net-net_delay_x_net_loss-k8s-v2-formal-r1-20260818091851,d02,single,1,catalog-gw,delta_ratio,resource,mysql,mysql;catalog-gw;catalog;order;review-query,0.0,1.0,1.0,0.0,0.0,1.0,1.0,0.0,0.6309297535714575,0.6309297535714575,0.0,1.0,1.0,0.5
mr2_intra_net-net_delay_x_net_loss-k8s-v2-formal-r1-20260818091851,d02,single,1,catalog-gw,delta_z,resource,checkout,checkout;sasrec;host;review-query;catalog-gw,0.0,0.0,1.0,0.0,0.0,0.0,1.0,0.0,0.0,0.38685280723454163,0.0,0.0,1.0,0.2
mr2_intra_res-host_cpu_x_svccpu-k8s-v2-formal-r1-20260818092202,d03,dual,2,host;catalog,BARO,full,sasrec,sasrec;pricing;search;order;review-query,0.0,0.0,0.0,0.0,0.0,0.0,0.0,0.0,0.0,0.0,0.0,0.0,0.0,0.10096153846153846
mr2_intra_res-host_cpu_x_svccpu-k8s-v2-formal-r1-20260818092202,d03,dual,2,host;catalog,RCD_seed0,full,cart,cart;search,0.0,0.0,0.0,0.0,0.0,0.0,0.0,0.0,0.0,0.0,0.0,0.0,0.0,0.0
mr2_intra_res-host_cpu_x_svccpu-k8s-v2-formal-r1-20260818092202,d03,dual,2,host;catalog,RCD_seed1,full,search,search;cart,0.0,0.0,0.0,0.0,0.0,0.0,0.0,0.0,0.0,0.0,0.0,0.0,0.0,0.0
mr2_intra_res-host_cpu_x_svccpu-k8s-v2-formal-r1-20260818092202,d03,dual,2,host;catalog,RCD_seed2,full,backend,backend,0.0,0.0,0.0,0.0,0.0,0.0,0.0,0.0,0.0,0.0,0.0,0.0,0.0,0.0
mr2_intra_res-host_cpu_x_svccpu-k8s-v2-formal-r1-20260818092202,d03,dual,2,host;catalog,RCD_seed3,full,pricing,pricing;backend,0.0,0.0,0.0,0.0,0.0,0.0,0.0,0.0,0.0,0.0,0.0,0.0,0.0,0.0
mr2_intra_res-host_cpu_x_svccpu-k8s-v2-formal-r1-20260818092202,d03,dual,2,host;catalog,RCD_seed4,full,sasrec,sasrec;backend,0.0,0.0,0.0,0.0,0.0,0.0,0.0,0.0,0.0,0.0,0.0,0.0,0.0,0.0
mr2_intra_res-host_cpu_x_svccpu-k8s-v2-formal-r1-20260818092202,d03,dual,2,host;catalog,delta_ratio,full,catalog,catalog;host;checkout;pricing;review-query,1.0,1.0,1.0,1.0,0.0,1.0,1.0,1.0,1.0,1.0,0.5,1.0,1.0,0.75
mr2_intra_res-host_cpu_x_svccpu-k8s-v2-formal-r1-20260818092202,d03,dual,2,host;catalog,delta_z,full,catalog,catalog;catalog-gw;pricing;cart;host,1.0,1.0,1.0,0.5,0.0,0.0,1.0,1.0,0.6131471927654584,0.8503449055347546,0.5,0.5,1.0,0.6
mr2_intra_res-host_cpu_x_svccpu-k8s-v2-formal-r1-20260818092202,d03,dual,2,host;catalog,BARO,resource,sasrec,sasrec;user;catalog;inventory;host,0.0,1.0,1.0,0.0,0.0,0.0,1.0,0.0,0.3065735963827292,0.5437713091520254,0.0,0.5,1.0,0.26666666666666666
mr2_intra_res-host_cpu_x_svccpu-k8s-v2-formal-r1-20260818092202,d03,dual,2,host;catalog,RCD_seed0,resource,catalog,catalog;cart,1.0,1.0,1.0,0.5,0.0,0.0,0.0,1.0,0.6131471927654584,0.6131471927654584,0.5,0.5,0.5,0.5
mr2_intra_res-host_cpu_x_svccpu-k8s-v2-formal-r1-20260818092202,d03,dual,2,host;catalog,RCD_seed1,resource,catalog,catalog;pricing,1.0,1.0,1.0,0.5,0.0,0.0,0.0,1.0,0.6131471927654584,0.6131471927654584,0.5,0.5,0.5,0.5
mr2_intra_res-host_cpu_x_svccpu-k8s-v2-formal-r1-20260818092202,d03,dual,2,host;catalog,RCD_seed2,resource,pricing,pricing;catalog-gw,0.0,0.0,0.0,0.0,0.0,0.0,0.0,0.0,0.0,0.0,0.0,0.0,0.0,0.0
mr2_intra_res-host_cpu_x_svccpu-k8s-v2-formal-r1-20260818092202,d03,dual,2,host;catalog,RCD_seed3,resource,cart,cart,0.0,0.0,0.0,0.0,0.0,0.0,0.0,0.0,0.0,0.0,0.0,0.0,0.0,0.0
mr2_intra_res-host_cpu_x_svccpu-k8s-v2-formal-r1-20260818092202,d03,dual,2,host;catalog,RCD_seed4,resource,cart,cart,0.0,0.0,0.0,0.0,0.0,0.0,0.0,0.0,0.0,0.0,0.0,0.0,0.0,0.0
mr2_intra_res-host_cpu_x_svccpu-k8s-v2-formal-r1-20260818092202,d03,dual,2,host;catalog,delta_ratio,resource,catalog,catalog;host;catalog-gw;inventory;backend,1.0,1.0,1.0,1.0,0.0,1.0,1.0,1.0,1.0,1.0,0.5,1.0,1.0,0.75
mr2_intra_res-host_cpu_x_svccpu-k8s-v2-formal-r1-20260818092202,d03,dual,2,host;catalog,delta_z,resource,catalog,catalog;catalog-gw;pricing;cart;host,1.0,1.0,1.0,0.5,0.0,0.0,1.0,1.0,0.6131471927654584,0.8503449055347546,0.5,0.5,1.0,0.6
mr1_single_res-host_cpu_single-k8s-v2-formal-r1-20260818094648,s05,single,1,host,BARO,full,search,search;user;sasrec;checkout;review-query,0.0,0.0,0.0,0.0,0.0,0.0,0.0,0.0,0.0,0.0,0.0,0.0,0.0,0.07142857142857142
mr1_single_res-host_cpu_single-k8s-v2-formal-r1-20260818094648,s05,single,1,host,RCD_seed0,full,inventory,inventory;pricing,0.0,0.0,0.0,0.0,0.0,0.0,0.0,0.0,0.0,0.0,0.0,0.0,0.0,0.0
mr1_single_res-host_cpu_single-k8s-v2-formal-r1-20260818094648,s05,single,1,host,RCD_seed1,full,search,search;order,0.0,0.0,0.0,0.0,0.0,0.0,0.0,0.0,0.0,0.0,0.0,0.0,0.0,0.0
mr1_single_res-host_cpu_single-k8s-v2-formal-r1-20260818094648,s05,single,1,host,RCD_seed2,full,catalog-gw,catalog-gw;checkout,0.0,0.0,0.0,0.0,0.0,0.0,0.0,0.0,0.0,0.0,0.0,0.0,0.0,0.0
mr1_single_res-host_cpu_single-k8s-v2-formal-r1-20260818094648,s05,single,1,host,RCD_seed3,full,catalog,catalog;pricing,0.0,0.0,0.0,0.0,0.0,0.0,0.0,0.0,0.0,0.0,0.0,0.0,0.0,0.0
mr1_single_res-host_cpu_single-k8s-v2-formal-r1-20260818094648,s05,single,1,host,RCD_seed4,full,review-query,review-query;pricing,0.0,0.0,0.0,0.0,0.0,0.0,0.0,0.0,0.0,0.0,0.0,0.0,0.0,0.0
mr1_single_res-host_cpu_single-k8s-v2-formal-r1-20260818094648,s05,single,1,host,delta_ratio,full,catalog-gw,catalog-gw;host;cart;pricing;inventory,0.0,1.0,1.0,0.0,0.0,1.0,1.0,0.0,0.6309297535714575,0.6309297535714575,0.0,1.0,1.0,0.5
mr1_single_res-host_cpu_single-k8s-v2-formal-r1-20260818094648,s05,single,1,host,delta_z,full,catalog-gw,catalog-gw;sasrec;search;cart;host,0.0,0.0,1.0,0.0,0.0,0.0,1.0,0.0,0.0,0.38685280723454163,0.0,0.0,1.0,0.2
mr1_single_res-host_cpu_single-k8s-v2-formal-r1-20260818094648,s05,single,1,host,BARO,resource,review-query,review-query;sasrec;search;user;checkout,0.0,0.0,0.0,0.0,0.0,0.0,0.0,0.0,0.0,0.0,0.0,0.0,0.0,0.07692307692307693
mr1_single_res-host_cpu_single-k8s-v2-formal-r1-20260818094648,s05,single,1,host,RCD_seed0,resource,catalog-gw,catalog-gw,0.0,0.0,0.0,0.0,0.0,0.0,0.0,0.0,0.0,0.0,0.0,0.0,0.0,0.0
mr1_single_res-host_cpu_single-k8s-v2-formal-r1-20260818094648,s05,single,1,host,RCD_seed1,resource,order,order;backend,0.0,0.0,0.0,0.0,0.0,0.0,0.0,0.0,0.0,0.0,0.0,0.0,0.0,0.0
mr1_single_res-host_cpu_single-k8s-v2-formal-r1-20260818094648,s05,single,1,host,RCD_seed2,resource,catalog,catalog;backend,0.0,0.0,0.0,0.0,0.0,0.0,0.0,0.0,0.0,0.0,0.0,0.0,0.0,0.0
mr1_single_res-host_cpu_single-k8s-v2-formal-r1-20260818094648,s05,single,1,host,RCD_seed3,resource,pricing,pricing;inventory,0.0,0.0,0.0,0.0,0.0,0.0,0.0,0.0,0.0,0.0,0.0,0.0,0.0,0.0
mr1_single_res-host_cpu_single-k8s-v2-formal-r1-20260818094648,s05,single,1,host,RCD_seed4,resource,inventory,inventory;backend,0.0,0.0,0.0,0.0,0.0,0.0,0.0,0.0,0.0,0.0,0.0,0.0,0.0,0.0
mr1_single_res-host_cpu_single-k8s-v2-formal-r1-20260818094648,s05,single,1,host,delta_ratio,resource,catalog-gw,catalog-gw;host;cart;search;order,0.0,1.0,1.0,0.0,0.0,1.0,1.0,0.0,0.6309297535714575,0.6309297535714575,0.0,1.0,1.0,0.5
mr1_single_res-host_cpu_single-k8s-v2-formal-r1-20260818094648,s05,single,1,host,delta_z,resource,catalog-gw,catalog-gw;sasrec;search;cart;host,0.0,0.0,1.0,0.0,0.0,0.0,1.0,0.0,0.0,0.38685280723454163,0.0,0.0,1.0,0.2
mr3_mixed_class_dependency-inv_latency_x_cfg_timeout_x_retry-k8s-v2-formal-r1-20260818095629,t02,dual,2,inventory;catalog-gw,BARO,full,checkout,checkout;inventory;pricing;cart;catalog-gw,0.0,1.0,1.0,0.5,0.0,0.0,1.0,0.0,0.38685280723454163,0.6240505200038379,0.0,0.5,1.0,0.35
mr3_mixed_class_dependency-inv_latency_x_cfg_timeout_x_retry-k8s-v2-formal-r1-20260818095629,t02,dual,2,inventory;catalog-gw,RCD_seed0,full,catalog,catalog;inventory,0.0,1.0,1.0,0.5,0.0,0.0,0.0,0.0,0.38685280723454163,0.38685280723454163,0.0,0.5,0.5,0.25
mr3_mixed_class_dependency-inv_latency_x_cfg_timeout_x_retry-k8s-v2-formal-r1-20260818095629,t02,dual,2,inventory;catalog-gw,RCD_seed1,full,catalog,catalog;checkout,0.0,0.0,0.0,0.0,0.0,0.0,0.0,0.0,0.0,0.0,0.0,0.0,0.0,0.0
mr3_mixed_class_dependency-inv_latency_x_cfg_timeout_x_retry-k8s-v2-formal-r1-20260818095629,t02,dual,2,inventory;catalog-gw,RCD_seed2,full,sasrec,sasrec;checkout;inventory,0.0,1.0,1.0,0.0,0.0,0.0,0.0,0.0,0.3065735963827292,0.3065735963827292,0.0,0.5,0.5,0.16666666666666666
mr3_mixed_class_dependency-inv_latency_x_cfg_timeout_x_retry-k8s-v2-formal-r1-20260818095629,t02,dual,2,inventory;catalog-gw,RCD_seed3,full,checkout,checkout;inventory,0.0,1.0,1.0,0.5,0.0,0.0,0.0,0.0,0.38685280723454163,0.38685280723454163,0.0,0.5,0.5,0.25
mr3_mixed_class_dependency-inv_latency_x_cfg_timeout_x_retry-k8s-v2-formal-r1-20260818095629,t02,dual,2,inventory;catalog-gw,RCD_seed4,full,checkout,checkout;catalog,0.0,0.0,0.0,0.0,0.0,0.0,0.0,0.0,0.0,0.0,0.0,0.0,0.0,0.0
mr3_mixed_class_dependency-inv_latency_x_cfg_timeout_x_retry-k8s-v2-formal-r1-20260818095629,t02,dual,2,inventory;catalog-gw,delta_ratio,full,pricing,pricing;checkout;inventory;catalog;sasrec,0.0,1.0,1.0,0.0,0.0,0.0,0.0,0.0,0.3065735963827292,0.3065735963827292,0.0,0.5,0.5,0.23809523809523808
mr3_mixed_class_dependency-inv_latency_x_cfg_timeout_x_retry-k8s-v2-formal-r1-20260818095629,t02,dual,2,inventory;catalog-gw,delta_z,full,inventory,inventory;pricing;checkout;host;catalog,1.0,1.0,1.0,0.5,0.0,0.0,0.0,1.0,0.6131471927654584,0.6131471927654584,0.5,0.5,0.5,0.5555555555555556
mr3_mixed_class_dependency-inv_latency_x_cfg_timeout_x_retry-k8s-v2-formal-r1-20260818095629,t02,dual,2,inventory;catalog-gw,BARO,resource,inventory,inventory;catalog-gw;sasrec;search;catalog,1.0,1.0,1.0,1.0,0.0,1.0,1.0,1.0,1.0,1.0,0.5,1.0,1.0,0.75
mr3_mixed_class_dependency-inv_latency_x_cfg_timeout_x_retry-k8s-v2-formal-r1-20260818095629,t02,dual,2,inventory;catalog-gw,RCD_seed0,resource,inventory,inventory,1.0,1.0,1.0,0.5,0.0,0.0,0.0,1.0,0.6131471927654584,0.6131471927654584,0.5,0.5,0.5,0.5
mr3_mixed_class_dependency-inv_latency_x_cfg_timeout_x_retry-k8s-v2-formal-r1-20260818095629,t02,dual,2,inventory;catalog-gw,RCD_seed1,resource,sasrec,sasrec;catalog;inventory,0.0,1.0,1.0,0.0,0.0,0.0,0.0,0.0,0.3065735963827292,0.3065735963827292,0.0,0.5,0.5,0.16666666666666666
mr3_mixed_class_dependency-inv_latency_x_cfg_timeout_x_retry-k8s-v2-formal-r1-20260818095629,t02,dual,2,inventory;catalog-gw,RCD_seed2,resource,sasrec,sasrec;order;pricing,0.0,0.0,0.0,0.0,0.0,0.0,0.0,0.0,0.0,0.0,0.0,0.0,0.0,0.0
mr3_mixed_class_dependency-inv_latency_x_cfg_timeout_x_retry-k8s-v2-formal-r1-20260818095629,t02,dual,2,inventory;catalog-gw,RCD_seed3,resource,inventory,inventory,1.0,1.0,1.0,0.5,0.0,0.0,0.0,1.0,0.6131471927654584,0.6131471927654584,0.5,0.5,0.5,0.5
mr3_mixed_class_dependency-inv_latency_x_cfg_timeout_x_retry-k8s-v2-formal-r1-20260818095629,t02,dual,2,inventory;catalog-gw,RCD_seed4,resource,sasrec,sasrec;inventory,0.0,1.0,1.0,0.5,0.0,0.0,0.0,0.0,0.38685280723454163,0.38685280723454163,0.0,0.5,0.5,0.25
mr3_mixed_class_dependency-inv_latency_x_cfg_timeout_x_retry-k8s-v2-formal-r1-20260818095629,t02,dual,2,inventory;catalog-gw,delta_ratio,resource,inventory,inventory;checkout;pricing;cart;catalog,1.0,1.0,1.0,0.5,0.0,0.0,0.0,1.0,0.6131471927654584,0.6131471927654584,0.5,0.5,0.5,0.5833333333333334
mr3_mixed_class_dependency-inv_latency_x_cfg_timeout_x_retry-k8s-v2-formal-r1-20260818095629,t02,dual,2,inventory;catalog-gw,delta_z,resource,inventory,inventory;host;catalog;backend;order,1.0,1.0,1.0,0.5,0.0,0.0,0.0,1.0,0.6131471927654584,0.6131471927654584,0.5,0.5,0.5,0.5714285714285714
mr2_intra_config-dual_timeout_retry-k8s-v2-formal-r1-20260818100106,d01,single,1,catalog-gw,BARO,full,checkout,checkout;pricing;sasrec;user;search,0.0,0.0,0.0,0.0,0.0,0.0,0.0,0.0,0.0,0.0,0.0,0.0,0.0,0.07142857142857142
mr2_intra_config-dual_timeout_retry-k8s-v2-formal-r1-20260818100106,d01,single,1,catalog-gw,RCD_seed0,full,sasrec,sasrec;inventory,0.0,0.0,0.0,0.0,0.0,0.0,0.0,0.0,0.0,0.0,0.0,0.0,0.0,0.0
mr2_intra_config-dual_timeout_retry-k8s-v2-formal-r1-20260818100106,d01,single,1,catalog-gw,RCD_seed1,full,pricing,pricing;inventory,0.0,0.0,0.0,0.0,0.0,0.0,0.0,0.0,0.0,0.0,0.0,0.0,0.0,0.0
mr2_intra_config-dual_timeout_retry-k8s-v2-formal-r1-20260818100106,d01,single,1,catalog-gw,RCD_seed2,full,catalog,catalog;sasrec,0.0,0.0,0.0,0.0,0.0,0.0,0.0,0.0,0.0,0.0,0.0,0.0,0.0,0.0
mr2_intra_config-dual_timeout_retry-k8s-v2-formal-r1-20260818100106,d01,single,1,catalog-gw,RCD_seed3,full,catalog,catalog;inventory,0.0,0.0,0.0,0.0,0.0,0.0,0.0,0.0,0.0,0.0,0.0,0.0,0.0,0.0
mr2_intra_config-dual_timeout_retry-k8s-v2-formal-r1-20260818100106,d01,single,1,catalog-gw,RCD_seed4,full,catalog,catalog;inventory,0.0,0.0,0.0,0.0,0.0,0.0,0.0,0.0,0.0,0.0,0.0,0.0,0.0,0.0
mr2_intra_config-dual_timeout_retry-k8s-v2-formal-r1-20260818100106,d01,single,1,catalog-gw,delta_ratio,full,pricing,pricing;checkout;catalog;host;backend,0.0,0.0,0.0,0.0,0.0,0.0,0.0,0.0,0.0,0.0,0.0,0.0,0.0,0.07142857142857142
mr2_intra_config-dual_timeout_retry-k8s-v2-formal-r1-20260818100106,d01,single,1,catalog-gw,delta_z,full,pricing,pricing;backend;cart;user;inventory,0.0,0.0,0.0,0.0,0.0,0.0,0.0,0.0,0.0,0.0,0.0,0.0,0.0,0.1111111111111111
mr2_intra_config-dual_timeout_retry-k8s-v2-formal-r1-20260818100106,d01,single,1,catalog-gw,BARO,resource,sasrec,sasrec;checkout;cart;pricing;backend,0.0,0.0,0.0,0.0,0.0,0.0,0.0,0.0,0.0,0.0,0.0,0.0,0.0,0.09090909090909091
mr2_intra_config-dual_timeout_retry-k8s-v2-formal-r1-20260818100106,d01,single,1,catalog-gw,RCD_seed0,resource,inventory,inventory;sasrec;catalog,0.0,0.0,0.0,0.0,0.0,0.0,0.0,0.0,0.0,0.0,0.0,0.0,0.0,0.0
mr2_intra_config-dual_timeout_retry-k8s-v2-formal-r1-20260818100106,d01,single,1,catalog-gw,RCD_seed1,resource,inventory,inventory;sasrec;catalog,0.0,0.0,0.0,0.0,0.0,0.0,0.0,0.0,0.0,0.0,0.0,0.0,0.0,0.0
mr2_intra_config-dual_timeout_retry-k8s-v2-formal-r1-20260818100106,d01,single,1,catalog-gw,RCD_seed2,resource,inventory,inventory;sasrec,0.0,0.0,0.0,0.0,0.0,0.0,0.0,0.0,0.0,0.0,0.0,0.0,0.0,0.0
mr2_intra_config-dual_timeout_retry-k8s-v2-formal-r1-20260818100106,d01,single,1,catalog-gw,RCD_seed3,resource,catalog,catalog,0.0,0.0,0.0,0.0,0.0,0.0,0.0,0.0,0.0,0.0,0.0,0.0,0.0,0.0
mr2_intra_config-dual_timeout_retry-k8s-v2-formal-r1-20260818100106,d01,single,1,catalog-gw,RCD_seed4,resource,catalog,catalog;inventory,0.0,0.0,0.0,0.0,0.0,0.0,0.0,0.0,0.0,0.0,0.0,0.0,0.0,0.0
mr2_intra_config-dual_timeout_retry-k8s-v2-formal-r1-20260818100106,d01,single,1,catalog-gw,delta_ratio,resource,catalog,catalog;host;inventory;order;checkout,0.0,0.0,0.0,0.0,0.0,0.0,0.0,0.0,0.0,0.0,0.0,0.0,0.0,0.07692307692307693
mr2_intra_config-dual_timeout_retry-k8s-v2-formal-r1-20260818100106,d01,single,1,catalog-gw,delta_z,resource,cart,cart;user;backend;inventory;host,0.0,0.0,0.0,0.0,0.0,0.0,0.0,0.0,0.0,0.0,0.0,0.0,0.0,0.14285714285714285
mr1_single_res-service_cpu_single-k8s-v2-formal-r1-20260818100747,s13,single,1,checkout,BARO,full,checkout,checkout;host;pricing;cart;backend,1.0,1.0,1.0,1.0,1.0,1.0,1.0,1.0,1.0,1.0,1.0,1.0,1.0,1.0
mr1_single_res-service_cpu_single-k8s-v2-formal-r1-20260818100747,s13,single,1,checkout,RCD_seed0,full,order,order;checkout,0.0,1.0,1.0,0.0,0.0,1.0,1.0,0.0,0.6309297535714575,0.6309297535714575,0.0,1.0,1.0,0.5
mr1_single_res-service_cpu_single-k8s-v2-formal-r1-20260818100747,s13,single,1,checkout,RCD_seed1,full,catalog-gw,catalog-gw;user,0.0,0.0,0.0,0.0,0.0,0.0,0.0,0.0,0.0,0.0,0.0,0.0,0.0,0.0
mr1_single_res-service_cpu_single-k8s-v2-formal-r1-20260818100747,s13,single,1,checkout,RCD_seed2,full,backend,backend;pricing,0.0,0.0,0.0,0.0,0.0,0.0,0.0,0.0,0.0,0.0,0.0,0.0,0.0,0.0
mr1_single_res-service_cpu_single-k8s-v2-formal-r1-20260818100747,s13,single,1,checkout,RCD_seed3,full,review-query,review-query,0.0,0.0,0.0,0.0,0.0,0.0,0.0,0.0,0.0,0.0,0.0,0.0,0.0,0.0
mr1_single_res-service_cpu_single-k8s-v2-formal-r1-20260818100747,s13,single,1,checkout,RCD_seed4,full,catalog-gw,catalog-gw,0.0,0.0,0.0,0.0,0.0,0.0,0.0,0.0,0.0,0.0,0.0,0.0,0.0,0.0
mr1_single_res-service_cpu_single-k8s-v2-formal-r1-20260818100747,s13,single,1,checkout,delta_ratio,full,checkout,checkout;host;search;backend;catalog-gw,1.0,1.0,1.0,1.0,1.0,1.0,1.0,1.0,1.0,1.0,1.0,1.0,1.0,1.0
mr1_single_res-service_cpu_single-k8s-v2-formal-r1-20260818100747,s13,single,1,checkout,delta_z,full,checkout,checkout;sasrec;cart;host;review-query,1.0,1.0,1.0,1.0,1.0,1.0,1.0,1.0,1.0,1.0,1.0,1.0,1.0,1.0
mr1_single_res-service_cpu_single-k8s-v2-formal-r1-20260818100747,s13,single,1,checkout,BARO,resource,checkout,checkout;host;pricing;backend;sasrec,1.0,1.0,1.0,1.0,1.0,1.0,1.0,1.0,1.0,1.0,1.0,1.0,1.0,1.0
mr1_single_res-service_cpu_single-k8s-v2-formal-r1-20260818100747,s13,single,1,checkout,RCD_seed0,resource,review-query,review-query;backend,0.0,0.0,0.0,0.0,0.0,0.0,0.0,0.0,0.0,0.0,0.0,0.0,0.0,0.0
mr1_single_res-service_cpu_single-k8s-v2-formal-r1-20260818100747,s13,single,1,checkout,RCD_seed1,resource,user,user;catalog-gw,0.0,0.0,0.0,0.0,0.0,0.0,0.0,0.0,0.0,0.0,0.0,0.0,0.0,0.0
mr1_single_res-service_cpu_single-k8s-v2-formal-r1-20260818100747,s13,single,1,checkout,RCD_seed2,resource,pricing,pricing;catalog,0.0,0.0,0.0,0.0,0.0,0.0,0.0,0.0,0.0,0.0,0.0,0.0,0.0,0.0
mr1_single_res-service_cpu_single-k8s-v2-formal-r1-20260818100747,s13,single,1,checkout,RCD_seed3,resource,backend,backend;order,0.0,0.0,0.0,0.0,0.0,0.0,0.0,0.0,0.0,0.0,0.0,0.0,0.0,0.0
mr1_single_res-service_cpu_single-k8s-v2-formal-r1-20260818100747,s13,single,1,checkout,RCD_seed4,resource,catalog,catalog;order,0.0,0.0,0.0,0.0,0.0,0.0,0.0,0.0,0.0,0.0,0.0,0.0,0.0,0.0
mr1_single_res-service_cpu_single-k8s-v2-formal-r1-20260818100747,s13,single,1,checkout,delta_ratio,resource,checkout,checkout;host;catalog-gw;catalog;inventory,1.0,1.0,1.0,1.0,1.0,1.0,1.0,1.0,1.0,1.0,1.0,1.0,1.0,1.0
mr1_single_res-service_cpu_single-k8s-v2-formal-r1-20260818100747,s13,single,1,checkout,delta_z,resource,checkout,checkout;sasrec;cart;host;review-query,1.0,1.0,1.0,1.0,1.0,1.0,1.0,1.0,1.0,1.0,1.0,1.0,1.0,1.0
mr2_cross_dependency-catalog_latency_x_cfg_timeout-k8s-v2-formal-r1-20260818101400,d12,dual,2,catalog;catalog-gw,BARO,full,review-query,review-query;catalog;pricing;checkout;search,0.0,1.0,1.0,0.5,0.0,0.0,0.0,0.0,0.38685280723454163,0.38685280723454163,0.0,0.5,0.5,0.3055555555555556
mr2_cross_dependency-catalog_latency_x_cfg_timeout-k8s-v2-formal-r1-20260818101400,d12,dual,2,catalog;catalog-gw,RCD_seed0,full,catalog,catalog;review-query,1.0,1.0,1.0,0.5,0.0,0.0,0.0,1.0,0.6131471927654584,0.6131471927654584,0.5,0.5,0.5,0.5
mr2_cross_dependency-catalog_latency_x_cfg_timeout-k8s-v2-formal-r1-20260818101400,d12,dual,2,catalog;catalog-gw,RCD_seed1,full,checkout,checkout;order;catalog,0.0,1.0,1.0,0.0,0.0,0.0,0.0,0.0,0.3065735963827292,0.3065735963827292,0.0,0.5,0.5,0.16666666666666666
mr2_cross_dependency-catalog_latency_x_cfg_timeout-k8s-v2-formal-r1-20260818101400,d12,dual,2,catalog;catalog-gw,RCD_seed2,full,search,search;catalog;checkout,0.0,1.0,1.0,0.5,0.0,0.0,0.0,0.0,0.38685280723454163,0.38685280723454163,0.0,0.5,0.5,0.25
mr2_cross_dependency-catalog_latency_x_cfg_timeout-k8s-v2-formal-r1-20260818101400,d12,dual,2,catalog;catalog-gw,RCD_seed3,full,order,order;review-query;catalog,0.0,1.0,1.0,0.0,0.0,0.0,0.0,0.0,0.3065735963827292,0.3065735963827292,0.0,0.5,0.5,0.16666666666666666
mr2_cross_dependency-catalog_latency_x_cfg_timeout-k8s-v2-formal-r1-20260818101400,d12,dual,2,catalog;catalog-gw,RCD_seed4,full,search,search;pricing,0.0,0.0,0.0,0.0,0.0,0.0,0.0,0.0,0.0,0.0,0.0,0.0,0.0,0.0
mr2_cross_dependency-catalog_latency_x_cfg_timeout-k8s-v2-formal-r1-20260818101400,d12,dual,2,catalog;catalog-gw,delta_ratio,full,pricing,pricing;search;catalog;review-query;checkout,0.0,1.0,1.0,0.0,0.0,0.0,0.0,0.0,0.3065735963827292,0.3065735963827292,0.0,0.5,0.5,0.25
mr2_cross_dependency-catalog_latency_x_cfg_timeout-k8s-v2-formal-r1-20260818101400,d12,dual,2,catalog;catalog-gw,delta_z,full,catalog,catalog;pricing;mysql;search;user,1.0,1.0,1.0,0.5,0.0,0.0,0.0,1.0,0.6131471927654584,0.6131471927654584,0.5,0.5,0.5,0.5357142857142857
mr2_cross_dependency-catalog_latency_x_cfg_timeout-k8s-v2-formal-r1-20260818101400,d12,dual,2,catalog;catalog-gw,BARO,resource,catalog,catalog;review-query;pricing;user;backend,1.0,1.0,1.0,0.5,0.0,0.0,0.0,1.0,0.6131471927654584,0.6131471927654584,0.5,0.5,0.5,0.5833333333333334
mr2_cross_dependency-catalog_latency_x_cfg_timeout-k8s-v2-formal-r1-20260818101400,d12,dual,2,catalog;catalog-gw,RCD_seed0,resource,user,user;checkout;catalog,0.0,1.0,1.0,0.0,0.0,0.0,0.0,0.0,0.3065735963827292,0.3065735963827292,0.0,0.5,0.5,0.16666666666666666
mr2_cross_dependency-catalog_latency_x_cfg_timeout-k8s-v2-formal-r1-20260818101400,d12,dual,2,catalog;catalog-gw,RCD_seed1,resource,catalog,catalog;order,1.0,1.0,1.0,0.5,0.0,0.0,0.0,1.0,0.6131471927654584,0.6131471927654584,0.5,0.5,0.5,0.5
mr2_cross_dependency-catalog_latency_x_cfg_timeout-k8s-v2-formal-r1-20260818101400,d12,dual,2,catalog;catalog-gw,RCD_seed2,resource,order,order;checkout;sasrec,0.0,0.0,0.0,0.0,0.0,0.0,0.0,0.0,0.0,0.0,0.0,0.0,0.0,0.0
mr2_cross_dependency-catalog_latency_x_cfg_timeout-k8s-v2-formal-r1-20260818101400,d12,dual,2,catalog;catalog-gw,RCD_seed3,resource,order,order,0.0,0.0,0.0,0.0,0.0,0.0,0.0,0.0,0.0,0.0,0.0,0.0,0.0,0.0
mr2_cross_dependency-catalog_latency_x_cfg_timeout-k8s-v2-formal-r1-20260818101400,d12,dual,2,catalog;catalog-gw,RCD_seed4,resource,sasrec,sasrec;user;order,0.0,0.0,0.0,0.0,0.0,0.0,0.0,0.0,0.0,0.0,0.0,0.0,0.0,0.0
mr2_cross_dependency-catalog_latency_x_cfg_timeout-k8s-v2-formal-r1-20260818101400,d12,dual,2,catalog;catalog-gw,delta_ratio,resource,catalog,catalog;mysql;search;pricing;host,1.0,1.0,1.0,0.5,0.0,0.0,0.0,1.0,0.6131471927654584,0.6131471927654584,0.5,0.5,0.5,0.5454545454545454
mr2_cross_dependency-catalog_latency_x_cfg_timeout-k8s-v2-formal-r1-20260818101400,d12,dual,2,catalog;catalog-gw,delta_z,resource,catalog,catalog;mysql;user;review-query;host,1.0,1.0,1.0,0.5,0.0,0.0,0.0,1.0,0.6131471927654584,0.6131471927654584,0.5,0.5,0.5,0.5357142857142857
mr3_cross_res-pricing_cpu_x_catalog_latency_x_cfg_timeout-k8s-v2-formal-r1-20260818102317,t01,triple,3,pricing;catalog;catalog-gw,BARO,full,catalog,catalog;review-query;pricing;checkout;search,1.0,1.0,1.0,0.6666666666666666,0.0,0.0,0.0,1.0,0.7039180890341347,0.7039180890341347,0.3333333333333333,0.6666666666666666,0.6666666666666666,0.5
mr3_cross_res-pricing_cpu_x_catalog_latency_x_cfg_timeout-k8s-v2-formal-r1-20260818102317,t01,triple,3,pricing;catalog;catalog-gw,RCD_seed0,full,checkout,checkout;sasrec,0.0,0.0,0.0,0.0,0.0,0.0,0.0,0.0,0.0,0.0,0.0,0.0,0.0,0.0
mr3_cross_res-pricing_cpu_x_catalog_latency_x_cfg_timeout-k8s-v2-formal-r1-20260818102317,t01,triple,3,pricing;catalog;catalog-gw,RCD_seed1,full,catalog,catalog;review-query,1.0,1.0,1.0,0.3333333333333333,0.0,0.0,0.0,1.0,0.46927872602275644,0.46927872602275644,0.3333333333333333,0.3333333333333333,0.3333333333333333,0.3333333333333333
mr3_cross_res-pricing_cpu_x_catalog_latency_x_cfg_timeout-k8s-v2-formal-r1-20260818102317,t01,triple,3,pricing;catalog;catalog-gw,RCD_seed2,full,checkout,checkout;sasrec,0.0,0.0,0.0,0.0,0.0,0.0,0.0,0.0,0.0,0.0,0.0,0.0,0.0,0.0
mr3_cross_res-pricing_cpu_x_catalog_latency_x_cfg_timeout-k8s-v2-formal-r1-20260818102317,t01,triple,3,pricing;catalog;catalog-gw,RCD_seed3,full,catalog,catalog;search,1.0,1.0,1.0,0.3333333333333333,0.0,0.0,0.0,1.0,0.46927872602275644,0.46927872602275644,0.3333333333333333,0.3333333333333333,0.3333333333333333,0.3333333333333333
mr3_cross_res-pricing_cpu_x_catalog_latency_x_cfg_timeout-k8s-v2-formal-r1-20260818102317,t01,triple,3,pricing;catalog;catalog-gw,RCD_seed4,full,catalog,catalog,1.0,1.0,1.0,0.3333333333333333,0.0,0.0,0.0,1.0,0.46927872602275644,0.46927872602275644,0.3333333333333333,0.3333333333333333,0.3333333333333333,0.3333333333333333
mr3_cross_res-pricing_cpu_x_catalog_latency_x_cfg_timeout-k8s-v2-formal-r1-20260818102317,t01,triple,3,pricing;catalog;catalog-gw,delta_ratio,full,pricing,pricing;host;search;catalog;review-query,1.0,1.0,1.0,0.3333333333333333,0.0,0.0,0.0,1.0,0.46927872602275644,0.6713860725233041,0.3333333333333333,0.3333333333333333,0.6666666666666666,0.44696969696969696
mr3_cross_res-pricing_cpu_x_catalog_latency_x_cfg_timeout-k8s-v2-formal-r1-20260818102317,t01,triple,3,pricing;catalog;catalog-gw,delta_z,full,catalog,catalog;pricing;host;search;review-query,1.0,1.0,1.0,0.6666666666666666,0.0,0.0,0.0,1.0,0.7653606369886217,0.7653606369886217,0.3333333333333333,0.6666666666666666,0.6666666666666666,0.5277777777777778
mr3_cross_res-pricing_cpu_x_catalog_latency_x_cfg_timeout-k8s-v2-formal-r1-20260818102317,t01,triple,3,pricing;catalog;catalog-gw,BARO,resource,catalog-gw,catalog-gw;pricing;host;catalog;checkout,1.0,1.0,1.0,0.6666666666666666,0.0,0.0,1.0,1.0,0.7653606369886217,0.9674679834891693,0.3333333333333333,0.6666666666666666,1.0,0.5833333333333334
mr3_cross_res-pricing_cpu_x_catalog_latency_x_cfg_timeout-k8s-v2-formal-r1-20260818102317,t01,triple,3,pricing;catalog;catalog-gw,RCD_seed0,resource,sasrec,sasrec;checkout;catalog,0.0,1.0,1.0,0.3333333333333333,0.0,0.0,0.0,0.0,0.23463936301137822,0.23463936301137822,0.0,0.3333333333333333,0.3333333333333333,0.1111111111111111
mr3_cross_res-pricing_cpu_x_catalog_latency_x_cfg_timeout-k8s-v2-formal-r1-20260818102317,t01,triple,3,pricing;catalog;catalog-gw,RCD_seed1,resource,sasrec,sasrec;checkout,0.0,0.0,0.0,0.0,0.0,0.0,0.0,0.0,0.0,0.0,0.0,0.0,0.0,0.0
mr3_cross_res-pricing_cpu_x_catalog_latency_x_cfg_timeout-k8s-v2-formal-r1-20260818102317,t01,triple,3,pricing;catalog;catalog-gw,RCD_seed2,resource,checkout,checkout,0.0,0.0,0.0,0.0,0.0,0.0,0.0,0.0,0.0,0.0,0.0,0.0,0.0,0.0
mr3_cross_res-pricing_cpu_x_catalog_latency_x_cfg_timeout-k8s-v2-formal-r1-20260818102317,t01,triple,3,pricing;catalog;catalog-gw,RCD_seed3,resource,sasrec,sasrec,0.0,0.0,0.0,0.0,0.0,0.0,0.0,0.0,0.0,0.0,0.0,0.0,0.0,0.0
mr3_cross_res-pricing_cpu_x_catalog_latency_x_cfg_timeout-k8s-v2-formal-r1-20260818102317,t01,triple,3,pricing;catalog;catalog-gw,RCD_seed4,resource,catalog,catalog;sasrec,1.0,1.0,1.0,0.3333333333333333,0.0,0.0,0.0,1.0,0.46927872602275644,0.46927872602275644,0.3333333333333333,0.3333333333333333,0.3333333333333333,0.3333333333333333
mr3_cross_res-pricing_cpu_x_catalog_latency_x_cfg_timeout-k8s-v2-formal-r1-20260818102317,t01,triple,3,pricing;catalog;catalog-gw,delta_ratio,resource,pricing,pricing;host;search;inventory;order,1.0,1.0,1.0,0.3333333333333333,0.0,0.0,0.0,1.0,0.46927872602275644,0.46927872602275644,0.3333333333333333,0.3333333333333333,0.3333333333333333,0.40659340659340654
mr3_cross_res-pricing_cpu_x_catalog_latency_x_cfg_timeout-k8s-v2-formal-r1-20260818102317,t01,triple,3,pricing;catalog;catalog-gw,delta_z,resource,catalog,catalog;pricing;host;sasrec;checkout,1.0,1.0,1.0,0.6666666666666666,0.0,0.0,0.0,1.0,0.7653606369886217,0.7653606369886217,0.3333333333333333,0.6666666666666666,0.6666666666666666,0.5256410256410257
mr1_single_lif-pod_failure_single-k8s-v2-formal-r1-20260818102654,s15,single,1,cart,BARO,full,checkout,checkout;cart;sasrec;inventory;user,0.0,1.0,1.0,0.0,0.0,1.0,1.0,0.0,0.6309297535714575,0.6309297535714575,0.0,1.0,1.0,0.5
mr1_single_lif-pod_failure_single-k8s-v2-formal-r1-20260818102654,s15,single,1,cart,RCD_seed0,full,checkout,checkout;inventory,0.0,0.0,0.0,0.0,0.0,0.0,0.0,0.0,0.0,0.0,0.0,0.0,0.0,0.0
mr1_single_lif-pod_failure_single-k8s-v2-formal-r1-20260818102654,s15,single,1,cart,RCD_seed1,full,cart,cart;sasrec,1.0,1.0,1.0,1.0,1.0,1.0,1.0,1.0,1.0,1.0,1.0,1.0,1.0,1.0
mr1_single_lif-pod_failure_single-k8s-v2-formal-r1-20260818102654,s15,single,1,cart,RCD_seed2,full,catalog,catalog;catalog-gw,0.0,0.0,0.0,0.0,0.0,0.0,0.0,0.0,0.0,0.0,0.0,0.0,0.0,0.0
mr1_single_lif-pod_failure_single-k8s-v2-formal-r1-20260818102654,s15,single,1,cart,RCD_seed3,full,cart,cart;checkout,1.0,1.0,1.0,1.0,1.0,1.0,1.0,1.0,1.0,1.0,1.0,1.0,1.0,1.0
mr1_single_lif-pod_failure_single-k8s-v2-formal-r1-20260818102654,s15,single,1,cart,RCD_seed4,full,user,user,0.0,0.0,0.0,0.0,0.0,0.0,0.0,0.0,0.0,0.0,0.0,0.0,0.0,0.0
mr1_single_lif-pod_failure_single-k8s-v2-formal-r1-20260818102654,s15,single,1,cart,delta_ratio,full,cart,cart;pricing;checkout;order;backend,1.0,1.0,1.0,1.0,1.0,1.0,1.0,1.0,1.0,1.0,1.0,1.0,1.0,1.0
mr1_single_lif-pod_failure_single-k8s-v2-formal-r1-20260818102654,s15,single,1,cart,delta_z,full,cart,cart;backend;user;checkout;inventory,1.0,1.0,1.0,1.0,1.0,1.0,1.0,1.0,1.0,1.0,1.0,1.0,1.0,1.0
mr1_single_lif-pod_failure_single-k8s-v2-formal-r1-20260818102654,s15,single,1,cart,BARO,resource,checkout,checkout;cart;order;backend;user,0.0,1.0,1.0,0.0,0.0,1.0,1.0,0.0,0.6309297535714575,0.6309297535714575,0.0,1.0,1.0,0.5
mr1_single_lif-pod_failure_single-k8s-v2-formal-r1-20260818102654,s15,single,1,cart,RCD_seed0,resource,cart,cart;user,1.0,1.0,1.0,1.0,1.0,1.0,1.0,1.0,1.0,1.0,1.0,1.0,1.0,1.0
mr1_single_lif-pod_failure_single-k8s-v2-formal-r1-20260818102654,s15,single,1,cart,RCD_seed1,resource,catalog-gw,catalog-gw;cart;backend,0.0,1.0,1.0,0.0,0.0,1.0,1.0,0.0,0.6309297535714575,0.6309297535714575,0.0,1.0,1.0,0.5
mr1_single_lif-pod_failure_single-k8s-v2-formal-r1-20260818102654,s15,single,1,cart,RCD_seed2,resource,user,user;order,0.0,0.0,0.0,0.0,0.0,0.0,0.0,0.0,0.0,0.0,0.0,0.0,0.0,0.0
mr1_single_lif-pod_failure_single-k8s-v2-formal-r1-20260818102654,s15,single,1,cart,RCD_seed3,resource,user,user;sasrec,0.0,0.0,0.0,0.0,0.0,0.0,0.0,0.0,0.0,0.0,0.0,0.0,0.0,0.0
mr1_single_lif-pod_failure_single-k8s-v2-formal-r1-20260818102654,s15,single,1,cart,RCD_seed4,resource,review-query,review-query;catalog-gw,0.0,0.0,0.0,0.0,0.0,0.0,0.0,0.0,0.0,0.0,0.0,0.0,0.0,0.0
mr1_single_lif-pod_failure_single-k8s-v2-formal-r1-20260818102654,s15,single,1,cart,delta_ratio,resource,cart,cart;catalog-gw;catalog;order;host,1.0,1.0,1.0,1.0,1.0,1.0,1.0,1.0,1.0,1.0,1.0,1.0,1.0,1.0
mr1_single_lif-pod_failure_single-k8s-v2-formal-r1-20260818102654,s15,single,1,cart,delta_z,resource,cart,cart;user;checkout;inventory;search,1.0,1.0,1.0,1.0,1.0,1.0,1.0,1.0,1.0,1.0,1.0,1.0,1.0,1.0
mr1_single_lif-pod_failure_single-k8s-v2-formal-r1-20260818132318,s19,single,1,search,BARO,full,search,search;review-query;inventory;rec-agent;sasrec,1.0,1.0,1.0,1.0,1.0,1.0,1.0,1.0,1.0,1.0,1.0,1.0,1.0,1.0
mr1_single_lif-pod_failure_single-k8s-v2-formal-r1-20260818132318,s19,single,1,search,RCD_seed0,full,search,search;user,1.0,1.0,1.0,1.0,1.0,1.0,1.0,1.0,1.0,1.0,1.0,1.0,1.0,1.0
mr1_single_lif-pod_failure_single-k8s-v2-formal-r1-20260818132318,s19,single,1,search,RCD_seed1,full,checkout,checkout;review-query,0.0,0.0,0.0,0.0,0.0,0.0,0.0,0.0,0.0,0.0,0.0,0.0,0.0,0.0
mr1_single_lif-pod_failure_single-k8s-v2-formal-r1-20260818132318,s19,single,1,search,RCD_seed2,full,checkout,checkout;backend,0.0,0.0,0.0,0.0,0.0,0.0,0.0,0.0,0.0,0.0,0.0,0.0,0.0,0.0
mr1_single_lif-pod_failure_single-k8s-v2-formal-r1-20260818132318,s19,single,1,search,RCD_seed3,full,backend,backend,0.0,0.0,0.0,0.0,0.0,0.0,0.0,0.0,0.0,0.0,0.0,0.0,0.0,0.0
mr1_single_lif-pod_failure_single-k8s-v2-formal-r1-20260818132318,s19,single,1,search,RCD_seed4,full,checkout,checkout,0.0,0.0,0.0,0.0,0.0,0.0,0.0,0.0,0.0,0.0,0.0,0.0,0.0,0.0
mr1_single_lif-pod_failure_single-k8s-v2-formal-r1-20260818132318,s19,single,1,search,delta_ratio,full,search,search;review-query;user;cart;mysql,1.0,1.0,1.0,1.0,1.0,1.0,1.0,1.0,1.0,1.0,1.0,1.0,1.0,1.0
mr1_single_lif-pod_failure_single-k8s-v2-formal-r1-20260818132318,s19,single,1,search,delta_z,full,search,search;sasrec;mysql;pricing;checkout,1.0,1.0,1.0,1.0,1.0,1.0,1.0,1.0,1.0,1.0,1.0,1.0,1.0,1.0
mr1_single_lif-pod_failure_single-k8s-v2-formal-r1-20260818132318,s19,single,1,search,BARO,resource,search,search;review-query;inventory;user;checkout,1.0,1.0,1.0,1.0,1.0,1.0,1.0,1.0,1.0,1.0,1.0,1.0,1.0,1.0
mr1_single_lif-pod_failure_single-k8s-v2-formal-r1-20260818132318,s19,single,1,search,RCD_seed0,resource,sasrec,sasrec,0.0,0.0,0.0,0.0,0.0,0.0,0.0,0.0,0.0,0.0,0.0,0.0,0.0,0.0
mr1_single_lif-pod_failure_single-k8s-v2-formal-r1-20260818132318,s19,single,1,search,RCD_seed1,resource,inventory,inventory;pricing,0.0,0.0,0.0,0.0,0.0,0.0,0.0,0.0,0.0,0.0,0.0,0.0,0.0,0.0
mr1_single_lif-pod_failure_single-k8s-v2-formal-r1-20260818132318,s19,single,1,search,RCD_seed2,resource,order,order;checkout,0.0,0.0,0.0,0.0,0.0,0.0,0.0,0.0,0.0,0.0,0.0,0.0,0.0,0.0
mr1_single_lif-pod_failure_single-k8s-v2-formal-r1-20260818132318,s19,single,1,search,RCD_seed3,resource,backend,backend;user,0.0,0.0,0.0,0.0,0.0,0.0,0.0,0.0,0.0,0.0,0.0,0.0,0.0,0.0
mr1_single_lif-pod_failure_single-k8s-v2-formal-r1-20260818132318,s19,single,1,search,RCD_seed4,resource,order,order;sasrec,0.0,0.0,0.0,0.0,0.0,0.0,0.0,0.0,0.0,0.0,0.0,0.0,0.0,0.0
mr1_single_lif-pod_failure_single-k8s-v2-formal-r1-20260818132318,s19,single,1,search,delta_ratio,resource,review-query,review-query;mysql;search;catalog;catalog-gw,0.0,1.0,1.0,0.0,0.0,1.0,1.0,0.0,0.5,0.5,0.0,1.0,1.0,0.3333333333333333
mr1_single_lif-pod_failure_single-k8s-v2-formal-r1-20260818132318,s19,single,1,search,delta_z,resource,search,search;sasrec;mysql;pricing;checkout,1.0,1.0,1.0,1.0,1.0,1.0,1.0,1.0,1.0,1.0,1.0,1.0,1.0,1.0
mr2_intra_res-recagent_cpu_x_backend_cpu-k8s-v2-formal-r1-20260818133831,d20,dual,2,rec-agent;backend,BARO,full,rec-agent,rec-agent;backend;inventory;sasrec;pricing,1.0,1.0,1.0,1.0,0.0,1.0,1.0,1.0,1.0,1.0,0.5,1.0,1.0,0.75
mr2_intra_res-recagent_cpu_x_backend_cpu-k8s-v2-formal-r1-20260818133831,d20,dual,2,rec-agent;backend,RCD_seed0,full,search,search,0.0,0.0,0.0,0.0,0.0,0.0,0.0,0.0,0.0,0.0,0.0,0.0,0.0,0.0
mr2_intra_res-recagent_cpu_x_backend_cpu-k8s-v2-formal-r1-20260818133831,d20,dual,2,rec-agent;backend,RCD_seed1,full,search,search,0.0,0.0,0.0,0.0,0.0,0.0,0.0,0.0,0.0,0.0,0.0,0.0,0.0,0.0
mr2_intra_res-recagent_cpu_x_backend_cpu-k8s-v2-formal-r1-20260818133831,d20,dual,2,rec-agent;backend,RCD_seed2,full,search,search,0.0,0.0,0.0,0.0,0.0,0.0,0.0,0.0,0.0,0.0,0.0,0.0,0.0,0.0
mr2_intra_res-recagent_cpu_x_backend_cpu-k8s-v2-formal-r1-20260818133831,d20,dual,2,rec-agent;backend,RCD_seed3,full,search,search;user,0.0,0.0,0.0,0.0,0.0,0.0,0.0,0.0,0.0,0.0,0.0,0.0,0.0,0.0
mr2_intra_res-recagent_cpu_x_backend_cpu-k8s-v2-formal-r1-20260818133831,d20,dual,2,rec-agent;backend,RCD_seed4,full,search,search;user,0.0,0.0,0.0,0.0,0.0,0.0,0.0,0.0,0.0,0.0,0.0,0.0,0.0,0.0
mr2_intra_res-recagent_cpu_x_backend_cpu-k8s-v2-formal-r1-20260818133831,d20,dual,2,rec-agent;backend,delta_ratio,full,rec-agent,rec-agent;backend;host;cart;catalog,1.0,1.0,1.0,1.0,0.0,1.0,1.0,1.0,1.0,1.0,0.5,1.0,1.0,0.75
mr2_intra_res-recagent_cpu_x_backend_cpu-k8s-v2-formal-r1-20260818133831,d20,dual,2,rec-agent;backend,delta_z,full,backend,backend;rec-agent;host;catalog;order,1.0,1.0,1.0,1.0,0.0,1.0,1.0,1.0,1.0,1.0,0.5,1.0,1.0,0.75
mr2_intra_res-recagent_cpu_x_backend_cpu-k8s-v2-formal-r1-20260818133831,d20,dual,2,rec-agent;backend,BARO,resource,backend,backend;host;rec-agent;user;order,1.0,1.0,1.0,0.5,0.0,1.0,1.0,1.0,0.9197207891481876,0.9197207891481876,0.5,1.0,1.0,0.6666666666666666
mr2_intra_res-recagent_cpu_x_backend_cpu-k8s-v2-formal-r1-20260818133831,d20,dual,2,rec-agent;backend,RCD_seed0,resource,user,user;search,0.0,0.0,0.0,0.0,0.0,0.0,0.0,0.0,0.0,0.0,0.0,0.0,0.0,0.0
mr2_intra_res-recagent_cpu_x_backend_cpu-k8s-v2-formal-r1-20260818133831,d20,dual,2,rec-agent;backend,RCD_seed1,resource,user,user;search,0.0,0.0,0.0,0.0,0.0,0.0,0.0,0.0,0.0,0.0,0.0,0.0,0.0,0.0
mr2_intra_res-recagent_cpu_x_backend_cpu-k8s-v2-formal-r1-20260818133831,d20,dual,2,rec-agent;backend,RCD_seed2,resource,user,user,0.0,0.0,0.0,0.0,0.0,0.0,0.0,0.0,0.0,0.0,0.0,0.0,0.0,0.0
mr2_intra_res-recagent_cpu_x_backend_cpu-k8s-v2-formal-r1-20260818133831,d20,dual,2,rec-agent;backend,RCD_seed3,resource,user,user;search,0.0,0.0,0.0,0.0,0.0,0.0,0.0,0.0,0.0,0.0,0.0,0.0,0.0,0.0
mr2_intra_res-recagent_cpu_x_backend_cpu-k8s-v2-formal-r1-20260818133831,d20,dual,2,rec-agent;backend,RCD_seed4,resource,search,search,0.0,0.0,0.0,0.0,0.0,0.0,0.0,0.0,0.0,0.0,0.0,0.0,0.0,0.0
mr2_intra_res-recagent_cpu_x_backend_cpu-k8s-v2-formal-r1-20260818133831,d20,dual,2,rec-agent;backend,delta_ratio,resource,rec-agent,rec-agent;backend;host;search;user,1.0,1.0,1.0,1.0,0.0,1.0,1.0,1.0,1.0,1.0,0.5,1.0,1.0,0.75
mr2_intra_res-recagent_cpu_x_backend_cpu-k8s-v2-formal-r1-20260818133831,d20,dual,2,rec-agent;backend,delta_z,resource,rec-agent,rec-agent;backend;host;order;inventory,1.0,1.0,1.0,1.0,0.0,1.0,1.0,1.0,1.0,1.0,0.5,1.0,1.0,0.75
mr2_intra_res-host_cpu_x_svccpu-k8s-v2-formal-r1-20260818134203,d03,dual,2,host;catalog,BARO,full,search,search;pricing;user;backend;cart,0.0,0.0,0.0,0.0,0.0,0.0,0.0,0.0,0.0,0.0,0.0,0.0,0.0,0.10096153846153846
mr2_intra_res-host_cpu_x_svccpu-k8s-v2-formal-r1-20260818134203,d03,dual,2,host;catalog,RCD_seed0,full,pricing,pricing;review-query,0.0,0.0,0.0,0.0,0.0,0.0,0.0,0.0,0.0,0.0,0.0,0.0,0.0,0.0
mr2_intra_res-host_cpu_x_svccpu-k8s-v2-formal-r1-20260818134203,d03,dual,2,host;catalog,RCD_seed1,full,search,search,0.0,0.0,0.0,0.0,0.0,0.0,0.0,0.0,0.0,0.0,0.0,0.0,0.0,0.0
mr2_intra_res-host_cpu_x_svccpu-k8s-v2-formal-r1-20260818134203,d03,dual,2,host;catalog,RCD_seed2,full,user,user;sasrec,0.0,0.0,0.0,0.0,0.0,0.0,0.0,0.0,0.0,0.0,0.0,0.0,0.0,0.0
mr2_intra_res-host_cpu_x_svccpu-k8s-v2-formal-r1-20260818134203,d03,dual,2,host;catalog,RCD_seed3,full,user,user;pricing,0.0,0.0,0.0,0.0,0.0,0.0,0.0,0.0,0.0,0.0,0.0,0.0,0.0,0.0
mr2_intra_res-host_cpu_x_svccpu-k8s-v2-formal-r1-20260818134203,d03,dual,2,host;catalog,RCD_seed4,full,catalog-gw,catalog-gw;search,0.0,0.0,0.0,0.0,0.0,0.0,0.0,0.0,0.0,0.0,0.0,0.0,0.0,0.0
mr2_intra_res-host_cpu_x_svccpu-k8s-v2-formal-r1-20260818134203,d03,dual,2,host;catalog,delta_ratio,full,catalog,catalog;host;catalog-gw;pricing;review-query,1.0,1.0,1.0,1.0,0.0,1.0,1.0,1.0,1.0,1.0,0.5,1.0,1.0,0.75
mr2_intra_res-host_cpu_x_svccpu-k8s-v2-formal-r1-20260818134203,d03,dual,2,host;catalog,delta_z,full,backend,backend;sasrec;catalog;search;pricing,0.0,1.0,1.0,0.0,0.0,0.0,0.0,0.0,0.3065735963827292,0.3065735963827292,0.0,0.5,0.5,0.25
mr2_intra_res-host_cpu_x_svccpu-k8s-v2-formal-r1-20260818134203,d03,dual,2,host;catalog,BARO,resource,search,search;user;review-query;catalog;pricing,0.0,0.0,1.0,0.0,0.0,0.0,0.0,0.0,0.0,0.2640681225725909,0.0,0.0,0.5,0.19642857142857142
mr2_intra_res-host_cpu_x_svccpu-k8s-v2-formal-r1-20260818134203,d03,dual,2,host;catalog,RCD_seed0,resource,catalog-gw,catalog-gw,0.0,0.0,0.0,0.0,0.0,0.0,0.0,0.0,0.0,0.0,0.0,0.0,0.0,0.0
mr2_intra_res-host_cpu_x_svccpu-k8s-v2-formal-r1-20260818134203,d03,dual,2,host;catalog,RCD_seed1,resource,user,user;catalog,0.0,1.0,1.0,0.5,0.0,0.0,0.0,0.0,0.38685280723454163,0.38685280723454163,0.0,0.5,0.5,0.25
mr2_intra_res-host_cpu_x_svccpu-k8s-v2-formal-r1-20260818134203,d03,dual,2,host;catalog,RCD_seed2,resource,pricing,pricing;search,0.0,0.0,0.0,0.0,0.0,0.0,0.0,0.0,0.0,0.0,0.0,0.0,0.0,0.0
mr2_intra_res-host_cpu_x_svccpu-k8s-v2-formal-r1-20260818134203,d03,dual,2,host;catalog,RCD_seed3,resource,order,order;catalog;pricing,0.0,1.0,1.0,0.5,0.0,0.0,0.0,0.0,0.38685280723454163,0.38685280723454163,0.0,0.5,0.5,0.25
mr2_intra_res-host_cpu_x_svccpu-k8s-v2-formal-r1-20260818134203,d03,dual,2,host;catalog,RCD_seed4,resource,cart,cart;sasrec;review-query,0.0,0.0,0.0,0.0,0.0,0.0,0.0,0.0,0.0,0.0,0.0,0.0,0.0,0.0
mr2_intra_res-host_cpu_x_svccpu-k8s-v2-formal-r1-20260818134203,d03,dual,2,host;catalog,delta_ratio,resource,catalog,catalog;host;catalog-gw;search;pricing,1.0,1.0,1.0,1.0,0.0,1.0,1.0,1.0,1.0,1.0,0.5,1.0,1.0,0.75
mr2_intra_res-host_cpu_x_svccpu-k8s-v2-formal-r1-20260818134203,d03,dual,2,host;catalog,delta_z,resource,sasrec,sasrec;catalog;search;pricing;host,0.0,1.0,1.0,0.5,0.0,0.0,1.0,0.0,0.38685280723454163,0.6240505200038379,0.0,0.5,1.0,0.35
mr3_cross_res-backend_cpu_x_sasrec_cpu_x_gw_netdelay-k8s-v2-formal-r1-20260818135611,t06,triple,3,backend;sasrec;catalog-gw,BARO,full,checkout,checkout;sasrec;pricing;backend;host,0.0,1.0,1.0,0.3333333333333333,0.0,0.0,0.0,0.0,0.2960819109658652,0.49818925746641285,0.0,0.3333333333333333,0.6666666666666666,0.3055555555555555
mr3_cross_res-backend_cpu_x_sasrec_cpu_x_gw_netdelay-k8s-v2-formal-r1-20260818135611,t06,triple,3,backend;sasrec;catalog-gw,RCD_seed0,full,inventory,inventory,0.0,0.0,0.0,0.0,0.0,0.0,0.0,0.0,0.0,0.0,0.0,0.0,0.0,0.0
mr3_cross_res-backend_cpu_x_sasrec_cpu_x_gw_netdelay-k8s-v2-formal-r1-20260818135611,t06,triple,3,backend;sasrec;catalog-gw,RCD_seed1,full,inventory,inventory,0.0,0.0,0.0,0.0,0.0,0.0,0.0,0.0,0.0,0.0,0.0,0.0,0.0,0.0
mr3_cross_res-backend_cpu_x_sasrec_cpu_x_gw_netdelay-k8s-v2-formal-r1-20260818135611,t06,triple,3,backend;sasrec;catalog-gw,RCD_seed2,full,inventory,inventory,0.0,0.0,0.0,0.0,0.0,0.0,0.0,0.0,0.0,0.0,0.0,0.0,0.0,0.0
mr3_cross_res-backend_cpu_x_sasrec_cpu_x_gw_netdelay-k8s-v2-formal-r1-20260818135611,t06,triple,3,backend;sasrec;catalog-gw,RCD_seed3,full,inventory,inventory,0.0,0.0,0.0,0.0,0.0,0.0,0.0,0.0,0.0,0.0,0.0,0.0,0.0,0.0
mr3_cross_res-backend_cpu_x_sasrec_cpu_x_gw_netdelay-k8s-v2-formal-r1-20260818135611,t06,triple,3,backend;sasrec;catalog-gw,RCD_seed4,full,backend,backend,1.0,1.0,1.0,0.3333333333333333,0.0,0.0,0.0,1.0,0.46927872602275644,0.46927872602275644,0.3333333333333333,0.3333333333333333,0.3333333333333333,0.3333333333333333
mr3_cross_res-backend_cpu_x_sasrec_cpu_x_gw_netdelay-k8s-v2-formal-r1-20260818135611,t06,triple,3,backend;sasrec;catalog-gw,delta_ratio,full,sasrec,sasrec;backend;host;mysql;pricing,1.0,1.0,1.0,0.6666666666666666,0.0,0.0,0.0,1.0,0.7653606369886217,0.7653606369886217,0.3333333333333333,0.6666666666666666,0.6666666666666666,0.5370370370370371
mr3_cross_res-backend_cpu_x_sasrec_cpu_x_gw_netdelay-k8s-v2-formal-r1-20260818135611,t06,triple,3,backend;sasrec;catalog-gw,delta_z,full,sasrec,sasrec;backend;host;mysql;checkout,1.0,1.0,1.0,0.6666666666666666,0.0,0.0,0.0,1.0,0.7653606369886217,0.7653606369886217,0.3333333333333333,0.6666666666666666,0.6666666666666666,0.5476190476190476
mr3_cross_res-backend_cpu_x_sasrec_cpu_x_gw_netdelay-k8s-v2-formal-r1-20260818135611,t06,triple,3,backend;sasrec;catalog-gw,BARO,resource,sasrec,sasrec;backend;host;catalog-gw;catalog,1.0,1.0,1.0,0.6666666666666666,0.0,0.0,1.0,1.0,0.7653606369886217,0.9674679834891693,0.3333333333333333,0.6666666666666666,1.0,0.5833333333333334
mr3_cross_res-backend_cpu_x_sasrec_cpu_x_gw_netdelay-k8s-v2-formal-r1-20260818135611,t06,triple,3,backend;sasrec;catalog-gw,RCD_seed0,resource,backend,backend;inventory,1.0,1.0,1.0,0.3333333333333333,0.0,0.0,0.0,1.0,0.46927872602275644,0.46927872602275644,0.3333333333333333,0.3333333333333333,0.3333333333333333,0.3333333333333333
mr3_cross_res-backend_cpu_x_sasrec_cpu_x_gw_netdelay-k8s-v2-formal-r1-20260818135611,t06,triple,3,backend;sasrec;catalog-gw,RCD_seed1,resource,backend,backend,1.0,1.0,1.0,0.3333333333333333,0.0,0.0,0.0,1.0,0.46927872602275644,0.46927872602275644,0.3333333333333333,0.3333333333333333,0.3333333333333333,0.3333333333333333
mr3_cross_res-backend_cpu_x_sasrec_cpu_x_gw_netdelay-k8s-v2-formal-r1-20260818135611,t06,triple,3,backend;sasrec;catalog-gw,RCD_seed2,resource,backend,backend,1.0,1.0,1.0,0.3333333333333333,0.0,0.0,0.0,1.0,0.46927872602275644,0.46927872602275644,0.3333333333333333,0.3333333333333333,0.3333333333333333,0.3333333333333333
mr3_cross_res-backend_cpu_x_sasrec_cpu_x_gw_netdelay-k8s-v2-formal-r1-20260818135611,t06,triple,3,backend;sasrec;catalog-gw,RCD_seed3,resource,inventory,inventory;backend,0.0,1.0,1.0,0.3333333333333333,0.0,0.0,0.0,0.0,0.2960819109658652,0.2960819109658652,0.0,0.3333333333333333,0.3333333333333333,0.16666666666666666
mr3_cross_res-backend_cpu_x_sasrec_cpu_x_gw_netdelay-k8s-v2-formal-r1-20260818135611,t06,triple,3,backend;sasrec;catalog-gw,RCD_seed4,resource,backend,backend,1.0,1.0,1.0,0.3333333333333333,0.0,0.0,0.0,1.0,0.46927872602275644,0.46927872602275644,0.3333333333333333,0.3333333333333333,0.3333333333333333,0.3333333333333333
mr3_cross_res-backend_cpu_x_sasrec_cpu_x_gw_netdelay-k8s-v2-formal-r1-20260818135611,t06,triple,3,backend;sasrec;catalog-gw,delta_ratio,resource,sasrec,sasrec;backend;host;mysql;checkout,1.0,1.0,1.0,0.6666666666666666,0.0,0.0,0.0,1.0,0.7653606369886217,0.7653606369886217,0.3333333333333333,0.6666666666666666,0.6666666666666666,0.5555555555555555
mr3_cross_res-backend_cpu_x_sasrec_cpu_x_gw_netdelay-k8s-v2-formal-r1-20260818135611,t06,triple,3,backend;sasrec;catalog-gw,delta_z,resource,sasrec,sasrec;backend;host;mysql;catalog-gw,1.0,1.0,1.0,0.6666666666666666,0.0,0.0,1.0,1.0,0.7653606369886217,0.9469024295259745,0.3333333333333333,0.6666666666666666,1.0,0.5666666666666667
mr3_cross_net-recagent_netdelay_x_sasrec_cpu_x_catalog_podfail-k8s-v2-formal-r1-20260818141054,t07,triple,3,rec-agent;sasrec;catalog,BARO,full,rec-agent,rec-agent;sasrec;order;catalog;host,1.0,1.0,1.0,0.6666666666666666,0.0,0.0,1.0,1.0,0.7653606369886217,0.9674679834891693,0.3333333333333333,0.6666666666666666,1.0,0.5833333333333334
mr3_cross_net-recagent_netdelay_x_sasrec_cpu_x_catalog_podfail-k8s-v2-formal-r1-20260818141054,t07,triple,3,rec-agent;sasrec;catalog,RCD_seed0,full,sasrec,sasrec,1.0,1.0,1.0,0.3333333333333333,0.0,0.0,0.0,1.0,0.46927872602275644,0.46927872602275644,0.3333333333333333,0.3333333333333333,0.3333333333333333,0.3333333333333333
mr3_cross_net-recagent_netdelay_x_sasrec_cpu_x_catalog_podfail-k8s-v2-formal-r1-20260818141054,t07,triple,3,rec-agent;sasrec;catalog,RCD_seed1,full,rec-agent,rec-agent;sasrec,1.0,1.0,1.0,0.6666666666666666,0.0,0.0,0.0,1.0,0.7653606369886217,0.7653606369886217,0.3333333333333333,0.6666666666666666,0.6666666666666666,0.5
mr3_cross_net-recagent_netdelay_x_sasrec_cpu_x_catalog_podfail-k8s-v2-formal-r1-20260818141054,t07,triple,3,rec-agent;sasrec;catalog,RCD_seed2,full,sasrec,sasrec;cart,1.0,1.0,1.0,0.3333333333333333,0.0,0.0,0.0,1.0,0.46927872602275644,0.46927872602275644,0.3333333333333333,0.3333333333333333,0.3333333333333333,0.3333333333333333
mr3_cross_net-recagent_netdelay_x_sasrec_cpu_x_catalog_podfail-k8s-v2-formal-r1-20260818141054,t07,triple,3,rec-agent;sasrec;catalog,RCD_seed3,full,rec-agent,rec-agent,1.0,1.0,1.0,0.3333333333333333,0.0,0.0,0.0,1.0,0.46927872602275644,0.46927872602275644,0.3333333333333333,0.3333333333333333,0.3333333333333333,0.3333333333333333
mr3_cross_net-recagent_netdelay_x_sasrec_cpu_x_catalog_podfail-k8s-v2-formal-r1-20260818141054,t07,triple,3,rec-agent;sasrec;catalog,RCD_seed4,full,sasrec,sasrec,1.0,1.0,1.0,0.3333333333333333,0.0,0.0,0.0,1.0,0.46927872602275644,0.46927872602275644,0.3333333333333333,0.3333333333333333,0.3333333333333333,0.3333333333333333
mr3_cross_net-recagent_netdelay_x_sasrec_cpu_x_catalog_podfail-k8s-v2-formal-r1-20260818141054,t07,triple,3,rec-agent;sasrec;catalog,delta_ratio,full,sasrec,sasrec;host;rec-agent;backend;cart,1.0,1.0,1.0,0.6666666666666666,0.0,0.0,0.0,1.0,0.7039180890341347,0.7039180890341347,0.3333333333333333,0.6666666666666666,0.6666666666666666,0.5
mr3_cross_net-recagent_netdelay_x_sasrec_cpu_x_catalog_podfail-k8s-v2-formal-r1-20260818141054,t07,triple,3,rec-agent;sasrec;catalog,delta_z,full,catalog,catalog;sasrec;host;rec-agent;backend,1.0,1.0,1.0,0.6666666666666666,0.0,0.0,1.0,1.0,0.7653606369886217,0.9674679834891693,0.3333333333333333,0.6666666666666666,1.0,0.5833333333333334
mr3_cross_net-recagent_netdelay_x_sasrec_cpu_x_catalog_podfail-k8s-v2-formal-r1-20260818141054,t07,triple,3,rec-agent;sasrec;catalog,BARO,resource,sasrec,sasrec;catalog;host;search;review-query,1.0,1.0,1.0,0.6666666666666666,0.0,0.0,0.0,1.0,0.7653606369886217,0.7653606369886217,0.3333333333333333,0.6666666666666666,0.6666666666666666,0.5555555555555555
mr3_cross_net-recagent_netdelay_x_sasrec_cpu_x_catalog_podfail-k8s-v2-formal-r1-20260818141054,t07,triple,3,rec-agent;sasrec;catalog,RCD_seed0,resource,cart,cart;sasrec,0.0,1.0,1.0,0.3333333333333333,0.0,0.0,0.0,0.0,0.2960819109658652,0.2960819109658652,0.0,0.3333333333333333,0.3333333333333333,0.16666666666666666
mr3_cross_net-recagent_netdelay_x_sasrec_cpu_x_catalog_podfail-k8s-v2-formal-r1-20260818141054,t07,triple,3,rec-agent;sasrec;catalog,RCD_seed1,resource,sasrec,sasrec,1.0,1.0,1.0,0.3333333333333333,0.0,0.0,0.0,1.0,0.46927872602275644,0.46927872602275644,0.3333333333333333,0.3333333333333333,0.3333333333333333,0.3333333333333333
mr3_cross_net-recagent_netdelay_x_sasrec_cpu_x_catalog_podfail-k8s-v2-formal-r1-20260818141054,t07,triple,3,rec-agent;sasrec;catalog,RCD_seed2,resource,sasrec,sasrec,1.0,1.0,1.0,0.3333333333333333,0.0,0.0,0.0,1.0,0.46927872602275644,0.46927872602275644,0.3333333333333333,0.3333333333333333,0.3333333333333333,0.3333333333333333
mr3_cross_net-recagent_netdelay_x_sasrec_cpu_x_catalog_podfail-k8s-v2-formal-r1-20260818141054,t07,triple,3,rec-agent;sasrec;catalog,RCD_seed3,resource,cart,cart,0.0,0.0,0.0,0.0,0.0,0.0,0.0,0.0,0.0,0.0,0.0,0.0,0.0,0.0
mr3_cross_net-recagent_netdelay_x_sasrec_cpu_x_catalog_podfail-k8s-v2-formal-r1-20260818141054,t07,triple,3,rec-agent;sasrec;catalog,RCD_seed4,resource,sasrec,sasrec,1.0,1.0,1.0,0.3333333333333333,0.0,0.0,0.0,1.0,0.46927872602275644,0.46927872602275644,0.3333333333333333,0.3333333333333333,0.3333333333333333,0.3333333333333333
mr3_cross_net-recagent_netdelay_x_sasrec_cpu_x_catalog_podfail-k8s-v2-formal-r1-20260818141054,t07,triple,3,rec-agent;sasrec;catalog,delta_ratio,resource,sasrec,sasrec;host;catalog;rec-agent;checkout,1.0,1.0,1.0,0.6666666666666666,0.0,0.0,1.0,1.0,0.7039180890341347,0.9060254355346823,0.3333333333333333,0.6666666666666666,1.0,0.5277777777777778
mr3_cross_net-recagent_netdelay_x_sasrec_cpu_x_catalog_podfail-k8s-v2-formal-r1-20260818141054,t07,triple,3,rec-agent;sasrec;catalog,delta_z,resource,catalog,catalog;sasrec;host;search;review-query,1.0,1.0,1.0,0.6666666666666666,0.0,0.0,0.0,1.0,0.7653606369886217,0.7653606369886217,0.3333333333333333,0.6666666666666666,0.6666666666666666,0.5256410256410257
mr3_cross_lif-order_podfail_x_reviewquery_cpu_x_catalog_cpu-k8s-v2-formal-r1-20260818142515,t08,triple,3,order;review-query;catalog,BARO,full,order,order;review-query;cart;inventory;catalog-gw,1.0,1.0,1.0,0.6666666666666666,0.0,0.0,0.0,1.0,0.7653606369886217,0.7653606369886217,0.3333333333333333,0.6666666666666666,0.6666666666666666,0.5476190476190476
mr3_cross_lif-order_podfail_x_reviewquery_cpu_x_catalog_cpu-k8s-v2-formal-r1-20260818142515,t08,triple,3,order;review-query;catalog,RCD_seed0,full,review-query,review-query;search,1.0,1.0,1.0,0.3333333333333333,0.0,0.0,0.0,1.0,0.46927872602275644,0.46927872602275644,0.3333333333333333,0.3333333333333333,0.3333333333333333,0.3333333333333333
mr3_cross_lif-order_podfail_x_reviewquery_cpu_x_catalog_cpu-k8s-v2-formal-r1-20260818142515,t08,triple,3,order;review-query;catalog,RCD_seed1,full,review-query,review-query,1.0,1.0,1.0,0.3333333333333333,0.0,0.0,0.0,1.0,0.46927872602275644,0.46927872602275644,0.3333333333333333,0.3333333333333333,0.3333333333333333,0.3333333333333333
mr3_cross_lif-order_podfail_x_reviewquery_cpu_x_catalog_cpu-k8s-v2-formal-r1-20260818142515,t08,triple,3,order;review-query;catalog,RCD_seed2,full,review-query,review-query,1.0,1.0,1.0,0.3333333333333333,0.0,0.0,0.0,1.0,0.46927872602275644,0.46927872602275644,0.3333333333333333,0.3333333333333333,0.3333333333333333,0.3333333333333333
mr3_cross_lif-order_podfail_x_reviewquery_cpu_x_catalog_cpu-k8s-v2-formal-r1-20260818142515,t08,triple,3,order;review-query;catalog,RCD_seed3,full,review-query,review-query,1.0,1.0,1.0,0.3333333333333333,0.0,0.0,0.0,1.0,0.46927872602275644,0.46927872602275644,0.3333333333333333,0.3333333333333333,0.3333333333333333,0.3333333333333333
mr3_cross_lif-order_podfail_x_reviewquery_cpu_x_catalog_cpu-k8s-v2-formal-r1-20260818142515,t08,triple,3,order;review-query;catalog,RCD_seed4,full,review-query,review-query,1.0,1.0,1.0,0.3333333333333333,0.0,0.0,0.0,1.0,0.46927872602275644,0.46927872602275644,0.3333333333333333,0.3333333333333333,0.3333333333333333,0.3333333333333333
mr3_cross_lif-order_podfail_x_reviewquery_cpu_x_catalog_cpu-k8s-v2-formal-r1-20260818142515,t08,triple,3,order;review-query;catalog,delta_ratio,full,review-query,review-query;catalog;host;pricing;checkout,1.0,1.0,1.0,0.6666666666666666,0.0,0.0,0.0,1.0,0.7653606369886217,0.7653606369886217,0.3333333333333333,0.6666666666666666,0.6666666666666666,0.5416666666666666
mr3_cross_lif-order_podfail_x_reviewquery_cpu_x_catalog_cpu-k8s-v2-formal-r1-20260818142515,t08,triple,3,order;review-query;catalog,delta_z,full,order,order;review-query;catalog;host;checkout,1.0,1.0,1.0,1.0,0.0,1.0,1.0,1.0,1.0,1.0,0.3333333333333333,1.0,1.0,0.611111111111111
mr3_cross_lif-order_podfail_x_reviewquery_cpu_x_catalog_cpu-k8s-v2-formal-r1-20260818142515,t08,triple,3,order;review-query;catalog,BARO,resource,order,order;review-query;catalog-gw;catalog;host,1.0,1.0,1.0,0.6666666666666666,0.0,0.0,1.0,1.0,0.7653606369886217,0.9674679834891693,0.3333333333333333,0.6666666666666666,1.0,0.5833333333333334
mr3_cross_lif-order_podfail_x_reviewquery_cpu_x_catalog_cpu-k8s-v2-formal-r1-20260818142515,t08,triple,3,order;review-query;catalog,RCD_seed0,resource,review-query,review-query,1.0,1.0,1.0,0.3333333333333333,0.0,0.0,0.0,1.0,0.46927872602275644,0.46927872602275644,0.3333333333333333,0.3333333333333333,0.3333333333333333,0.3333333333333333
mr3_cross_lif-order_podfail_x_reviewquery_cpu_x_catalog_cpu-k8s-v2-formal-r1-20260818142515,t08,triple,3,order;review-query;catalog,RCD_seed1,resource,review-query,review-query,1.0,1.0,1.0,0.3333333333333333,0.0,0.0,0.0,1.0,0.46927872602275644,0.46927872602275644,0.3333333333333333,0.3333333333333333,0.3333333333333333,0.3333333333333333
mr3_cross_lif-order_podfail_x_reviewquery_cpu_x_catalog_cpu-k8s-v2-formal-r1-20260818142515,t08,triple,3,order;review-query;catalog,RCD_seed2,resource,review-query,review-query,1.0,1.0,1.0,0.3333333333333333,0.0,0.0,0.0,1.0,0.46927872602275644,0.46927872602275644,0.3333333333333333,0.3333333333333333,0.3333333333333333,0.3333333333333333
mr3_cross_lif-order_podfail_x_reviewquery_cpu_x_catalog_cpu-k8s-v2-formal-r1-20260818142515,t08,triple,3,order;review-query;catalog,RCD_seed3,resource,review-query,review-query,1.0,1.0,1.0,0.3333333333333333,0.0,0.0,0.0,1.0,0.46927872602275644,0.46927872602275644,0.3333333333333333,0.3333333333333333,0.3333333333333333,0.3333333333333333
mr3_cross_lif-order_podfail_x_reviewquery_cpu_x_catalog_cpu-k8s-v2-formal-r1-20260818142515,t08,triple,3,order;review-query;catalog,RCD_seed4,resource,review-query,review-query,1.0,1.0,1.0,0.3333333333333333,0.0,0.0,0.0,1.0,0.46927872602275644,0.46927872602275644,0.3333333333333333,0.3333333333333333,0.3333333333333333,0.3333333333333333
mr3_cross_lif-order_podfail_x_reviewquery_cpu_x_catalog_cpu-k8s-v2-formal-r1-20260818142515,t08,triple,3,order;review-query;catalog,delta_ratio,resource,review-query,review-query;catalog;host;order;user,1.0,1.0,1.0,0.6666666666666666,0.0,0.0,1.0,1.0,0.7653606369886217,0.9674679834891693,0.3333333333333333,0.6666666666666666,1.0,0.5833333333333334
mr3_cross_lif-order_podfail_x_reviewquery_cpu_x_catalog_cpu-k8s-v2-formal-r1-20260818142515,t08,triple,3,order;review-query;catalog,delta_z,resource,order,order;review-query;catalog;host;catalog-gw,1.0,1.0,1.0,1.0,0.0,1.0,1.0,1.0,1.0,1.0,0.3333333333333333,1.0,1.0,0.611111111111111
mr2_cross_lif-checkout_podfail_x_inv_latency-k8s-v2-formal-r1-20260818144321,d17,dual,2,checkout;inventory,BARO,full,inventory,inventory;checkout;backend;user;search,1.0,1.0,1.0,1.0,0.0,1.0,1.0,1.0,1.0,1.0,0.5,1.0,1.0,0.75
mr2_cross_lif-checkout_podfail_x_inv_latency-k8s-v2-formal-r1-20260818144321,d17,dual,2,checkout;inventory,RCD_seed0,full,order,order,0.0,0.0,0.0,0.0,0.0,0.0,0.0,0.0,0.0,0.0,0.0,0.0,0.0,0.0
mr2_cross_lif-checkout_podfail_x_inv_latency-k8s-v2-formal-r1-20260818144321,d17,dual,2,checkout;inventory,RCD_seed1,full,order,order,0.0,0.0,0.0,0.0,0.0,0.0,0.0,0.0,0.0,0.0,0.0,0.0,0.0,0.0
mr2_cross_lif-checkout_podfail_x_inv_latency-k8s-v2-formal-r1-20260818144321,d17,dual,2,checkout;inventory,RCD_seed2,full,review-query,review-query;order,0.0,0.0,0.0,0.0,0.0,0.0,0.0,0.0,0.0,0.0,0.0,0.0,0.0,0.0
mr2_cross_lif-checkout_podfail_x_inv_latency-k8s-v2-formal-r1-20260818144321,d17,dual,2,checkout;inventory,RCD_seed3,full,order,order,0.0,0.0,0.0,0.0,0.0,0.0,0.0,0.0,0.0,0.0,0.0,0.0,0.0,0.0
mr2_cross_lif-checkout_podfail_x_inv_latency-k8s-v2-formal-r1-20260818144321,d17,dual,2,checkout;inventory,RCD_seed4,full,review-query,review-query,0.0,0.0,0.0,0.0,0.0,0.0,0.0,0.0,0.0,0.0,0.0,0.0,0.0,0.0
mr2_cross_lif-checkout_podfail_x_inv_latency-k8s-v2-formal-r1-20260818144321,d17,dual,2,checkout;inventory,delta_ratio,full,inventory,inventory;checkout;catalog;review-query;sasrec,1.0,1.0,1.0,1.0,0.0,1.0,1.0,1.0,1.0,1.0,0.5,1.0,1.0,0.75
mr2_cross_lif-checkout_podfail_x_inv_latency-k8s-v2-formal-r1-20260818144321,d17,dual,2,checkout;inventory,delta_z,full,checkout,checkout;inventory;backend;host;review-query,1.0,1.0,1.0,1.0,0.0,1.0,1.0,1.0,1.0,1.0,0.5,1.0,1.0,0.75
mr2_cross_lif-checkout_podfail_x_inv_latency-k8s-v2-formal-r1-20260818144321,d17,dual,2,checkout;inventory,BARO,resource,checkout,checkout;inventory;search;catalog-gw;review-query,1.0,1.0,1.0,1.0,0.0,1.0,1.0,1.0,1.0,1.0,0.5,1.0,1.0,0.75
mr2_cross_lif-checkout_podfail_x_inv_latency-k8s-v2-formal-r1-20260818144321,d17,dual,2,checkout;inventory,RCD_seed0,resource,review-query,review-query,0.0,0.0,0.0,0.0,0.0,0.0,0.0,0.0,0.0,0.0,0.0,0.0,0.0,0.0
mr2_cross_lif-checkout_podfail_x_inv_latency-k8s-v2-formal-r1-20260818144321,d17,dual,2,checkout;inventory,RCD_seed1,resource,review-query,review-query,0.0,0.0,0.0,0.0,0.0,0.0,0.0,0.0,0.0,0.0,0.0,0.0,0.0,0.0
mr2_cross_lif-checkout_podfail_x_inv_latency-k8s-v2-formal-r1-20260818144321,d17,dual,2,checkout;inventory,RCD_seed2,resource,order,order;review-query,0.0,0.0,0.0,0.0,0.0,0.0,0.0,0.0,0.0,0.0,0.0,0.0,0.0,0.0
mr2_cross_lif-checkout_podfail_x_inv_latency-k8s-v2-formal-r1-20260818144321,d17,dual,2,checkout;inventory,RCD_seed3,resource,review-query,review-query;order,0.0,0.0,0.0,0.0,0.0,0.0,0.0,0.0,0.0,0.0,0.0,0.0,0.0,0.0
mr2_cross_lif-checkout_podfail_x_inv_latency-k8s-v2-formal-r1-20260818144321,d17,dual,2,checkout;inventory,RCD_seed4,resource,review-query,review-query;order,0.0,0.0,0.0,0.0,0.0,0.0,0.0,0.0,0.0,0.0,0.0,0.0,0.0,0.0
mr2_cross_lif-checkout_podfail_x_inv_latency-k8s-v2-formal-r1-20260818144321,d17,dual,2,checkout;inventory,delta_ratio,resource,checkout,checkout;inventory;host;backend;review-query,1.0,1.0,1.0,1.0,0.0,1.0,1.0,1.0,1.0,1.0,0.5,1.0,1.0,0.75
mr2_cross_lif-checkout_podfail_x_inv_latency-k8s-v2-formal-r1-20260818144321,d17,dual,2,checkout;inventory,delta_z,resource,checkout,checkout;inventory;host;review-query;cart,1.0,1.0,1.0,1.0,0.0,1.0,1.0,1.0,1.0,1.0,0.5,1.0,1.0,0.75
mr1_single_net-net_loss_single-k8s-v2-formal-r1-20260818145029,s02,single,1,catalog-gw,BARO,full,pricing,pricing;checkout;cart;sasrec;inventory,0.0,0.0,0.0,0.0,0.0,0.0,0.0,0.0,0.0,0.0,0.0,0.0,0.0,0.07692307692307693
mr1_single_net-net_loss_single-k8s-v2-formal-r1-20260818145029,s02,single,1,catalog-gw,RCD_seed0,full,order,order,0.0,0.0,0.0,0.0,0.0,0.0,0.0,0.0,0.0,0.0,0.0,0.0,0.0,0.0
mr1_single_net-net_loss_single-k8s-v2-formal-r1-20260818145029,s02,single,1,catalog-gw,RCD_seed1,full,order,order;pricing,0.0,0.0,0.0,0.0,0.0,0.0,0.0,0.0,0.0,0.0,0.0,0.0,0.0,0.0
mr1_single_net-net_loss_single-k8s-v2-formal-r1-20260818145029,s02,single,1,catalog-gw,RCD_seed2,full,order,order;user,0.0,0.0,0.0,0.0,0.0,0.0,0.0,0.0,0.0,0.0,0.0,0.0,0.0,0.0
mr1_single_net-net_loss_single-k8s-v2-formal-r1-20260818145029,s02,single,1,catalog-gw,RCD_seed3,full,pricing,pricing;order,0.0,0.0,0.0,0.0,0.0,0.0,0.0,0.0,0.0,0.0,0.0,0.0,0.0,0.0
mr1_single_net-net_loss_single-k8s-v2-formal-r1-20260818145029,s02,single,1,catalog-gw,RCD_seed4,full,pricing,pricing,0.0,0.0,0.0,0.0,0.0,0.0,0.0,0.0,0.0,0.0,0.0,0.0,0.0,0.0
mr1_single_net-net_loss_single-k8s-v2-formal-r1-20260818145029,s02,single,1,catalog-gw,delta_ratio,full,pricing,pricing;checkout;catalog-gw;catalog;cart,0.0,1.0,1.0,0.0,0.0,1.0,1.0,0.0,0.5,0.5,0.0,1.0,1.0,0.3333333333333333
mr1_single_net-net_loss_single-k8s-v2-formal-r1-20260818145029,s02,single,1,catalog-gw,delta_z,full,pricing,pricing;checkout;host;catalog;inventory,0.0,0.0,0.0,0.0,0.0,0.0,0.0,0.0,0.0,0.0,0.0,0.0,0.0,0.1
mr1_single_net-net_loss_single-k8s-v2-formal-r1-20260818145029,s02,single,1,catalog-gw,BARO,resource,checkout,checkout;cart;inventory;pricing;user,0.0,0.0,0.0,0.0,0.0,0.0,0.0,0.0,0.0,0.0,0.0,0.0,0.0,0.09090909090909091
mr1_single_net-net_loss_single-k8s-v2-formal-r1-20260818145029,s02,single,1,catalog-gw,RCD_seed0,resource,user,user,0.0,0.0,0.0,0.0,0.0,0.0,0.0,0.0,0.0,0.0,0.0,0.0,0.0,0.0
mr1_single_net-net_loss_single-k8s-v2-formal-r1-20260818145029,s02,single,1,catalog-gw,RCD_seed1,resource,order,order,0.0,0.0,0.0,0.0,0.0,0.0,0.0,0.0,0.0,0.0,0.0,0.0,0.0,0.0
mr1_single_net-net_loss_single-k8s-v2-formal-r1-20260818145029,s02,single,1,catalog-gw,RCD_seed2,resource,user,user;order,0.0,0.0,0.0,0.0,0.0,0.0,0.0,0.0,0.0,0.0,0.0,0.0,0.0,0.0
mr1_single_net-net_loss_single-k8s-v2-formal-r1-20260818145029,s02,single,1,catalog-gw,RCD_seed3,resource,user,user,0.0,0.0,0.0,0.0,0.0,0.0,0.0,0.0,0.0,0.0,0.0,0.0,0.0,0.0
mr1_single_net-net_loss_single-k8s-v2-formal-r1-20260818145029,s02,single,1,catalog-gw,RCD_seed4,resource,order,order,0.0,0.0,0.0,0.0,0.0,0.0,0.0,0.0,0.0,0.0,0.0,0.0,0.0,0.0
mr1_single_net-net_loss_single-k8s-v2-formal-r1-20260818145029,s02,single,1,catalog-gw,delta_ratio,resource,catalog-gw,catalog-gw;catalog;pricing;host;checkout,1.0,1.0,1.0,1.0,1.0,1.0,1.0,1.0,1.0,1.0,1.0,1.0,1.0,1.0
mr1_single_net-net_loss_single-k8s-v2-formal-r1-20260818145029,s02,single,1,catalog-gw,delta_z,resource,host,host;checkout;pricing;inventory;order,0.0,0.0,0.0,0.0,0.0,0.0,0.0,0.0,0.0,0.0,0.0,0.0,0.0,0.1111111111111111
mr2_cross_dependency-catalog_latency_x_net_loss-k8s-v2-formal-r1-20260818150906,d13,dual,2,catalog;catalog-gw,BARO,full,checkout,checkout;pricing;search;review-query;catalog,0.0,0.0,1.0,0.0,0.0,0.0,0.0,0.0,0.0,0.23719771276929622,0.0,0.0,0.5,0.13846153846153847
mr2_cross_dependency-catalog_latency_x_net_loss-k8s-v2-formal-r1-20260818150906,d13,dual,2,catalog;catalog-gw,RCD_seed0,full,catalog,catalog,1.0,1.0,1.0,0.5,0.0,0.0,0.0,1.0,0.6131471927654584,0.6131471927654584,0.5,0.5,0.5,0.5
mr2_cross_dependency-catalog_latency_x_net_loss-k8s-v2-formal-r1-20260818150906,d13,dual,2,catalog;catalog-gw,RCD_seed1,full,catalog,catalog,1.0,1.0,1.0,0.5,0.0,0.0,0.0,1.0,0.6131471927654584,0.6131471927654584,0.5,0.5,0.5,0.5
mr2_cross_dependency-catalog_latency_x_net_loss-k8s-v2-formal-r1-20260818150906,d13,dual,2,catalog;catalog-gw,RCD_seed2,full,catalog,catalog,1.0,1.0,1.0,0.5,0.0,0.0,0.0,1.0,0.6131471927654584,0.6131471927654584,0.5,0.5,0.5,0.5
mr2_cross_dependency-catalog_latency_x_net_loss-k8s-v2-formal-r1-20260818150906,d13,dual,2,catalog;catalog-gw,RCD_seed3,full,catalog,catalog,1.0,1.0,1.0,0.5,0.0,0.0,0.0,1.0,0.6131471927654584,0.6131471927654584,0.5,0.5,0.5,0.5
mr2_cross_dependency-catalog_latency_x_net_loss-k8s-v2-formal-r1-20260818150906,d13,dual,2,catalog;catalog-gw,RCD_seed4,full,catalog,catalog,1.0,1.0,1.0,0.5,0.0,0.0,0.0,1.0,0.6131471927654584,0.6131471927654584,0.5,0.5,0.5,0.5
mr2_cross_dependency-catalog_latency_x_net_loss-k8s-v2-formal-r1-20260818150906,d13,dual,2,catalog;catalog-gw,delta_ratio,full,mysql,mysql;catalog;catalog-gw;pricing;checkout,0.0,1.0,1.0,0.5,0.0,1.0,1.0,0.0,0.6934264036172708,0.6934264036172708,0.0,1.0,1.0,0.41666666666666663
mr2_cross_dependency-catalog_latency_x_net_loss-k8s-v2-formal-r1-20260818150906,d13,dual,2,catalog;catalog-gw,delta_z,full,catalog,catalog;mysql;host;backend;sasrec,1.0,1.0,1.0,0.5,0.0,0.0,0.0,1.0,0.6131471927654584,0.6131471927654584,0.5,0.5,0.5,0.5555555555555556
mr2_cross_dependency-catalog_latency_x_net_loss-k8s-v2-formal-r1-20260818150906,d13,dual,2,catalog;catalog-gw,BARO,resource,catalog,catalog;sasrec;order;search;checkout,1.0,1.0,1.0,0.5,0.0,0.0,0.0,1.0,0.6131471927654584,0.6131471927654584,0.5,0.5,0.5,0.5416666666666666
mr2_cross_dependency-catalog_latency_x_net_loss-k8s-v2-formal-r1-20260818150906,d13,dual,2,catalog;catalog-gw,RCD_seed0,resource,catalog,catalog,1.0,1.0,1.0,0.5,0.0,0.0,0.0,1.0,0.6131471927654584,0.6131471927654584,0.5,0.5,0.5,0.5
mr2_cross_dependency-catalog_latency_x_net_loss-k8s-v2-formal-r1-20260818150906,d13,dual,2,catalog;catalog-gw,RCD_seed1,resource,catalog,catalog,1.0,1.0,1.0,0.5,0.0,0.0,0.0,1.0,0.6131471927654584,0.6131471927654584,0.5,0.5,0.5,0.5
mr2_cross_dependency-catalog_latency_x_net_loss-k8s-v2-formal-r1-20260818150906,d13,dual,2,catalog;catalog-gw,RCD_seed2,resource,catalog,catalog,1.0,1.0,1.0,0.5,0.0,0.0,0.0,1.0,0.6131471927654584,0.6131471927654584,0.5,0.5,0.5,0.5
mr2_cross_dependency-catalog_latency_x_net_loss-k8s-v2-formal-r1-20260818150906,d13,dual,2,catalog;catalog-gw,RCD_seed3,resource,catalog,catalog,1.0,1.0,1.0,0.5,0.0,0.0,0.0,1.0,0.6131471927654584,0.6131471927654584,0.5,0.5,0.5,0.5
mr2_cross_dependency-catalog_latency_x_net_loss-k8s-v2-formal-r1-20260818150906,d13,dual,2,catalog;catalog-gw,RCD_seed4,resource,catalog,catalog,1.0,1.0,1.0,0.5,0.0,0.0,0.0,1.0,0.6131471927654584,0.6131471927654584,0.5,0.5,0.5,0.5
mr2_cross_dependency-catalog_latency_x_net_loss-k8s-v2-formal-r1-20260818150906,d13,dual,2,catalog;catalog-gw,delta_ratio,resource,mysql,mysql;catalog;catalog-gw;checkout;pricing,0.0,1.0,1.0,0.5,0.0,1.0,1.0,0.0,0.6934264036172708,0.6934264036172708,0.0,1.0,1.0,0.41666666666666663
mr2_cross_dependency-catalog_latency_x_net_loss-k8s-v2-formal-r1-20260818150906,d13,dual,2,catalog;catalog-gw,delta_z,resource,catalog,catalog;mysql;host;sasrec;checkout,1.0,1.0,1.0,0.5,0.0,0.0,0.0,1.0,0.6131471927654584,0.6131471927654584,0.5,0.5,0.5,0.5714285714285714
mr2_cross_lif-search_podfail_x_reviewquery_cpu-k8s-v2-formal-r1-20260818152318,d19,dual,2,search;review-query,BARO,full,checkout,checkout;search;review-query;catalog-gw;host,0.0,1.0,1.0,0.5,0.0,1.0,1.0,0.0,0.6934264036172708,0.6934264036172708,0.0,1.0,1.0,0.41666666666666663
mr2_cross_lif-search_podfail_x_reviewquery_cpu-k8s-v2-formal-r1-20260818152318,d19,dual,2,search;review-query,RCD_seed0,full,cart,cart,0.0,0.0,0.0,0.0,0.0,0.0,0.0,0.0,0.0,0.0,0.0,0.0,0.0,0.0
mr2_cross_lif-search_podfail_x_reviewquery_cpu-k8s-v2-formal-r1-20260818152318,d19,dual,2,search;review-query,RCD_seed1,full,cart,cart,0.0,0.0,0.0,0.0,0.0,0.0,0.0,0.0,0.0,0.0,0.0,0.0,0.0,0.0
mr2_cross_lif-search_podfail_x_reviewquery_cpu-k8s-v2-formal-r1-20260818152318,d19,dual,2,search;review-query,RCD_seed2,full,cart,cart,0.0,0.0,0.0,0.0,0.0,0.0,0.0,0.0,0.0,0.0,0.0,0.0,0.0,0.0
mr2_cross_lif-search_podfail_x_reviewquery_cpu-k8s-v2-formal-r1-20260818152318,d19,dual,2,search;review-query,RCD_seed3,full,cart,cart,0.0,0.0,0.0,0.0,0.0,0.0,0.0,0.0,0.0,0.0,0.0,0.0,0.0,0.0
mr2_cross_lif-search_podfail_x_reviewquery_cpu-k8s-v2-formal-r1-20260818152318,d19,dual,2,search;review-query,RCD_seed4,full,cart,cart,0.0,0.0,0.0,0.0,0.0,0.0,0.0,0.0,0.0,0.0,0.0,0.0,0.0,0.0
mr2_cross_lif-search_podfail_x_reviewquery_cpu-k8s-v2-formal-r1-20260818152318,d19,dual,2,search;review-query,delta_ratio,full,review-query,review-query;host;search;user;cart,1.0,1.0,1.0,0.5,0.0,1.0,1.0,1.0,0.9197207891481876,0.9197207891481876,0.5,1.0,1.0,0.6666666666666666
mr2_cross_lif-search_podfail_x_reviewquery_cpu-k8s-v2-formal-r1-20260818152318,d19,dual,2,search;review-query,delta_z,full,search,search;review-query;host;user;backend,1.0,1.0,1.0,1.0,0.0,1.0,1.0,1.0,1.0,1.0,0.5,1.0,1.0,0.75
mr2_cross_lif-search_podfail_x_reviewquery_cpu-k8s-v2-formal-r1-20260818152318,d19,dual,2,search;review-query,BARO,resource,search,search;review-query;catalog-gw;host;sasrec,1.0,1.0,1.0,1.0,0.0,1.0,1.0,1.0,1.0,1.0,0.5,1.0,1.0,0.75
mr2_cross_lif-search_podfail_x_reviewquery_cpu-k8s-v2-formal-r1-20260818152318,d19,dual,2,search;review-query,RCD_seed0,resource,cart,cart,0.0,0.0,0.0,0.0,0.0,0.0,0.0,0.0,0.0,0.0,0.0,0.0,0.0,0.0
mr2_cross_lif-search_podfail_x_reviewquery_cpu-k8s-v2-formal-r1-20260818152318,d19,dual,2,search;review-query,RCD_seed1,resource,cart,cart,0.0,0.0,0.0,0.0,0.0,0.0,0.0,0.0,0.0,0.0,0.0,0.0,0.0,0.0
mr2_cross_lif-search_podfail_x_reviewquery_cpu-k8s-v2-formal-r1-20260818152318,d19,dual,2,search;review-query,RCD_seed2,resource,cart,cart,0.0,0.0,0.0,0.0,0.0,0.0,0.0,0.0,0.0,0.0,0.0,0.0,0.0,0.0
mr2_cross_lif-search_podfail_x_reviewquery_cpu-k8s-v2-formal-r1-20260818152318,d19,dual,2,search;review-query,RCD_seed3,resource,cart,cart,0.0,0.0,0.0,0.0,0.0,0.0,0.0,0.0,0.0,0.0,0.0,0.0,0.0,0.0
mr2_cross_lif-search_podfail_x_reviewquery_cpu-k8s-v2-formal-r1-20260818152318,d19,dual,2,search;review-query,RCD_seed4,resource,cart,cart,0.0,0.0,0.0,0.0,0.0,0.0,0.0,0.0,0.0,0.0,0.0,0.0,0.0,0.0
mr2_cross_lif-search_podfail_x_reviewquery_cpu-k8s-v2-formal-r1-20260818152318,d19,dual,2,search;review-query,delta_ratio,resource,review-query,review-query;host;search;sasrec;cart,1.0,1.0,1.0,0.5,0.0,1.0,1.0,1.0,0.9197207891481876,0.9197207891481876,0.5,1.0,1.0,0.6666666666666666
mr2_cross_lif-search_podfail_x_reviewquery_cpu-k8s-v2-formal-r1-20260818152318,d19,dual,2,search;review-query,delta_z,resource,search,search;review-query;host;backend;order,1.0,1.0,1.0,1.0,0.0,1.0,1.0,1.0,1.0,1.0,0.5,1.0,1.0,0.75
mr2_intra_res-cart_cpu_x_order_cpu-k8s-v2-formal-r1-20260818153726,d18,dual,2,cart;order,BARO,full,order,order;checkout;cart;host;sasrec,1.0,1.0,1.0,0.5,0.0,1.0,1.0,1.0,0.9197207891481876,0.9197207891481876,0.5,1.0,1.0,0.6666666666666666
mr2_intra_res-cart_cpu_x_order_cpu-k8s-v2-formal-r1-20260818153726,d18,dual,2,cart;order,RCD_seed0,full,checkout,checkout,0.0,0.0,0.0,0.0,0.0,0.0,0.0,0.0,0.0,0.0,0.0,0.0,0.0,0.0
mr2_intra_res-cart_cpu_x_order_cpu-k8s-v2-formal-r1-20260818153726,d18,dual,2,cart;order,RCD_seed1,full,checkout,checkout,0.0,0.0,0.0,0.0,0.0,0.0,0.0,0.0,0.0,0.0,0.0,0.0,0.0,0.0
mr2_intra_res-cart_cpu_x_order_cpu-k8s-v2-formal-r1-20260818153726,d18,dual,2,cart;order,RCD_seed2,full,checkout,checkout,0.0,0.0,0.0,0.0,0.0,0.0,0.0,0.0,0.0,0.0,0.0,0.0,0.0,0.0
mr2_intra_res-cart_cpu_x_order_cpu-k8s-v2-formal-r1-20260818153726,d18,dual,2,cart;order,RCD_seed3,full,checkout,checkout,0.0,0.0,0.0,0.0,0.0,0.0,0.0,0.0,0.0,0.0,0.0,0.0,0.0,0.0
mr2_intra_res-cart_cpu_x_order_cpu-k8s-v2-formal-r1-20260818153726,d18,dual,2,cart;order,RCD_seed4,full,checkout,checkout,0.0,0.0,0.0,0.0,0.0,0.0,0.0,0.0,0.0,0.0,0.0,0.0,0.0,0.0
mr2_intra_res-cart_cpu_x_order_cpu-k8s-v2-formal-r1-20260818153726,d18,dual,2,cart;order,delta_ratio,full,cart,cart;order;host;checkout;user,1.0,1.0,1.0,1.0,0.0,1.0,1.0,1.0,1.0,1.0,0.5,1.0,1.0,0.75
mr2_intra_res-cart_cpu_x_order_cpu-k8s-v2-formal-r1-20260818153726,d18,dual,2,cart;order,delta_z,full,cart,cart;order;host;mysql;checkout,1.0,1.0,1.0,1.0,0.0,1.0,1.0,1.0,1.0,1.0,0.5,1.0,1.0,0.75
mr2_intra_res-cart_cpu_x_order_cpu-k8s-v2-formal-r1-20260818153726,d18,dual,2,cart;order,BARO,resource,order,order;cart;host;catalog-gw;search,1.0,1.0,1.0,1.0,0.0,1.0,1.0,1.0,1.0,1.0,0.5,1.0,1.0,0.75
mr2_intra_res-cart_cpu_x_order_cpu-k8s-v2-formal-r1-20260818153726,d18,dual,2,cart;order,RCD_seed0,resource,checkout,checkout,0.0,0.0,0.0,0.0,0.0,0.0,0.0,0.0,0.0,0.0,0.0,0.0,0.0,0.0
mr2_intra_res-cart_cpu_x_order_cpu-k8s-v2-formal-r1-20260818153726,d18,dual,2,cart;order,RCD_seed1,resource,checkout,checkout,0.0,0.0,0.0,0.0,0.0,0.0,0.0,0.0,0.0,0.0,0.0,0.0,0.0,0.0
mr2_intra_res-cart_cpu_x_order_cpu-k8s-v2-formal-r1-20260818153726,d18,dual,2,cart;order,RCD_seed2,resource,checkout,checkout,0.0,0.0,0.0,0.0,0.0,0.0,0.0,0.0,0.0,0.0,0.0,0.0,0.0,0.0
mr2_intra_res-cart_cpu_x_order_cpu-k8s-v2-formal-r1-20260818153726,d18,dual,2,cart;order,RCD_seed3,resource,checkout,checkout,0.0,0.0,0.0,0.0,0.0,0.0,0.0,0.0,0.0,0.0,0.0,0.0,0.0,0.0
mr2_intra_res-cart_cpu_x_order_cpu-k8s-v2-formal-r1-20260818153726,d18,dual,2,cart;order,RCD_seed4,resource,checkout,checkout,0.0,0.0,0.0,0.0,0.0,0.0,0.0,0.0,0.0,0.0,0.0,0.0,0.0,0.0
mr2_intra_res-cart_cpu_x_order_cpu-k8s-v2-formal-r1-20260818153726,d18,dual,2,cart;order,delta_ratio,resource,cart,cart;order;host;mysql;catalog,1.0,1.0,1.0,1.0,0.0,1.0,1.0,1.0,1.0,1.0,0.5,1.0,1.0,0.75
mr2_intra_res-cart_cpu_x_order_cpu-k8s-v2-formal-r1-20260818153726,d18,dual,2,cart;order,delta_z,resource,cart,cart;order;host;mysql;checkout,1.0,1.0,1.0,1.0,0.0,1.0,1.0,1.0,1.0,1.0,0.5,1.0,1.0,0.75
mr1_single_res-service_cpu_single-k8s-v2-formal-r1-20260818155049,s11,single,1,review-query,BARO,full,sasrec,sasrec;review-query;host;inventory;cart,0.0,1.0,1.0,0.0,0.0,1.0,1.0,0.0,0.6309297535714575,0.6309297535714575,0.0,1.0,1.0,0.5
mr1_single_res-service_cpu_single-k8s-v2-formal-r1-20260818155049,s11,single,1,review-query,RCD_seed0,full,review-query,review-query;catalog-gw,1.0,1.0,1.0,1.0,1.0,1.0,1.0,1.0,1.0,1.0,1.0,1.0,1.0,1.0
mr1_single_res-service_cpu_single-k8s-v2-formal-r1-20260818155049,s11,single,1,review-query,RCD_seed1,full,sasrec,sasrec;catalog-gw,0.0,0.0,0.0,0.0,0.0,0.0,0.0,0.0,0.0,0.0,0.0,0.0,0.0,0.0
mr1_single_res-service_cpu_single-k8s-v2-formal-r1-20260818155049,s11,single,1,review-query,RCD_seed2,full,cart,cart,0.0,0.0,0.0,0.0,0.0,0.0,0.0,0.0,0.0,0.0,0.0,0.0,0.0,0.0
mr1_single_res-service_cpu_single-k8s-v2-formal-r1-20260818155049,s11,single,1,review-query,RCD_seed3,full,review-query,review-query;backend,1.0,1.0,1.0,1.0,1.0,1.0,1.0,1.0,1.0,1.0,1.0,1.0,1.0,1.0
mr1_single_res-service_cpu_single-k8s-v2-formal-r1-20260818155049,s11,single,1,review-query,RCD_seed4,full,catalog,catalog;cart,0.0,0.0,0.0,0.0,0.0,0.0,0.0,0.0,0.0,0.0,0.0,0.0,0.0,0.0
mr1_single_res-service_cpu_single-k8s-v2-formal-r1-20260818155049,s11,single,1,review-query,delta_ratio,full,review-query,review-query;host;user;backend;mysql,1.0,1.0,1.0,1.0,1.0,1.0,1.0,1.0,1.0,1.0,1.0,1.0,1.0,1.0
mr1_single_res-service_cpu_single-k8s-v2-formal-r1-20260818155049,s11,single,1,review-query,delta_z,full,review-query,review-query;search;mysql;host;checkout,1.0,1.0,1.0,1.0,1.0,1.0,1.0,1.0,1.0,1.0,1.0,1.0,1.0,1.0
mr1_single_res-service_cpu_single-k8s-v2-formal-r1-20260818155049,s11,single,1,review-query,BARO,resource,sasrec,sasrec;review-query;host;inventory;cart,0.0,1.0,1.0,0.0,0.0,1.0,1.0,0.0,0.6309297535714575,0.6309297535714575,0.0,1.0,1.0,0.5
mr1_single_res-service_cpu_single-k8s-v2-formal-r1-20260818155049,s11,single,1,review-query,RCD_seed0,resource,catalog-gw,catalog-gw;user,0.0,0.0,0.0,0.0,0.0,0.0,0.0,0.0,0.0,0.0,0.0,0.0,0.0,0.0
mr1_single_res-service_cpu_single-k8s-v2-formal-r1-20260818155049,s11,single,1,review-query,RCD_seed1,resource,search,search;review-query;sasrec,0.0,1.0,1.0,0.0,0.0,1.0,1.0,0.0,0.6309297535714575,0.6309297535714575,0.0,1.0,1.0,0.5
mr1_single_res-service_cpu_single-k8s-v2-formal-r1-20260818155049,s11,single,1,review-query,RCD_seed2,resource,cart,cart;catalog-gw,0.0,0.0,0.0,0.0,0.0,0.0,0.0,0.0,0.0,0.0,0.0,0.0,0.0,0.0
mr1_single_res-service_cpu_single-k8s-v2-formal-r1-20260818155049,s11,single,1,review-query,RCD_seed3,resource,sasrec,sasrec;user;cart,0.0,0.0,0.0,0.0,0.0,0.0,0.0,0.0,0.0,0.0,0.0,0.0,0.0,0.0
mr1_single_res-service_cpu_single-k8s-v2-formal-r1-20260818155049,s11,single,1,review-query,RCD_seed4,resource,cart,cart;backend,0.0,0.0,0.0,0.0,0.0,0.0,0.0,0.0,0.0,0.0,0.0,0.0,0.0,0.0
mr1_single_res-service_cpu_single-k8s-v2-formal-r1-20260818155049,s11,single,1,review-query,delta_ratio,resource,review-query,review-query;host;mysql;catalog-gw;checkout,1.0,1.0,1.0,1.0,1.0,1.0,1.0,1.0,1.0,1.0,1.0,1.0,1.0,1.0
mr1_single_res-service_cpu_single-k8s-v2-formal-r1-20260818155049,s11,single,1,review-query,delta_z,resource,review-query,review-query;search;mysql;host;checkout,1.0,1.0,1.0,1.0,1.0,1.0,1.0,1.0,1.0,1.0,1.0,1.0,1.0,1.0
mr1_single_res-db_lock_single-k8s-v2-formal-r1-20260818155405,s06,single,1,mysql,BARO,full,order,order;cart;checkout;pricing;catalog,0.0,0.0,0.0,0.0,0.0,0.0,0.0,0.0,0.0,0.0,0.0,0.0,0.0,0.0
mr1_single_res-db_lock_single-k8s-v2-formal-r1-20260818155405,s06,single,1,mysql,RCD_seed0,full,checkout,checkout,0.0,0.0,0.0,0.0,0.0,0.0,0.0,0.0,0.0,0.0,0.0,0.0,0.0,0.0
mr1_single_res-db_lock_single-k8s-v2-formal-r1-20260818155405,s06,single,1,mysql,RCD_seed1,full,catalog-gw,catalog-gw;checkout,0.0,0.0,0.0,0.0,0.0,0.0,0.0,0.0,0.0,0.0,0.0,0.0,0.0,0.0
mr1_single_res-db_lock_single-k8s-v2-formal-r1-20260818155405,s06,single,1,mysql,RCD_seed2,full,sasrec,sasrec,0.0,0.0,0.0,0.0,0.0,0.0,0.0,0.0,0.0,0.0,0.0,0.0,0.0,0.0
mr1_single_res-db_lock_single-k8s-v2-formal-r1-20260818155405,s06,single,1,mysql,RCD_seed3,full,inventory,inventory;order,0.0,0.0,0.0,0.0,0.0,0.0,0.0,0.0,0.0,0.0,0.0,0.0,0.0,0.0
mr1_single_res-db_lock_single-k8s-v2-formal-r1-20260818155405,s06,single,1,mysql,RCD_seed4,full,order,order;user,0.0,0.0,0.0,0.0,0.0,0.0,0.0,0.0,0.0,0.0,0.0,0.0,0.0,0.0
mr1_single_res-db_lock_single-k8s-v2-formal-r1-20260818155405,s06,single,1,mysql,delta_ratio,full,pricing,pricing;cart;catalog;checkout;order,0.0,0.0,0.0,0.0,0.0,0.0,0.0,0.0,0.0,0.0,0.0,0.0,0.0,0.06666666666666667
mr1_single_res-db_lock_single-k8s-v2-formal-r1-20260818155405,s06,single,1,mysql,delta_z,full,checkout,checkout;pricing;cart;catalog;order,0.0,0.0,0.0,0.0,0.0,0.0,0.0,0.0,0.0,0.0,0.0,0.0,0.0,0.06666666666666667
mr1_single_res-db_lock_single-k8s-v2-formal-r1-20260818155405,s06,single,1,mysql,BARO,resource,review-query,review-query;cart;order;backend;catalog,0.0,0.0,0.0,0.0,0.0,0.0,0.0,0.0,0.0,0.0,0.0,0.0,0.0,0.0
mr1_single_res-db_lock_single-k8s-v2-formal-r1-20260818155405,s06,single,1,mysql,RCD_seed0,resource,order,order,0.0,0.0,0.0,0.0,0.0,0.0,0.0,0.0,0.0,0.0,0.0,0.0,0.0,0.0
mr1_single_res-db_lock_single-k8s-v2-formal-r1-20260818155405,s06,single,1,mysql,RCD_seed1,resource,order,order;user,0.0,0.0,0.0,0.0,0.0,0.0,0.0,0.0,0.0,0.0,0.0,0.0,0.0,0.0
mr1_single_res-db_lock_single-k8s-v2-formal-r1-20260818155405,s06,single,1,mysql,RCD_seed2,resource,cart,cart;catalog;catalog-gw,0.0,0.0,0.0,0.0,0.0,0.0,0.0,0.0,0.0,0.0,0.0,0.0,0.0,0.0
mr1_single_res-db_lock_single-k8s-v2-formal-r1-20260818155405,s06,single,1,mysql,RCD_seed3,resource,checkout,checkout;review-query,0.0,0.0,0.0,0.0,0.0,0.0,0.0,0.0,0.0,0.0,0.0,0.0,0.0,0.0
mr1_single_res-db_lock_single-k8s-v2-formal-r1-20260818155405,s06,single,1,mysql,RCD_seed4,resource,review-query,review-query;user;order,0.0,0.0,0.0,0.0,0.0,0.0,0.0,0.0,0.0,0.0,0.0,0.0,0.0,0.0
mr1_single_res-db_lock_single-k8s-v2-formal-r1-20260818155405,s06,single,1,mysql,delta_ratio,resource,review-query,review-query;catalog-gw;catalog;order;backend,0.0,0.0,0.0,0.0,0.0,0.0,0.0,0.0,0.0,0.0,0.0,0.0,0.0,0.07142857142857142
mr1_single_res-db_lock_single-k8s-v2-formal-r1-20260818155405,s06,single,1,mysql,delta_z,resource,pricing,pricing;review-query;backend;checkout;sasrec,0.0,0.0,0.0,0.0,0.0,0.0,0.0,0.0,0.0,0.0,0.0,0.0,0.0,0.07142857142857142
mr3_cross_net-net_delay_x_net_loss_x_db_lock-k8s-v2-formal-r1-20260818160332,t03,dual,2,catalog-gw;mysql,BARO,full,order,order;review-query;catalog;pricing;checkout,0.0,0.0,0.0,0.0,0.0,0.0,0.0,0.0,0.0,0.0,0.0,0.0,0.0,0.09821428571428571
mr3_cross_net-net_delay_x_net_loss_x_db_lock-k8s-v2-formal-r1-20260818160332,t03,dual,2,catalog-gw;mysql,RCD_seed0,full,checkout,checkout;pricing,0.0,0.0,0.0,0.0,0.0,0.0,0.0,0.0,0.0,0.0,0.0,0.0,0.0,0.0
mr3_cross_net-net_delay_x_net_loss_x_db_lock-k8s-v2-formal-r1-20260818160332,t03,dual,2,catalog-gw;mysql,RCD_seed1,full,checkout,checkout,0.0,0.0,0.0,0.0,0.0,0.0,0.0,0.0,0.0,0.0,0.0,0.0,0.0,0.0
mr3_cross_net-net_delay_x_net_loss_x_db_lock-k8s-v2-formal-r1-20260818160332,t03,dual,2,catalog-gw;mysql,RCD_seed2,full,checkout,checkout;pricing,0.0,0.0,0.0,0.0,0.0,0.0,0.0,0.0,0.0,0.0,0.0,0.0,0.0,0.0
mr3_cross_net-net_delay_x_net_loss_x_db_lock-k8s-v2-formal-r1-20260818160332,t03,dual,2,catalog-gw;mysql,RCD_seed3,full,checkout,checkout;pricing,0.0,0.0,0.0,0.0,0.0,0.0,0.0,0.0,0.0,0.0,0.0,0.0,0.0,0.0
mr3_cross_net-net_delay_x_net_loss_x_db_lock-k8s-v2-formal-r1-20260818160332,t03,dual,2,catalog-gw;mysql,RCD_seed4,full,checkout,checkout,0.0,0.0,0.0,0.0,0.0,0.0,0.0,0.0,0.0,0.0,0.0,0.0,0.0,0.0
mr3_cross_net-net_delay_x_net_loss_x_db_lock-k8s-v2-formal-r1-20260818160332,t03,dual,2,catalog-gw;mysql,delta_ratio,full,pricing,pricing;checkout;catalog;cart;catalog-gw,0.0,0.0,1.0,0.0,0.0,0.0,0.0,0.0,0.0,0.23719771276929622,0.0,0.0,0.5,0.13333333333333333
mr3_cross_net-net_delay_x_net_loss_x_db_lock-k8s-v2-formal-r1-20260818160332,t03,dual,2,catalog-gw;mysql,delta_z,full,pricing,pricing;checkout;catalog-gw;catalog;order,0.0,1.0,1.0,0.0,0.0,0.0,0.0,0.0,0.3065735963827292,0.3065735963827292,0.0,0.5,0.5,0.19999999999999998
mr3_cross_net-net_delay_x_net_loss_x_db_lock-k8s-v2-formal-r1-20260818160332,t03,dual,2,catalog-gw;mysql,BARO,resource,catalog-gw,catalog-gw;pricing;catalog;checkout;search,1.0,1.0,1.0,0.5,0.0,0.0,0.0,1.0,0.6131471927654584,0.6131471927654584,0.5,0.5,0.5,0.5384615384615384
mr3_cross_net-net_delay_x_net_loss_x_db_lock-k8s-v2-formal-r1-20260818160332,t03,dual,2,catalog-gw;mysql,RCD_seed0,resource,user,user;inventory;cart;pricing,0.0,0.0,0.0,0.0,0.0,0.0,0.0,0.0,0.0,0.0,0.0,0.0,0.0,0.0
mr3_cross_net-net_delay_x_net_loss_x_db_lock-k8s-v2-formal-r1-20260818160332,t03,dual,2,catalog-gw;mysql,RCD_seed1,resource,user,user;host;cart;inventory;backend,0.0,0.0,0.0,0.0,0.0,0.0,0.0,0.0,0.0,0.0,0.0,0.0,0.0,0.0
mr3_cross_net-net_delay_x_net_loss_x_db_lock-k8s-v2-formal-r1-20260818160332,t03,dual,2,catalog-gw;mysql,RCD_seed2,resource,user,user;checkout;cart;backend;search,0.0,0.0,0.0,0.0,0.0,0.0,0.0,0.0,0.0,0.0,0.0,0.0,0.0,0.0
mr3_cross_net-net_delay_x_net_loss_x_db_lock-k8s-v2-formal-r1-20260818160332,t03,dual,2,catalog-gw;mysql,RCD_seed3,resource,user,user;backend;checkout;pricing,0.0,0.0,0.0,0.0,0.0,0.0,0.0,0.0,0.0,0.0,0.0,0.0,0.0,0.0
mr3_cross_net-net_delay_x_net_loss_x_db_lock-k8s-v2-formal-r1-20260818160332,t03,dual,2,catalog-gw;mysql,RCD_seed4,resource,user,user;pricing;inventory;review-query;cart,0.0,0.0,0.0,0.0,0.0,0.0,0.0,0.0,0.0,0.0,0.0,0.0,0.0,0.0
mr3_cross_net-net_delay_x_net_loss_x_db_lock-k8s-v2-formal-r1-20260818160332,t03,dual,2,catalog-gw;mysql,delta_ratio,resource,catalog,catalog;checkout;catalog-gw;pricing;host,0.0,1.0,1.0,0.0,0.0,0.0,0.0,0.0,0.3065735963827292,0.3065735963827292,0.0,0.5,0.5,0.20238095238095238
mr3_cross_net-net_delay_x_net_loss_x_db_lock-k8s-v2-formal-r1-20260818160332,t03,dual,2,catalog-gw;mysql,delta_z,resource,catalog-gw,catalog-gw;catalog;pricing;checkout;order,1.0,1.0,1.0,0.5,0.0,0.0,0.0,1.0,0.6131471927654584,0.6131471927654584,0.5,0.5,0.5,0.5357142857142857
mr2_cross_res-sasrec_cpu_x_catalog_netdelay-k8s-v2-formal-r1-20260818160823,d09,dual,2,sasrec;catalog-gw,BARO,full,sasrec,sasrec;host;pricing;checkout;catalog,1.0,1.0,1.0,0.5,0.0,0.0,0.0,1.0,0.6131471927654584,0.6131471927654584,0.5,0.5,0.5,0.5333333333333333
mr2_cross_res-sasrec_cpu_x_catalog_netdelay-k8s-v2-formal-r1-20260818160823,d09,dual,2,sasrec;catalog-gw,RCD_seed0,full,order,order,0.0,0.0,0.0,0.0,0.0,0.0,0.0,0.0,0.0,0.0,0.0,0.0,0.0,0.0
mr2_cross_res-sasrec_cpu_x_catalog_netdelay-k8s-v2-formal-r1-20260818160823,d09,dual,2,sasrec;catalog-gw,RCD_seed1,full,cart,cart;order,0.0,0.0,0.0,0.0,0.0,0.0,0.0,0.0,0.0,0.0,0.0,0.0,0.0,0.0
mr2_cross_res-sasrec_cpu_x_catalog_netdelay-k8s-v2-formal-r1-20260818160823,d09,dual,2,sasrec;catalog-gw,RCD_seed2,full,cart,cart;order,0.0,0.0,0.0,0.0,0.0,0.0,0.0,0.0,0.0,0.0,0.0,0.0,0.0,0.0
mr2_cross_res-sasrec_cpu_x_catalog_netdelay-k8s-v2-formal-r1-20260818160823,d09,dual,2,sasrec;catalog-gw,RCD_seed3,full,order,order,0.0,0.0,0.0,0.0,0.0,0.0,0.0,0.0,0.0,0.0,0.0,0.0,0.0,0.0
mr2_cross_res-sasrec_cpu_x_catalog_netdelay-k8s-v2-formal-r1-20260818160823,d09,dual,2,sasrec;catalog-gw,RCD_seed4,full,order,order,0.0,0.0,0.0,0.0,0.0,0.0,0.0,0.0,0.0,0.0,0.0,0.0,0.0,0.0
mr2_cross_res-sasrec_cpu_x_catalog_netdelay-k8s-v2-formal-r1-20260818160823,d09,dual,2,sasrec;catalog-gw,delta_ratio,full,sasrec,sasrec;host;pricing;checkout;backend,1.0,1.0,1.0,0.5,0.0,0.0,0.0,1.0,0.6131471927654584,0.6131471927654584,0.5,0.5,0.5,0.5833333333333334
mr2_cross_res-sasrec_cpu_x_catalog_netdelay-k8s-v2-formal-r1-20260818160823,d09,dual,2,sasrec;catalog-gw,delta_z,full,sasrec,sasrec;mysql;host;order;search,1.0,1.0,1.0,0.5,0.0,0.0,0.0,1.0,0.6131471927654584,0.6131471927654584,0.5,0.5,0.5,0.5454545454545454
mr2_cross_res-sasrec_cpu_x_catalog_netdelay-k8s-v2-formal-r1-20260818160823,d09,dual,2,sasrec;catalog-gw,BARO,resource,sasrec,sasrec;host;inventory;cart;checkout,1.0,1.0,1.0,0.5,0.0,0.0,0.0,1.0,0.6131471927654584,0.6131471927654584,0.5,0.5,0.5,0.5384615384615384
mr2_cross_res-sasrec_cpu_x_catalog_netdelay-k8s-v2-formal-r1-20260818160823,d09,dual,2,sasrec;catalog-gw,RCD_seed0,resource,cart,cart,0.0,0.0,0.0,0.0,0.0,0.0,0.0,0.0,0.0,0.0,0.0,0.0,0.0,0.0
mr2_cross_res-sasrec_cpu_x_catalog_netdelay-k8s-v2-formal-r1-20260818160823,d09,dual,2,sasrec;catalog-gw,RCD_seed1,resource,cart,cart;order,0.0,0.0,0.0,0.0,0.0,0.0,0.0,0.0,0.0,0.0,0.0,0.0,0.0,0.0
mr2_cross_res-sasrec_cpu_x_catalog_netdelay-k8s-v2-formal-r1-20260818160823,d09,dual,2,sasrec;catalog-gw,RCD_seed2,resource,cart,cart;order,0.0,0.0,0.0,0.0,0.0,0.0,0.0,0.0,0.0,0.0,0.0,0.0,0.0,0.0
mr2_cross_res-sasrec_cpu_x_catalog_netdelay-k8s-v2-formal-r1-20260818160823,d09,dual,2,sasrec;catalog-gw,RCD_seed3,resource,order,order,0.0,0.0,0.0,0.0,0.0,0.0,0.0,0.0,0.0,0.0,0.0,0.0,0.0,0.0
mr2_cross_res-sasrec_cpu_x_catalog_netdelay-k8s-v2-formal-r1-20260818160823,d09,dual,2,sasrec;catalog-gw,RCD_seed4,resource,checkout,checkout;cart,0.0,0.0,0.0,0.0,0.0,0.0,0.0,0.0,0.0,0.0,0.0,0.0,0.0,0.0
mr2_cross_res-sasrec_cpu_x_catalog_netdelay-k8s-v2-formal-r1-20260818160823,d09,dual,2,sasrec;catalog-gw,delta_ratio,resource,sasrec,sasrec;host;mysql;catalog-gw;catalog,1.0,1.0,1.0,0.5,0.0,0.0,1.0,1.0,0.6131471927654584,0.8772153153380493,0.5,0.5,1.0,0.625
mr2_cross_res-sasrec_cpu_x_catalog_netdelay-k8s-v2-formal-r1-20260818160823,d09,dual,2,sasrec;catalog-gw,delta_z,resource,sasrec,sasrec;mysql;host;order;search,1.0,1.0,1.0,0.5,0.0,0.0,0.0,1.0,0.6131471927654584,0.6131471927654584,0.5,0.5,0.5,0.5555555555555556
mr2_cross_net-pod_failure_x_net_delay-k8s-v2-formal-r1-20260818162102,d16,dual,2,catalog-gw;catalog,BARO,full,checkout,checkout;pricing;catalog;catalog-gw;inventory,0.0,1.0,1.0,0.0,0.0,0.0,1.0,0.0,0.3065735963827292,0.5706417189553201,0.0,0.5,1.0,0.29166666666666663
mr2_cross_net-pod_failure_x_net_delay-k8s-v2-formal-r1-20260818162102,d16,dual,2,catalog-gw;catalog,RCD_seed0,full,checkout,checkout,0.0,0.0,0.0,0.0,0.0,0.0,0.0,0.0,0.0,0.0,0.0,0.0,0.0,0.0
mr2_cross_net-pod_failure_x_net_delay-k8s-v2-formal-r1-20260818162102,d16,dual,2,catalog-gw;catalog,RCD_seed1,full,checkout,checkout,0.0,0.0,0.0,0.0,0.0,0.0,0.0,0.0,0.0,0.0,0.0,0.0,0.0,0.0
mr2_cross_net-pod_failure_x_net_delay-k8s-v2-formal-r1-20260818162102,d16,dual,2,catalog-gw;catalog,RCD_seed2,full,checkout,checkout;user,0.0,0.0,0.0,0.0,0.0,0.0,0.0,0.0,0.0,0.0,0.0,0.0,0.0,0.0
mr2_cross_net-pod_failure_x_net_delay-k8s-v2-formal-r1-20260818162102,d16,dual,2,catalog-gw;catalog,RCD_seed3,full,user,user,0.0,0.0,0.0,0.0,0.0,0.0,0.0,0.0,0.0,0.0,0.0,0.0,0.0,0.0
mr2_cross_net-pod_failure_x_net_delay-k8s-v2-formal-r1-20260818162102,d16,dual,2,catalog-gw;catalog,RCD_seed4,full,checkout,checkout;user,0.0,0.0,0.0,0.0,0.0,0.0,0.0,0.0,0.0,0.0,0.0,0.0,0.0,0.0
mr2_cross_net-pod_failure_x_net_delay-k8s-v2-formal-r1-20260818162102,d16,dual,2,catalog-gw;catalog,delta_ratio,full,pricing,pricing;checkout;user;cart;backend,0.0,0.0,0.0,0.0,0.0,0.0,0.0,0.0,0.0,0.0,0.0,0.0,0.0,0.15476190476190477
mr2_cross_net-pod_failure_x_net_delay-k8s-v2-formal-r1-20260818162102,d16,dual,2,catalog-gw;catalog,delta_z,full,catalog,catalog;host;checkout;inventory;pricing,1.0,1.0,1.0,0.5,0.0,0.0,0.0,1.0,0.6131471927654584,0.6131471927654584,0.5,0.5,0.5,0.5454545454545454
mr2_cross_net-pod_failure_x_net_delay-k8s-v2-formal-r1-20260818162102,d16,dual,2,catalog-gw;catalog,BARO,resource,catalog,catalog;catalog-gw;review-query;search;sasrec,1.0,1.0,1.0,1.0,0.0,1.0,1.0,1.0,1.0,1.0,0.5,1.0,1.0,0.75
mr2_cross_net-pod_failure_x_net_delay-k8s-v2-formal-r1-20260818162102,d16,dual,2,catalog-gw;catalog,RCD_seed0,resource,user,user,0.0,0.0,0.0,0.0,0.0,0.0,0.0,0.0,0.0,0.0,0.0,0.0,0.0,0.0
mr2_cross_net-pod_failure_x_net_delay-k8s-v2-formal-r1-20260818162102,d16,dual,2,catalog-gw;catalog,RCD_seed1,resource,user,user,0.0,0.0,0.0,0.0,0.0,0.0,0.0,0.0,0.0,0.0,0.0,0.0,0.0,0.0
mr2_cross_net-pod_failure_x_net_delay-k8s-v2-formal-r1-20260818162102,d16,dual,2,catalog-gw;catalog,RCD_seed2,resource,user,user,0.0,0.0,0.0,0.0,0.0,0.0,0.0,0.0,0.0,0.0,0.0,0.0,0.0,0.0
mr2_cross_net-pod_failure_x_net_delay-k8s-v2-formal-r1-20260818162102,d16,dual,2,catalog-gw;catalog,RCD_seed3,resource,user,user,0.0,0.0,0.0,0.0,0.0,0.0,0.0,0.0,0.0,0.0,0.0,0.0,0.0,0.0
mr2_cross_net-pod_failure_x_net_delay-k8s-v2-formal-r1-20260818162102,d16,dual,2,catalog-gw;catalog,RCD_seed4,resource,user,user,0.0,0.0,0.0,0.0,0.0,0.0,0.0,0.0,0.0,0.0,0.0,0.0,0.0,0.0
mr2_cross_net-pod_failure_x_net_delay-k8s-v2-formal-r1-20260818162102,d16,dual,2,catalog-gw;catalog,delta_ratio,resource,host,host;pricing;catalog;checkout;backend,0.0,1.0,1.0,0.0,0.0,0.0,0.0,0.0,0.3065735963827292,0.3065735963827292,0.0,0.5,0.5,0.23809523809523808
mr2_cross_net-pod_failure_x_net_delay-k8s-v2-formal-r1-20260818162102,d16,dual,2,catalog-gw;catalog,delta_z,resource,catalog,catalog;host;checkout;search;review-query,1.0,1.0,1.0,0.5,0.0,0.0,0.0,1.0,0.6131471927654584,0.6131471927654584,0.5,0.5,0.5,0.5625
mr1_single_lif-pod_failure_single-k8s-v2-formal-r1-20260818162506,s14,single,1,order,BARO,full,order,order;checkout;cart;user;sasrec,1.0,1.0,1.0,1.0,1.0,1.0,1.0,1.0,1.0,1.0,1.0,1.0,1.0,1.0
mr1_single_lif-pod_failure_single-k8s-v2-formal-r1-20260818162506,s14,single,1,order,RCD_seed0,full,order,order;search,1.0,1.0,1.0,1.0,1.0,1.0,1.0,1.0,1.0,1.0,1.0,1.0,1.0,1.0
mr1_single_lif-pod_failure_single-k8s-v2-formal-r1-20260818162506,s14,single,1,order,RCD_seed1,full,user,user;catalog-gw,0.0,0.0,0.0,0.0,0.0,0.0,0.0,0.0,0.0,0.0,0.0,0.0,0.0,0.0
mr1_single_lif-pod_failure_single-k8s-v2-formal-r1-20260818162506,s14,single,1,order,RCD_seed2,full,catalog,catalog;cart,0.0,0.0,0.0,0.0,0.0,0.0,0.0,0.0,0.0,0.0,0.0,0.0,0.0,0.0
mr1_single_lif-pod_failure_single-k8s-v2-formal-r1-20260818162506,s14,single,1,order,RCD_seed3,full,checkout,checkout;cart,0.0,0.0,0.0,0.0,0.0,0.0,0.0,0.0,0.0,0.0,0.0,0.0,0.0,0.0
mr1_single_lif-pod_failure_single-k8s-v2-formal-r1-20260818162506,s14,single,1,order,RCD_seed4,full,review-query,review-query,0.0,0.0,0.0,0.0,0.0,0.0,0.0,0.0,0.0,0.0,0.0,0.0,0.0,0.0
mr1_single_lif-pod_failure_single-k8s-v2-formal-r1-20260818162506,s14,single,1,order,delta_ratio,full,order,order;review-query;catalog;catalog-gw;search,1.0,1.0,1.0,1.0,1.0,1.0,1.0,1.0,1.0,1.0,1.0,1.0,1.0,1.0
mr1_single_lif-pod_failure_single-k8s-v2-formal-r1-20260818162506,s14,single,1,order,delta_z,full,order,order;review-query;user;search;catalog-gw,1.0,1.0,1.0,1.0,1.0,1.0,1.0,1.0,1.0,1.0,1.0,1.0,1.0,1.0
mr1_single_lif-pod_failure_single-k8s-v2-formal-r1-20260818162506,s14,single,1,order,BARO,resource,order,order;checkout;cart;user;sasrec,1.0,1.0,1.0,1.0,1.0,1.0,1.0,1.0,1.0,1.0,1.0,1.0,1.0,1.0
mr1_single_lif-pod_failure_single-k8s-v2-formal-r1-20260818162506,s14,single,1,order,RCD_seed0,resource,catalog-gw,catalog-gw;search,0.0,0.0,0.0,0.0,0.0,0.0,0.0,0.0,0.0,0.0,0.0,0.0,0.0,0.0
mr1_single_lif-pod_failure_single-k8s-v2-formal-r1-20260818162506,s14,single,1,order,RCD_seed1,resource,catalog,catalog;order;search,0.0,1.0,1.0,0.0,0.0,1.0,1.0,0.0,0.6309297535714575,0.6309297535714575,0.0,1.0,1.0,0.5
mr1_single_lif-pod_failure_single-k8s-v2-formal-r1-20260818162506,s14,single,1,order,RCD_seed2,resource,checkout,checkout;search,0.0,0.0,0.0,0.0,0.0,0.0,0.0,0.0,0.0,0.0,0.0,0.0,0.0,0.0
mr1_single_lif-pod_failure_single-k8s-v2-formal-r1-20260818162506,s14,single,1,order,RCD_seed3,resource,checkout,checkout;cart,0.0,0.0,0.0,0.0,0.0,0.0,0.0,0.0,0.0,0.0,0.0,0.0,0.0,0.0
mr1_single_lif-pod_failure_single-k8s-v2-formal-r1-20260818162506,s14,single,1,order,RCD_seed4,resource,order,order;catalog,1.0,1.0,1.0,1.0,1.0,1.0,1.0,1.0,1.0,1.0,1.0,1.0,1.0,1.0
mr1_single_lif-pod_failure_single-k8s-v2-formal-r1-20260818162506,s14,single,1,order,delta_ratio,resource,order,order;catalog-gw;catalog;checkout;search,1.0,1.0,1.0,1.0,1.0,1.0,1.0,1.0,1.0,1.0,1.0,1.0,1.0,1.0
mr1_single_lif-pod_failure_single-k8s-v2-formal-r1-20260818162506,s14,single,1,order,delta_z,resource,order,order;search;catalog-gw;backend;checkout,1.0,1.0,1.0,1.0,1.0,1.0,1.0,1.0,1.0,1.0,1.0,1.0,1.0,1.0
mr1_single_res-service_cpu_single-k8s-v2-formal-r1-20260818163942,s20,single,1,rec-agent,BARO,full,sasrec,sasrec;rec-agent;host;backend;cart,0.0,1.0,1.0,0.0,0.0,1.0,1.0,0.0,0.6309297535714575,0.6309297535714575,0.0,1.0,1.0,0.5
mr1_single_res-service_cpu_single-k8s-v2-formal-r1-20260818163942,s20,single,1,rec-agent,RCD_seed0,full,order,order,0.0,0.0,0.0,0.0,0.0,0.0,0.0,0.0,0.0,0.0,0.0,0.0,0.0,0.0
mr1_single_res-service_cpu_single-k8s-v2-formal-r1-20260818163942,s20,single,1,rec-agent,RCD_seed1,full,order,order,0.0,0.0,0.0,0.0,0.0,0.0,0.0,0.0,0.0,0.0,0.0,0.0,0.0,0.0
mr1_single_res-service_cpu_single-k8s-v2-formal-r1-20260818163942,s20,single,1,rec-agent,RCD_seed2,full,order,order,0.0,0.0,0.0,0.0,0.0,0.0,0.0,0.0,0.0,0.0,0.0,0.0,0.0,0.0
mr1_single_res-service_cpu_single-k8s-v2-formal-r1-20260818163942,s20,single,1,rec-agent,RCD_seed3,full,order,order,0.0,0.0,0.0,0.0,0.0,0.0,0.0,0.0,0.0,0.0,0.0,0.0,0.0,0.0
mr1_single_res-service_cpu_single-k8s-v2-formal-r1-20260818163942,s20,single,1,rec-agent,RCD_seed4,full,order,order,0.0,0.0,0.0,0.0,0.0,0.0,0.0,0.0,0.0,0.0,0.0,0.0,0.0,0.0
mr1_single_res-service_cpu_single-k8s-v2-formal-r1-20260818163942,s20,single,1,rec-agent,delta_ratio,full,rec-agent,rec-agent;host;catalog;user;order,1.0,1.0,1.0,1.0,1.0,1.0,1.0,1.0,1.0,1.0,1.0,1.0,1.0,1.0
mr1_single_res-service_cpu_single-k8s-v2-formal-r1-20260818163942,s20,single,1,rec-agent,delta_z,full,rec-agent,rec-agent;host;catalog;order;catalog-gw,1.0,1.0,1.0,1.0,1.0,1.0,1.0,1.0,1.0,1.0,1.0,1.0,1.0,1.0
mr1_single_res-service_cpu_single-k8s-v2-formal-r1-20260818163942,s20,single,1,rec-agent,BARO,resource,host,host;catalog-gw;rec-agent;catalog;sasrec,0.0,1.0,1.0,0.0,0.0,1.0,1.0,0.0,0.5,0.5,0.0,1.0,1.0,0.3333333333333333
mr1_single_res-service_cpu_single-k8s-v2-formal-r1-20260818163942,s20,single,1,rec-agent,RCD_seed0,resource,order,order,0.0,0.0,0.0,0.0,0.0,0.0,0.0,0.0,0.0,0.0,0.0,0.0,0.0,0.0
mr1_single_res-service_cpu_single-k8s-v2-formal-r1-20260818163942,s20,single,1,rec-agent,RCD_seed1,resource,order,order,0.0,0.0,0.0,0.0,0.0,0.0,0.0,0.0,0.0,0.0,0.0,0.0,0.0,0.0
mr1_single_res-service_cpu_single-k8s-v2-formal-r1-20260818163942,s20,single,1,rec-agent,RCD_seed2,resource,order,order,0.0,0.0,0.0,0.0,0.0,0.0,0.0,0.0,0.0,0.0,0.0,0.0,0.0,0.0
mr1_single_res-service_cpu_single-k8s-v2-formal-r1-20260818163942,s20,single,1,rec-agent,RCD_seed3,resource,order,order,0.0,0.0,0.0,0.0,0.0,0.0,0.0,0.0,0.0,0.0,0.0,0.0,0.0,0.0
mr1_single_res-service_cpu_single-k8s-v2-formal-r1-20260818163942,s20,single,1,rec-agent,RCD_seed4,resource,order,order,0.0,0.0,0.0,0.0,0.0,0.0,0.0,0.0,0.0,0.0,0.0,0.0,0.0,0.0
mr1_single_res-service_cpu_single-k8s-v2-formal-r1-20260818163942,s20,single,1,rec-agent,delta_ratio,resource,rec-agent,rec-agent;host;order;sasrec;catalog,1.0,1.0,1.0,1.0,1.0,1.0,1.0,1.0,1.0,1.0,1.0,1.0,1.0,1.0
mr1_single_res-service_cpu_single-k8s-v2-formal-r1-20260818163942,s20,single,1,rec-agent,delta_z,resource,rec-agent,rec-agent;host;order;catalog-gw;cart,1.0,1.0,1.0,1.0,1.0,1.0,1.0,1.0,1.0,1.0,1.0,1.0,1.0,1.0
mr1_single_lif-pod_failure_single-k8s-v2-formal-r1-20260818164338,s17,single,1,backend,BARO,full,backend,backend;order;sasrec;pricing;review-query,1.0,1.0,1.0,1.0,1.0,1.0,1.0,1.0,1.0,1.0,1.0,1.0,1.0,1.0
mr1_single_lif-pod_failure_single-k8s-v2-formal-r1-20260818164338,s17,single,1,backend,RCD_seed0,full,backend,backend;order,1.0,1.0,1.0,1.0,1.0,1.0,1.0,1.0,1.0,1.0,1.0,1.0,1.0,1.0
mr1_single_lif-pod_failure_single-k8s-v2-formal-r1-20260818164338,s17,single,1,backend,RCD_seed1,full,checkout,checkout;backend,0.0,1.0,1.0,0.0,0.0,1.0,1.0,0.0,0.6309297535714575,0.6309297535714575,0.0,1.0,1.0,0.5
mr1_single_lif-pod_failure_single-k8s-v2-formal-r1-20260818164338,s17,single,1,backend,RCD_seed2,full,cart,cart;catalog-gw,0.0,0.0,0.0,0.0,0.0,0.0,0.0,0.0,0.0,0.0,0.0,0.0,0.0,0.0
mr1_single_lif-pod_failure_single-k8s-v2-formal-r1-20260818164338,s17,single,1,backend,RCD_seed3,full,backend,backend;checkout,1.0,1.0,1.0,1.0,1.0,1.0,1.0,1.0,1.0,1.0,1.0,1.0,1.0,1.0
mr1_single_lif-pod_failure_single-k8s-v2-formal-r1-20260818164338,s17,single,1,backend,RCD_seed4,full,order,order;review-query,0.0,0.0,0.0,0.0,0.0,0.0,0.0,0.0,0.0,0.0,0.0,0.0,0.0,0.0
mr1_single_lif-pod_failure_single-k8s-v2-formal-r1-20260818164338,s17,single,1,backend,delta_ratio,full,backend,backend;sasrec;pricing;checkout;catalog-gw,1.0,1.0,1.0,1.0,1.0,1.0,1.0,1.0,1.0,1.0,1.0,1.0,1.0,1.0
mr1_single_lif-pod_failure_single-k8s-v2-formal-r1-20260818164338,s17,single,1,backend,delta_z,full,backend,backend;order;search;review-query;cart,1.0,1.0,1.0,1.0,1.0,1.0,1.0,1.0,1.0,1.0,1.0,1.0,1.0,1.0
mr1_single_lif-pod_failure_single-k8s-v2-formal-r1-20260818164338,s17,single,1,backend,BARO,resource,backend,backend;order;review-query;user;cart,1.0,1.0,1.0,1.0,1.0,1.0,1.0,1.0,1.0,1.0,1.0,1.0,1.0,1.0
mr1_single_lif-pod_failure_single-k8s-v2-formal-r1-20260818164338,s17,single,1,backend,RCD_seed0,resource,backend,backend,1.0,1.0,1.0,1.0,1.0,1.0,1.0,1.0,1.0,1.0,1.0,1.0,1.0,1.0
mr1_single_lif-pod_failure_single-k8s-v2-formal-r1-20260818164338,s17,single,1,backend,RCD_seed1,resource,pricing,pricing;inventory,0.0,0.0,0.0,0.0,0.0,0.0,0.0,0.0,0.0,0.0,0.0,0.0,0.0,0.0
mr1_single_lif-pod_failure_single-k8s-v2-formal-r1-20260818164338,s17,single,1,backend,RCD_seed2,resource,order,order;pricing,0.0,0.0,0.0,0.0,0.0,0.0,0.0,0.0,0.0,0.0,0.0,0.0,0.0,0.0
mr1_single_lif-pod_failure_single-k8s-v2-formal-r1-20260818164338,s17,single,1,backend,RCD_seed3,resource,checkout,checkout;review-query,0.0,0.0,0.0,0.0,0.0,0.0,0.0,0.0,0.0,0.0,0.0,0.0,0.0,0.0
mr1_single_lif-pod_failure_single-k8s-v2-formal-r1-20260818164338,s17,single,1,backend,RCD_seed4,resource,search,search;catalog,0.0,0.0,0.0,0.0,0.0,0.0,0.0,0.0,0.0,0.0,0.0,0.0,0.0,0.0
mr1_single_lif-pod_failure_single-k8s-v2-formal-r1-20260818164338,s17,single,1,backend,delta_ratio,resource,backend,backend;catalog-gw;review-query;catalog;host,1.0,1.0,1.0,1.0,1.0,1.0,1.0,1.0,1.0,1.0,1.0,1.0,1.0,1.0
mr1_single_lif-pod_failure_single-k8s-v2-formal-r1-20260818164338,s17,single,1,backend,delta_z,resource,backend,backend;order;search;review-query;cart,1.0,1.0,1.0,1.0,1.0,1.0,1.0,1.0,1.0,1.0,1.0,1.0,1.0,1.0
mr2_intra_lif-dual_podfail_staggered-k8s-v2-formal-r1-20260818164835,d04,dual,2,catalog;user,BARO,full,pricing,pricing;checkout;search;catalog;inventory,0.0,0.0,1.0,0.0,0.0,0.0,0.0,0.0,0.0,0.2640681225725909,0.0,0.0,0.5,0.16346153846153846
mr2_intra_lif-dual_podfail_staggered-k8s-v2-formal-r1-20260818164835,d04,dual,2,catalog;user,RCD_seed0,full,backend,backend,0.0,0.0,0.0,0.0,0.0,0.0,0.0,0.0,0.0,0.0,0.0,0.0,0.0,0.0
mr2_intra_lif-dual_podfail_staggered-k8s-v2-formal-r1-20260818164835,d04,dual,2,catalog;user,RCD_seed1,full,backend,backend;pricing,0.0,0.0,0.0,0.0,0.0,0.0,0.0,0.0,0.0,0.0,0.0,0.0,0.0,0.0
mr2_intra_lif-dual_podfail_staggered-k8s-v2-formal-r1-20260818164835,d04,dual,2,catalog;user,RCD_seed2,full,pricing,pricing,0.0,0.0,0.0,0.0,0.0,0.0,0.0,0.0,0.0,0.0,0.0,0.0,0.0,0.0
mr2_intra_lif-dual_podfail_staggered-k8s-v2-formal-r1-20260818164835,d04,dual,2,catalog;user,RCD_seed3,full,pricing,pricing,0.0,0.0,0.0,0.0,0.0,0.0,0.0,0.0,0.0,0.0,0.0,0.0,0.0,0.0
mr2_intra_lif-dual_podfail_staggered-k8s-v2-formal-r1-20260818164835,d04,dual,2,catalog;user,RCD_seed4,full,order,order;pricing,0.0,0.0,0.0,0.0,0.0,0.0,0.0,0.0,0.0,0.0,0.0,0.0,0.0,0.0
mr2_intra_lif-dual_podfail_staggered-k8s-v2-formal-r1-20260818164835,d04,dual,2,catalog;user,delta_ratio,full,pricing,pricing;catalog;checkout;search;sasrec,0.0,1.0,1.0,0.5,0.0,0.0,0.0,0.0,0.38685280723454163,0.38685280723454163,0.0,0.5,0.5,0.2916666666666667
mr2_intra_lif-dual_podfail_staggered-k8s-v2-formal-r1-20260818164835,d04,dual,2,catalog;user,delta_z,full,catalog,catalog;sasrec;pricing;backend;search,1.0,1.0,1.0,0.5,0.0,0.0,0.0,1.0,0.6131471927654584,0.6131471927654584,0.5,0.5,0.5,0.55
mr2_intra_lif-dual_podfail_staggered-k8s-v2-formal-r1-20260818164835,d04,dual,2,catalog;user,BARO,resource,search,search;catalog;inventory;review-query;order,0.0,1.0,1.0,0.5,0.0,0.0,0.0,0.0,0.38685280723454163,0.38685280723454163,0.0,0.5,0.5,0.29545454545454547
mr2_intra_lif-dual_podfail_staggered-k8s-v2-formal-r1-20260818164835,d04,dual,2,catalog;user,RCD_seed0,resource,order,order;inventory;search;cart;user,0.0,0.0,1.0,0.0,0.0,0.0,0.0,0.0,0.0,0.23719771276929622,0.0,0.0,0.5,0.1
mr2_intra_lif-dual_podfail_staggered-k8s-v2-formal-r1-20260818164835,d04,dual,2,catalog;user,RCD_seed1,resource,backend,backend,0.0,0.0,0.0,0.0,0.0,0.0,0.0,0.0,0.0,0.0,0.0,0.0,0.0,0.0
mr2_intra_lif-dual_podfail_staggered-k8s-v2-formal-r1-20260818164835,d04,dual,2,catalog;user,RCD_seed2,resource,cart,cart;pricing,0.0,0.0,0.0,0.0,0.0,0.0,0.0,0.0,0.0,0.0,0.0,0.0,0.0,0.0
mr2_intra_lif-dual_podfail_staggered-k8s-v2-formal-r1-20260818164835,d04,dual,2,catalog;user,RCD_seed3,resource,order,order;backend,0.0,0.0,0.0,0.0,0.0,0.0,0.0,0.0,0.0,0.0,0.0,0.0,0.0,0.0
mr2_intra_lif-dual_podfail_staggered-k8s-v2-formal-r1-20260818164835,d04,dual,2,catalog;user,RCD_seed4,resource,pricing,pricing,0.0,0.0,0.0,0.0,0.0,0.0,0.0,0.0,0.0,0.0,0.0,0.0,0.0,0.0
mr2_intra_lif-dual_podfail_staggered-k8s-v2-formal-r1-20260818164835,d04,dual,2,catalog;user,delta_ratio,resource,catalog,catalog;pricing;search;sasrec;backend,1.0,1.0,1.0,0.5,0.0,0.0,0.0,1.0,0.6131471927654584,0.6131471927654584,0.5,0.5,0.5,0.5555555555555556
mr2_intra_lif-dual_podfail_staggered-k8s-v2-formal-r1-20260818164835,d04,dual,2,catalog;user,delta_z,resource,catalog,catalog;backend;search;host;inventory,1.0,1.0,1.0,0.5,0.0,0.0,0.0,1.0,0.6131471927654584,0.6131471927654584,0.5,0.5,0.5,0.5555555555555556
mr1_single_res-service_cpu_single-k8s-v2-formal-r1-20260818165549,s04,single,1,catalog,BARO,full,catalog,catalog;cart;backend;pricing;inventory,1.0,1.0,1.0,1.0,1.0,1.0,1.0,1.0,1.0,1.0,1.0,1.0,1.0,1.0
mr1_single_res-service_cpu_single-k8s-v2-formal-r1-20260818165549,s04,single,1,catalog,RCD_seed0,full,backend,backend;review-query,0.0,0.0,0.0,0.0,0.0,0.0,0.0,0.0,0.0,0.0,0.0,0.0,0.0,0.0
mr1_single_res-service_cpu_single-k8s-v2-formal-r1-20260818165549,s04,single,1,catalog,RCD_seed1,full,backend,backend;cart,0.0,0.0,0.0,0.0,0.0,0.0,0.0,0.0,0.0,0.0,0.0,0.0,0.0,0.0
mr1_single_res-service_cpu_single-k8s-v2-formal-r1-20260818165549,s04,single,1,catalog,RCD_seed2,full,pricing,pricing;search,0.0,0.0,0.0,0.0,0.0,0.0,0.0,0.0,0.0,0.0,0.0,0.0,0.0,0.0
mr1_single_res-service_cpu_single-k8s-v2-formal-r1-20260818165549,s04,single,1,catalog,RCD_seed3,full,cart,cart;backend,0.0,0.0,0.0,0.0,0.0,0.0,0.0,0.0,0.0,0.0,0.0,0.0,0.0,0.0
mr1_single_res-service_cpu_single-k8s-v2-formal-r1-20260818165549,s04,single,1,catalog,RCD_seed4,full,cart,cart;user,0.0,0.0,0.0,0.0,0.0,0.0,0.0,0.0,0.0,0.0,0.0,0.0,0.0,0.0
mr1_single_res-service_cpu_single-k8s-v2-formal-r1-20260818165549,s04,single,1,catalog,delta_ratio,full,catalog,catalog;pricing;host;search;checkout,1.0,1.0,1.0,1.0,1.0,1.0,1.0,1.0,1.0,1.0,1.0,1.0,1.0,1.0
mr1_single_res-service_cpu_single-k8s-v2-formal-r1-20260818165549,s04,single,1,catalog,delta_z,full,checkout,checkout;catalog;pricing;cart;host,0.0,1.0,1.0,0.0,0.0,1.0,1.0,0.0,0.6309297535714575,0.6309297535714575,0.0,1.0,1.0,0.5
mr1_single_res-service_cpu_single-k8s-v2-formal-r1-20260818165549,s04,single,1,catalog,BARO,resource,catalog,catalog;cart;host;user;mysql,1.0,1.0,1.0,1.0,1.0,1.0,1.0,1.0,1.0,1.0,1.0,1.0,1.0,1.0
mr1_single_res-service_cpu_single-k8s-v2-formal-r1-20260818165549,s04,single,1,catalog,RCD_seed0,resource,inventory,inventory,0.0,0.0,0.0,0.0,0.0,0.0,0.0,0.0,0.0,0.0,0.0,0.0,0.0,0.0
mr1_single_res-service_cpu_single-k8s-v2-formal-r1-20260818165549,s04,single,1,catalog,RCD_seed1,resource,inventory,inventory;user;checkout,0.0,0.0,0.0,0.0,0.0,0.0,0.0,0.0,0.0,0.0,0.0,0.0,0.0,0.0
mr1_single_res-service_cpu_single-k8s-v2-formal-r1-20260818165549,s04,single,1,catalog,RCD_seed2,resource,checkout,checkout,0.0,0.0,0.0,0.0,0.0,0.0,0.0,0.0,0.0,0.0,0.0,0.0,0.0,0.0
mr1_single_res-service_cpu_single-k8s-v2-formal-r1-20260818165549,s04,single,1,catalog,RCD_seed3,resource,backend,backend;cart,0.0,0.0,0.0,0.0,0.0,0.0,0.0,0.0,0.0,0.0,0.0,0.0,0.0,0.0
mr1_single_res-service_cpu_single-k8s-v2-formal-r1-20260818165549,s04,single,1,catalog,RCD_seed4,resource,checkout,checkout;catalog-gw,0.0,0.0,0.0,0.0,0.0,0.0,0.0,0.0,0.0,0.0,0.0,0.0,0.0,0.0
mr1_single_res-service_cpu_single-k8s-v2-formal-r1-20260818165549,s04,single,1,catalog,delta_ratio,resource,catalog,catalog;host;catalog-gw;backend;user,1.0,1.0,1.0,1.0,1.0,1.0,1.0,1.0,1.0,1.0,1.0,1.0,1.0,1.0
mr1_single_res-service_cpu_single-k8s-v2-formal-r1-20260818165549,s04,single,1,catalog,delta_z,resource,checkout,checkout;catalog;cart;host;user,0.0,1.0,1.0,0.0,0.0,1.0,1.0,0.0,0.6309297535714575,0.6309297535714575,0.0,1.0,1.0,0.5
mr2_cross_res-db_lock_x_netdelay-k8s-v2-formal-r1-20260818165910,d10,dual,2,mysql;catalog-gw,BARO,full,cart,cart;order;catalog;review-query;pricing,0.0,0.0,0.0,0.0,0.0,0.0,0.0,0.0,0.0,0.0,0.0,0.0,0.0,0.09126984126984126
mr2_cross_res-db_lock_x_netdelay-k8s-v2-formal-r1-20260818165910,d10,dual,2,mysql;catalog-gw,RCD_seed0,full,search,search;cart,0.0,0.0,0.0,0.0,0.0,0.0,0.0,0.0,0.0,0.0,0.0,0.0,0.0,0.0
mr2_cross_res-db_lock_x_netdelay-k8s-v2-formal-r1-20260818165910,d10,dual,2,mysql;catalog-gw,RCD_seed1,full,order,order,0.0,0.0,0.0,0.0,0.0,0.0,0.0,0.0,0.0,0.0,0.0,0.0,0.0,0.0
mr2_cross_res-db_lock_x_netdelay-k8s-v2-formal-r1-20260818165910,d10,dual,2,mysql;catalog-gw,RCD_seed2,full,catalog-gw,catalog-gw;order,1.0,1.0,1.0,0.5,0.0,0.0,0.0,1.0,0.6131471927654584,0.6131471927654584,0.5,0.5,0.5,0.5
mr2_cross_res-db_lock_x_netdelay-k8s-v2-formal-r1-20260818165910,d10,dual,2,mysql;catalog-gw,RCD_seed3,full,order,order;catalog-gw,0.0,1.0,1.0,0.5,0.0,0.0,0.0,0.0,0.38685280723454163,0.38685280723454163,0.0,0.5,0.5,0.25
mr2_cross_res-db_lock_x_netdelay-k8s-v2-formal-r1-20260818165910,d10,dual,2,mysql;catalog-gw,RCD_seed4,full,cart,cart;search,0.0,0.0,0.0,0.0,0.0,0.0,0.0,0.0,0.0,0.0,0.0,0.0,0.0,0.0
mr2_cross_res-db_lock_x_netdelay-k8s-v2-formal-r1-20260818165910,d10,dual,2,mysql;catalog-gw,delta_ratio,full,search,search;cart;catalog;checkout;order,0.0,0.0,0.0,0.0,0.0,0.0,0.0,0.0,0.0,0.0,0.0,0.0,0.0,0.10795454545454546
mr2_cross_res-db_lock_x_netdelay-k8s-v2-formal-r1-20260818165910,d10,dual,2,mysql;catalog-gw,delta_z,full,search,search;catalog-gw;mysql;user;cart,0.0,1.0,1.0,0.5,0.0,1.0,1.0,0.0,0.6934264036172708,0.6934264036172708,0.0,1.0,1.0,0.41666666666666663
mr2_cross_res-db_lock_x_netdelay-k8s-v2-formal-r1-20260818165910,d10,dual,2,mysql;catalog-gw,BARO,resource,backend,backend;review-query;checkout;order;cart,0.0,0.0,0.0,0.0,0.0,0.0,0.0,0.0,0.0,0.0,0.0,0.0,0.0,0.12179487179487179
mr2_cross_res-db_lock_x_netdelay-k8s-v2-formal-r1-20260818165910,d10,dual,2,mysql;catalog-gw,RCD_seed0,resource,user,user;order;catalog-gw;cart,0.0,1.0,1.0,0.0,0.0,0.0,0.0,0.0,0.3065735963827292,0.3065735963827292,0.0,0.5,0.5,0.16666666666666666
mr2_cross_res-db_lock_x_netdelay-k8s-v2-formal-r1-20260818165910,d10,dual,2,mysql;catalog-gw,RCD_seed1,resource,order,order;cart;pricing,0.0,0.0,0.0,0.0,0.0,0.0,0.0,0.0,0.0,0.0,0.0,0.0,0.0,0.0
mr2_cross_res-db_lock_x_netdelay-k8s-v2-formal-r1-20260818165910,d10,dual,2,mysql;catalog-gw,RCD_seed2,resource,order,order;checkout,0.0,0.0,0.0,0.0,0.0,0.0,0.0,0.0,0.0,0.0,0.0,0.0,0.0,0.0
mr2_cross_res-db_lock_x_netdelay-k8s-v2-formal-r1-20260818165910,d10,dual,2,mysql;catalog-gw,RCD_seed3,resource,sasrec,sasrec;checkout;catalog-gw,0.0,1.0,1.0,0.0,0.0,0.0,0.0,0.0,0.3065735963827292,0.3065735963827292,0.0,0.5,0.5,0.16666666666666666
mr2_cross_res-db_lock_x_netdelay-k8s-v2-formal-r1-20260818165910,d10,dual,2,mysql;catalog-gw,RCD_seed4,resource,order,order;catalog-gw,0.0,1.0,1.0,0.5,0.0,0.0,0.0,0.0,0.38685280723454163,0.38685280723454163,0.0,0.5,0.5,0.25
mr2_cross_res-db_lock_x_netdelay-k8s-v2-formal-r1-20260818165910,d10,dual,2,mysql;catalog-gw,delta_ratio,resource,catalog-gw,catalog-gw;catalog;mysql;pricing;host,1.0,1.0,1.0,0.5,0.0,1.0,1.0,1.0,0.9197207891481876,0.9197207891481876,0.5,1.0,1.0,0.6666666666666666
mr2_cross_res-db_lock_x_netdelay-k8s-v2-formal-r1-20260818165910,d10,dual,2,mysql;catalog-gw,delta_z,resource,catalog-gw,catalog-gw;mysql;user;sasrec;review-query,1.0,1.0,1.0,1.0,0.0,1.0,1.0,1.0,1.0,1.0,0.5,1.0,1.0,0.75
mr2_cross_res-catalog_latency_x_svc_cpu-k8s-v2-formal-r1-20260818170719,d15,single,1,catalog,BARO,full,catalog,catalog;checkout;review-query;pricing;order,1.0,1.0,1.0,1.0,1.0,1.0,1.0,1.0,1.0,1.0,1.0,1.0,1.0,1.0
mr2_cross_res-catalog_latency_x_svc_cpu-k8s-v2-formal-r1-20260818170719,d15,single,1,catalog,RCD_seed0,full,pricing,pricing;catalog,0.0,1.0,1.0,0.0,0.0,1.0,1.0,0.0,0.6309297535714575,0.6309297535714575,0.0,1.0,1.0,0.5
mr2_cross_res-catalog_latency_x_svc_cpu-k8s-v2-formal-r1-20260818170719,d15,single,1,catalog,RCD_seed1,full,review-query,review-query;search,0.0,0.0,0.0,0.0,0.0,0.0,0.0,0.0,0.0,0.0,0.0,0.0,0.0,0.0
mr2_cross_res-catalog_latency_x_svc_cpu-k8s-v2-formal-r1-20260818170719,d15,single,1,catalog,RCD_seed2,full,pricing,pricing;search,0.0,0.0,0.0,0.0,0.0,0.0,0.0,0.0,0.0,0.0,0.0,0.0,0.0,0.0
mr2_cross_res-catalog_latency_x_svc_cpu-k8s-v2-formal-r1-20260818170719,d15,single,1,catalog,RCD_seed3,full,search,search;review-query,0.0,0.0,0.0,0.0,0.0,0.0,0.0,0.0,0.0,0.0,0.0,0.0,0.0,0.0
mr2_cross_res-catalog_latency_x_svc_cpu-k8s-v2-formal-r1-20260818170719,d15,single,1,catalog,RCD_seed4,full,inventory,inventory;order,0.0,0.0,0.0,0.0,0.0,0.0,0.0,0.0,0.0,0.0,0.0,0.0,0.0,0.0
mr2_cross_res-catalog_latency_x_svc_cpu-k8s-v2-formal-r1-20260818170719,d15,single,1,catalog,delta_ratio,full,catalog,catalog;search;host;pricing;review-query,1.0,1.0,1.0,1.0,1.0,1.0,1.0,1.0,1.0,1.0,1.0,1.0,1.0,1.0
mr2_cross_res-catalog_latency_x_svc_cpu-k8s-v2-formal-r1-20260818170719,d15,single,1,catalog,delta_z,full,catalog,catalog;search;host;review-query;checkout,1.0,1.0,1.0,1.0,1.0,1.0,1.0,1.0,1.0,1.0,1.0,1.0,1.0,1.0
mr2_cross_res-catalog_latency_x_svc_cpu-k8s-v2-formal-r1-20260818170719,d15,single,1,catalog,BARO,resource,catalog,catalog;host;order;review-query;catalog-gw,1.0,1.0,1.0,1.0,1.0,1.0,1.0,1.0,1.0,1.0,1.0,1.0,1.0,1.0
mr2_cross_res-catalog_latency_x_svc_cpu-k8s-v2-formal-r1-20260818170719,d15,single,1,catalog,RCD_seed0,resource,user,user;catalog,0.0,1.0,1.0,0.0,0.0,1.0,1.0,0.0,0.6309297535714575,0.6309297535714575,0.0,1.0,1.0,0.5
mr2_cross_res-catalog_latency_x_svc_cpu-k8s-v2-formal-r1-20260818170719,d15,single,1,catalog,RCD_seed1,resource,review-query,review-query;user;order;inventory,0.0,0.0,0.0,0.0,0.0,0.0,0.0,0.0,0.0,0.0,0.0,0.0,0.0,0.0
mr2_cross_res-catalog_latency_x_svc_cpu-k8s-v2-formal-r1-20260818170719,d15,single,1,catalog,RCD_seed2,resource,order,order;catalog,0.0,1.0,1.0,0.0,0.0,1.0,1.0,0.0,0.6309297535714575,0.6309297535714575,0.0,1.0,1.0,0.5
mr2_cross_res-catalog_latency_x_svc_cpu-k8s-v2-formal-r1-20260818170719,d15,single,1,catalog,RCD_seed3,resource,order,order;inventory,0.0,0.0,0.0,0.0,0.0,0.0,0.0,0.0,0.0,0.0,0.0,0.0,0.0,0.0
mr2_cross_res-catalog_latency_x_svc_cpu-k8s-v2-formal-r1-20260818170719,d15,single,1,catalog,RCD_seed4,resource,order,order;user;inventory,0.0,0.0,0.0,0.0,0.0,0.0,0.0,0.0,0.0,0.0,0.0,0.0,0.0,0.0
mr2_cross_res-catalog_latency_x_svc_cpu-k8s-v2-formal-r1-20260818170719,d15,single,1,catalog,delta_ratio,resource,catalog,catalog;host;search;review-query;catalog-gw,1.0,1.0,1.0,1.0,1.0,1.0,1.0,1.0,1.0,1.0,1.0,1.0,1.0,1.0
mr2_cross_res-catalog_latency_x_svc_cpu-k8s-v2-formal-r1-20260818170719,d15,single,1,catalog,delta_z,resource,catalog,catalog;host;review-query;pricing;order,1.0,1.0,1.0,1.0,1.0,1.0,1.0,1.0,1.0,1.0,1.0,1.0,1.0,1.0
mr2_cross_dependency-net_delay_x_inv_latency-k8s-v2-formal-r1-20260818172551,d07,dual,2,inventory;catalog-gw,BARO,full,inventory,inventory;pricing;checkout;order;sasrec,1.0,1.0,1.0,0.5,0.0,0.0,0.0,1.0,0.6131471927654584,0.6131471927654584,0.5,0.5,0.5,0.5625
mr2_cross_dependency-net_delay_x_inv_latency-k8s-v2-formal-r1-20260818172551,d07,dual,2,inventory;catalog-gw,RCD_seed0,full,inventory,inventory,1.0,1.0,1.0,0.5,0.0,0.0,0.0,1.0,0.6131471927654584,0.6131471927654584,0.5,0.5,0.5,0.5
mr2_cross_dependency-net_delay_x_inv_latency-k8s-v2-formal-r1-20260818172551,d07,dual,2,inventory;catalog-gw,RCD_seed1,full,inventory,inventory,1.0,1.0,1.0,0.5,0.0,0.0,0.0,1.0,0.6131471927654584,0.6131471927654584,0.5,0.5,0.5,0.5
mr2_cross_dependency-net_delay_x_inv_latency-k8s-v2-formal-r1-20260818172551,d07,dual,2,inventory;catalog-gw,RCD_seed2,full,inventory,inventory,1.0,1.0,1.0,0.5,0.0,0.0,0.0,1.0,0.6131471927654584,0.6131471927654584,0.5,0.5,0.5,0.5
mr2_cross_dependency-net_delay_x_inv_latency-k8s-v2-formal-r1-20260818172551,d07,dual,2,inventory;catalog-gw,RCD_seed3,full,inventory,inventory,1.0,1.0,1.0,0.5,0.0,0.0,0.0,1.0,0.6131471927654584,0.6131471927654584,0.5,0.5,0.5,0.5
mr2_cross_dependency-net_delay_x_inv_latency-k8s-v2-formal-r1-20260818172551,d07,dual,2,inventory;catalog-gw,RCD_seed4,full,inventory,inventory,1.0,1.0,1.0,0.5,0.0,0.0,0.0,1.0,0.6131471927654584,0.6131471927654584,0.5,0.5,0.5,0.5
mr2_cross_dependency-net_delay_x_inv_latency-k8s-v2-formal-r1-20260818172551,d07,dual,2,inventory;catalog-gw,delta_ratio,full,mysql,mysql;checkout;inventory;catalog;pricing,0.0,1.0,1.0,0.0,0.0,0.0,0.0,0.0,0.3065735963827292,0.3065735963827292,0.0,0.5,0.5,0.20512820512820512
mr2_cross_dependency-net_delay_x_inv_latency-k8s-v2-formal-r1-20260818172551,d07,dual,2,inventory;catalog-gw,delta_z,full,inventory,inventory;mysql;host;checkout;backend,1.0,1.0,1.0,0.5,0.0,0.0,0.0,1.0,0.6131471927654584,0.6131471927654584,0.5,0.5,0.5,0.5625
mr2_cross_dependency-net_delay_x_inv_latency-k8s-v2-formal-r1-20260818172551,d07,dual,2,inventory;catalog-gw,BARO,resource,inventory,inventory;catalog-gw;search;review-query;backend,1.0,1.0,1.0,1.0,0.0,1.0,1.0,1.0,1.0,1.0,0.5,1.0,1.0,0.75
mr2_cross_dependency-net_delay_x_inv_latency-k8s-v2-formal-r1-20260818172551,d07,dual,2,inventory;catalog-gw,RCD_seed0,resource,inventory,inventory,1.0,1.0,1.0,0.5,0.0,0.0,0.0,1.0,0.6131471927654584,0.6131471927654584,0.5,0.5,0.5,0.5
mr2_cross_dependency-net_delay_x_inv_latency-k8s-v2-formal-r1-20260818172551,d07,dual,2,inventory;catalog-gw,RCD_seed1,resource,inventory,inventory,1.0,1.0,1.0,0.5,0.0,0.0,0.0,1.0,0.6131471927654584,0.6131471927654584,0.5,0.5,0.5,0.5
mr2_cross_dependency-net_delay_x_inv_latency-k8s-v2-formal-r1-20260818172551,d07,dual,2,inventory;catalog-gw,RCD_seed2,resource,inventory,inventory,1.0,1.0,1.0,0.5,0.0,0.0,0.0,1.0,0.6131471927654584,0.6131471927654584,0.5,0.5,0.5,0.5
mr2_cross_dependency-net_delay_x_inv_latency-k8s-v2-formal-r1-20260818172551,d07,dual,2,inventory;catalog-gw,RCD_seed3,resource,inventory,inventory,1.0,1.0,1.0,0.5,0.0,0.0,0.0,1.0,0.6131471927654584,0.6131471927654584,0.5,0.5,0.5,0.5
mr2_cross_dependency-net_delay_x_inv_latency-k8s-v2-formal-r1-20260818172551,d07,dual,2,inventory;catalog-gw,RCD_seed4,resource,inventory,inventory,1.0,1.0,1.0,0.5,0.0,0.0,0.0,1.0,0.6131471927654584,0.6131471927654584,0.5,0.5,0.5,0.5
mr2_cross_dependency-net_delay_x_inv_latency-k8s-v2-formal-r1-20260818172551,d07,dual,2,inventory;catalog-gw,delta_ratio,resource,mysql,mysql;inventory;host;checkout;pricing,0.0,1.0,1.0,0.5,0.0,0.0,0.0,0.0,0.38685280723454163,0.38685280723454163,0.0,0.5,0.5,0.3214285714285714
mr2_cross_dependency-net_delay_x_inv_latency-k8s-v2-formal-r1-20260818172551,d07,dual,2,inventory;catalog-gw,delta_z,resource,inventory,inventory;mysql;host;backend;pricing,1.0,1.0,1.0,0.5,0.0,0.0,0.0,1.0,0.6131471927654584,0.6131471927654584,0.5,0.5,0.5,0.5625
mr3_cross_dependency-pod_failure_x_catalog_latency_x_cfg_timeout-k8s-v2-formal-r1-20260818175052,t04,dual,2,catalog;catalog-gw,BARO,full,pricing,pricing;sasrec;catalog;search;rec-agent,0.0,1.0,1.0,0.0,0.0,0.0,0.0,0.0,0.3065735963827292,0.3065735963827292,0.0,0.5,0.5,0.20512820512820512
mr3_cross_dependency-pod_failure_x_catalog_latency_x_cfg_timeout-k8s-v2-formal-r1-20260818175052,t04,dual,2,catalog;catalog-gw,RCD_seed0,full,catalog,catalog,1.0,1.0,1.0,0.5,0.0,0.0,0.0,1.0,0.6131471927654584,0.6131471927654584,0.5,0.5,0.5,0.5
mr3_cross_dependency-pod_failure_x_catalog_latency_x_cfg_timeout-k8s-v2-formal-r1-20260818175052,t04,dual,2,catalog;catalog-gw,RCD_seed1,full,catalog,catalog,1.0,1.0,1.0,0.5,0.0,0.0,0.0,1.0,0.6131471927654584,0.6131471927654584,0.5,0.5,0.5,0.5
mr3_cross_dependency-pod_failure_x_catalog_latency_x_cfg_timeout-k8s-v2-formal-r1-20260818175052,t04,dual,2,catalog;catalog-gw,RCD_seed2,full,catalog,catalog,1.0,1.0,1.0,0.5,0.0,0.0,0.0,1.0,0.6131471927654584,0.6131471927654584,0.5,0.5,0.5,0.5
mr3_cross_dependency-pod_failure_x_catalog_latency_x_cfg_timeout-k8s-v2-formal-r1-20260818175052,t04,dual,2,catalog;catalog-gw,RCD_seed3,full,pricing,pricing;catalog,0.0,1.0,1.0,0.5,0.0,0.0,0.0,0.0,0.38685280723454163,0.38685280723454163,0.0,0.5,0.5,0.25
mr3_cross_dependency-pod_failure_x_catalog_latency_x_cfg_timeout-k8s-v2-formal-r1-20260818175052,t04,dual,2,catalog;catalog-gw,RCD_seed4,full,checkout,checkout,0.0,0.0,0.0,0.0,0.0,0.0,0.0,0.0,0.0,0.0,0.0,0.0,0.0,0.0
mr3_cross_dependency-pod_failure_x_catalog_latency_x_cfg_timeout-k8s-v2-formal-r1-20260818175052,t04,dual,2,catalog;catalog-gw,delta_ratio,full,pricing,pricing;search;catalog;review-query;checkout,0.0,1.0,1.0,0.0,0.0,0.0,0.0,0.0,0.3065735963827292,0.3065735963827292,0.0,0.5,0.5,0.25
mr3_cross_dependency-pod_failure_x_catalog_latency_x_cfg_timeout-k8s-v2-formal-r1-20260818175052,t04,dual,2,catalog;catalog-gw,delta_z,full,catalog,catalog;pricing;search;host;review-query,1.0,1.0,1.0,0.5,0.0,0.0,0.0,1.0,0.6131471927654584,0.6131471927654584,0.5,0.5,0.5,0.55
mr3_cross_dependency-pod_failure_x_catalog_latency_x_cfg_timeout-k8s-v2-formal-r1-20260818175052,t04,dual,2,catalog;catalog-gw,BARO,resource,catalog,catalog;catalog-gw;sasrec;user;inventory,1.0,1.0,1.0,1.0,0.0,1.0,1.0,1.0,1.0,1.0,0.5,1.0,1.0,0.75
mr3_cross_dependency-pod_failure_x_catalog_latency_x_cfg_timeout-k8s-v2-formal-r1-20260818175052,t04,dual,2,catalog;catalog-gw,RCD_seed0,resource,catalog,catalog,1.0,1.0,1.0,0.5,0.0,0.0,0.0,1.0,0.6131471927654584,0.6131471927654584,0.5,0.5,0.5,0.5
mr3_cross_dependency-pod_failure_x_catalog_latency_x_cfg_timeout-k8s-v2-formal-r1-20260818175052,t04,dual,2,catalog;catalog-gw,RCD_seed1,resource,catalog,catalog,1.0,1.0,1.0,0.5,0.0,0.0,0.0,1.0,0.6131471927654584,0.6131471927654584,0.5,0.5,0.5,0.5
mr3_cross_dependency-pod_failure_x_catalog_latency_x_cfg_timeout-k8s-v2-formal-r1-20260818175052,t04,dual,2,catalog;catalog-gw,RCD_seed2,resource,catalog,catalog,1.0,1.0,1.0,0.5,0.0,0.0,0.0,1.0,0.6131471927654584,0.6131471927654584,0.5,0.5,0.5,0.5
mr3_cross_dependency-pod_failure_x_catalog_latency_x_cfg_timeout-k8s-v2-formal-r1-20260818175052,t04,dual,2,catalog;catalog-gw,RCD_seed3,resource,catalog,catalog,1.0,1.0,1.0,0.5,0.0,0.0,0.0,1.0,0.6131471927654584,0.6131471927654584,0.5,0.5,0.5,0.5
mr3_cross_dependency-pod_failure_x_catalog_latency_x_cfg_timeout-k8s-v2-formal-r1-20260818175052,t04,dual,2,catalog;catalog-gw,RCD_seed4,resource,catalog,catalog,1.0,1.0,1.0,0.5,0.0,0.0,0.0,1.0,0.6131471927654584,0.6131471927654584,0.5,0.5,0.5,0.5
mr3_cross_dependency-pod_failure_x_catalog_latency_x_cfg_timeout-k8s-v2-formal-r1-20260818175052,t04,dual,2,catalog;catalog-gw,delta_ratio,resource,catalog,catalog;host;search;pricing;checkout,1.0,1.0,1.0,0.5,0.0,0.0,0.0,1.0,0.6131471927654584,0.6131471927654584,0.5,0.5,0.5,0.5454545454545454
mr3_cross_dependency-pod_failure_x_catalog_latency_x_cfg_timeout-k8s-v2-formal-r1-20260818175052,t04,dual,2,catalog;catalog-gw,delta_z,resource,catalog,catalog;host;checkout;review-query;user,1.0,1.0,1.0,0.5,0.0,0.0,0.0,1.0,0.6131471927654584,0.6131471927654584,0.5,0.5,0.5,0.5416666666666666
mr2_cross_net-net_delay_x_cfg_connect-k8s-v2-formal-r1-20260818175446,d05,single,1,catalog-gw,BARO,full,order,order;cart;pricing;checkout;backend,0.0,0.0,0.0,0.0,0.0,0.0,0.0,0.0,0.0,0.0,0.0,0.0,0.0,0.14285714285714285
mr2_cross_net-net_delay_x_cfg_connect-k8s-v2-formal-r1-20260818175446,d05,single,1,catalog-gw,RCD_seed0,full,review-query,review-query;search,0.0,0.0,0.0,0.0,0.0,0.0,0.0,0.0,0.0,0.0,0.0,0.0,0.0,0.0
mr2_cross_net-net_delay_x_cfg_connect-k8s-v2-formal-r1-20260818175446,d05,single,1,catalog-gw,RCD_seed1,full,sasrec,sasrec;inventory,0.0,0.0,0.0,0.0,0.0,0.0,0.0,0.0,0.0,0.0,0.0,0.0,0.0,0.0
mr2_cross_net-net_delay_x_cfg_connect-k8s-v2-formal-r1-20260818175446,d05,single,1,catalog-gw,RCD_seed2,full,inventory,inventory,0.0,0.0,0.0,0.0,0.0,0.0,0.0,0.0,0.0,0.0,0.0,0.0,0.0,0.0
mr2_cross_net-net_delay_x_cfg_connect-k8s-v2-formal-r1-20260818175446,d05,single,1,catalog-gw,RCD_seed3,full,review-query,review-query;search,0.0,0.0,0.0,0.0,0.0,0.0,0.0,0.0,0.0,0.0,0.0,0.0,0.0,0.0
mr2_cross_net-net_delay_x_cfg_connect-k8s-v2-formal-r1-20260818175446,d05,single,1,catalog-gw,RCD_seed4,full,user,user;order,0.0,0.0,0.0,0.0,0.0,0.0,0.0,0.0,0.0,0.0,0.0,0.0,0.0,0.0
mr2_cross_net-net_delay_x_cfg_connect-k8s-v2-formal-r1-20260818175446,d05,single,1,catalog-gw,delta_ratio,full,pricing,pricing;checkout;order;cart;catalog,0.0,0.0,0.0,0.0,0.0,0.0,0.0,0.0,0.0,0.0,0.0,0.0,0.0,0.07142857142857142
mr2_cross_net-net_delay_x_cfg_connect-k8s-v2-formal-r1-20260818175446,d05,single,1,catalog-gw,delta_z,full,cart,cart;review-query;user;search;inventory,0.0,0.0,0.0,0.0,0.0,0.0,0.0,0.0,0.0,0.0,0.0,0.0,0.0,0.09090909090909091
mr2_cross_net-net_delay_x_cfg_connect-k8s-v2-formal-r1-20260818175446,d05,single,1,catalog-gw,BARO,resource,order,order;cart;checkout;backend;review-query,0.0,0.0,0.0,0.0,0.0,0.0,0.0,0.0,0.0,0.0,0.0,0.0,0.0,0.16666666666666666
mr2_cross_net-net_delay_x_cfg_connect-k8s-v2-formal-r1-20260818175446,d05,single,1,catalog-gw,RCD_seed0,resource,order,order;user,0.0,0.0,0.0,0.0,0.0,0.0,0.0,0.0,0.0,0.0,0.0,0.0,0.0,0.0
mr2_cross_net-net_delay_x_cfg_connect-k8s-v2-formal-r1-20260818175446,d05,single,1,catalog-gw,RCD_seed1,resource,order,order;user;review-query,0.0,0.0,0.0,0.0,0.0,0.0,0.0,0.0,0.0,0.0,0.0,0.0,0.0,0.0
mr2_cross_net-net_delay_x_cfg_connect-k8s-v2-formal-r1-20260818175446,d05,single,1,catalog-gw,RCD_seed2,resource,order,order;user,0.0,0.0,0.0,0.0,0.0,0.0,0.0,0.0,0.0,0.0,0.0,0.0,0.0,0.0
mr2_cross_net-net_delay_x_cfg_connect-k8s-v2-formal-r1-20260818175446,d05,single,1,catalog-gw,RCD_seed3,resource,backend,backend;inventory,0.0,0.0,0.0,0.0,0.0,0.0,0.0,0.0,0.0,0.0,0.0,0.0,0.0,0.0
mr2_cross_net-net_delay_x_cfg_connect-k8s-v2-formal-r1-20260818175446,d05,single,1,catalog-gw,RCD_seed4,resource,backend,backend;inventory;order,0.0,0.0,0.0,0.0,0.0,0.0,0.0,0.0,0.0,0.0,0.0,0.0,0.0,0.0
mr2_cross_net-net_delay_x_cfg_connect-k8s-v2-formal-r1-20260818175446,d05,single,1,catalog-gw,delta_ratio,resource,cart,cart;user;order;pricing;sasrec,0.0,0.0,0.0,0.0,0.0,0.0,0.0,0.0,0.0,0.0,0.0,0.0,0.0,0.1
mr2_cross_net-net_delay_x_cfg_connect-k8s-v2-formal-r1-20260818175446,d05,single,1,catalog-gw,delta_z,resource,cart,cart;review-query;user;search;inventory,0.0,0.0,0.0,0.0,0.0,0.0,0.0,0.0,0.0,0.0,0.0,0.0,0.0,0.09090909090909091
mr2_cross_net-net_delay_x_svc_cpu-k8s-v2-formal-r1-20260818180123,d14,dual,2,catalog-gw;catalog,BARO,full,checkout,checkout;pricing;catalog;host;review-query,0.0,1.0,1.0,0.0,0.0,0.0,0.0,0.0,0.3065735963827292,0.3065735963827292,0.0,0.5,0.5,0.19999999999999998
mr2_cross_net-net_delay_x_svc_cpu-k8s-v2-formal-r1-20260818180123,d14,dual,2,catalog-gw;catalog,RCD_seed0,full,catalog,catalog;checkout,1.0,1.0,1.0,0.5,0.0,0.0,0.0,1.0,0.6131471927654584,0.6131471927654584,0.5,0.5,0.5,0.5
mr2_cross_net-net_delay_x_svc_cpu-k8s-v2-formal-r1-20260818180123,d14,dual,2,catalog-gw;catalog,RCD_seed1,full,checkout,checkout,0.0,0.0,0.0,0.0,0.0,0.0,0.0,0.0,0.0,0.0,0.0,0.0,0.0,0.0
mr2_cross_net-net_delay_x_svc_cpu-k8s-v2-formal-r1-20260818180123,d14,dual,2,catalog-gw;catalog,RCD_seed2,full,catalog,catalog,1.0,1.0,1.0,0.5,0.0,0.0,0.0,1.0,0.6131471927654584,0.6131471927654584,0.5,0.5,0.5,0.5
mr2_cross_net-net_delay_x_svc_cpu-k8s-v2-formal-r1-20260818180123,d14,dual,2,catalog-gw;catalog,RCD_seed3,full,checkout,checkout;pricing,0.0,0.0,0.0,0.0,0.0,0.0,0.0,0.0,0.0,0.0,0.0,0.0,0.0,0.0
mr2_cross_net-net_delay_x_svc_cpu-k8s-v2-formal-r1-20260818180123,d14,dual,2,catalog-gw;catalog,RCD_seed4,full,catalog,catalog;checkout,1.0,1.0,1.0,0.5,0.0,0.0,0.0,1.0,0.6131471927654584,0.6131471927654584,0.5,0.5,0.5,0.5
mr2_cross_net-net_delay_x_svc_cpu-k8s-v2-formal-r1-20260818180123,d14,dual,2,catalog-gw;catalog,delta_ratio,full,catalog,catalog;host;mysql;pricing;checkout,1.0,1.0,1.0,0.5,0.0,0.0,0.0,1.0,0.6131471927654584,0.6131471927654584,0.5,0.5,0.5,0.5384615384615384
mr2_cross_net-net_delay_x_svc_cpu-k8s-v2-formal-r1-20260818180123,d14,dual,2,catalog-gw;catalog,delta_z,full,catalog,catalog;host;mysql;backend;review-query,1.0,1.0,1.0,0.5,0.0,0.0,0.0,1.0,0.6131471927654584,0.6131471927654584,0.5,0.5,0.5,0.5555555555555556
mr2_cross_net-net_delay_x_svc_cpu-k8s-v2-formal-r1-20260818180123,d14,dual,2,catalog-gw;catalog,BARO,resource,catalog,catalog;host;pricing;inventory;order,1.0,1.0,1.0,0.5,0.0,0.0,0.0,1.0,0.6131471927654584,0.6131471927654584,0.5,0.5,0.5,0.5416666666666666
mr2_cross_net-net_delay_x_svc_cpu-k8s-v2-formal-r1-20260818180123,d14,dual,2,catalog-gw;catalog,RCD_seed0,resource,catalog,catalog,1.0,1.0,1.0,0.5,0.0,0.0,0.0,1.0,0.6131471927654584,0.6131471927654584,0.5,0.5,0.5,0.5
mr2_cross_net-net_delay_x_svc_cpu-k8s-v2-formal-r1-20260818180123,d14,dual,2,catalog-gw;catalog,RCD_seed1,resource,catalog,catalog,1.0,1.0,1.0,0.5,0.0,0.0,0.0,1.0,0.6131471927654584,0.6131471927654584,0.5,0.5,0.5,0.5
mr2_cross_net-net_delay_x_svc_cpu-k8s-v2-formal-r1-20260818180123,d14,dual,2,catalog-gw;catalog,RCD_seed2,resource,catalog,catalog,1.0,1.0,1.0,0.5,0.0,0.0,0.0,1.0,0.6131471927654584,0.6131471927654584,0.5,0.5,0.5,0.5
mr2_cross_net-net_delay_x_svc_cpu-k8s-v2-formal-r1-20260818180123,d14,dual,2,catalog-gw;catalog,RCD_seed3,resource,catalog,catalog,1.0,1.0,1.0,0.5,0.0,0.0,0.0,1.0,0.6131471927654584,0.6131471927654584,0.5,0.5,0.5,0.5
mr2_cross_net-net_delay_x_svc_cpu-k8s-v2-formal-r1-20260818180123,d14,dual,2,catalog-gw;catalog,RCD_seed4,resource,catalog,catalog,1.0,1.0,1.0,0.5,0.0,0.0,0.0,1.0,0.6131471927654584,0.6131471927654584,0.5,0.5,0.5,0.5
mr2_cross_net-net_delay_x_svc_cpu-k8s-v2-formal-r1-20260818180123,d14,dual,2,catalog-gw;catalog,delta_ratio,resource,catalog,catalog;host;mysql;checkout;sasrec,1.0,1.0,1.0,0.5,0.0,0.0,0.0,1.0,0.6131471927654584,0.6131471927654584,0.5,0.5,0.5,0.5833333333333334
mr2_cross_net-net_delay_x_svc_cpu-k8s-v2-formal-r1-20260818180123,d14,dual,2,catalog-gw;catalog,delta_z,resource,catalog,catalog;host;mysql;backend;review-query,1.0,1.0,1.0,0.5,0.0,0.0,0.0,1.0,0.6131471927654584,0.6131471927654584,0.5,0.5,0.5,0.5625
mr2_intra_net-net_delay_x_net_loss-k8s-v2-formal-r1-20260818180708,d02,single,1,catalog-gw,BARO,full,checkout,checkout;pricing;inventory;search;catalog-gw,0.0,0.0,1.0,0.0,0.0,0.0,1.0,0.0,0.0,0.38685280723454163,0.0,0.0,1.0,0.2
mr2_intra_net-net_delay_x_net_loss-k8s-v2-formal-r1-20260818180708,d02,single,1,catalog-gw,RCD_seed0,full,review-query,review-query;backend,0.0,0.0,0.0,0.0,0.0,0.0,0.0,0.0,0.0,0.0,0.0,0.0,0.0,0.0
mr2_intra_net-net_delay_x_net_loss-k8s-v2-formal-r1-20260818180708,d02,single,1,catalog-gw,RCD_seed1,full,pricing,pricing;search,0.0,0.0,0.0,0.0,0.0,0.0,0.0,0.0,0.0,0.0,0.0,0.0,0.0,0.0
mr2_intra_net-net_delay_x_net_loss-k8s-v2-formal-r1-20260818180708,d02,single,1,catalog-gw,RCD_seed2,full,pricing,pricing,0.0,0.0,0.0,0.0,0.0,0.0,0.0,0.0,0.0,0.0,0.0,0.0,0.0,0.0
mr2_intra_net-net_delay_x_net_loss-k8s-v2-formal-r1-20260818180708,d02,single,1,catalog-gw,RCD_seed3,full,search,search;pricing,0.0,0.0,0.0,0.0,0.0,0.0,0.0,0.0,0.0,0.0,0.0,0.0,0.0,0.0
mr2_intra_net-net_delay_x_net_loss-k8s-v2-formal-r1-20260818180708,d02,single,1,catalog-gw,RCD_seed4,full,review-query,review-query,0.0,0.0,0.0,0.0,0.0,0.0,0.0,0.0,0.0,0.0,0.0,0.0,0.0,0.0
mr2_intra_net-net_delay_x_net_loss-k8s-v2-formal-r1-20260818180708,d02,single,1,catalog-gw,delta_ratio,full,pricing,pricing;checkout;catalog;catalog-gw;backend,0.0,0.0,1.0,0.0,0.0,0.0,1.0,0.0,0.0,0.43067655807339306,0.0,0.0,1.0,0.25
mr2_intra_net-net_delay_x_net_loss-k8s-v2-formal-r1-20260818180708,d02,single,1,catalog-gw,delta_z,full,inventory,inventory;checkout;host;pricing;search,0.0,0.0,0.0,0.0,0.0,0.0,0.0,0.0,0.0,0.0,0.0,0.0,0.0,0.14285714285714285
mr2_intra_net-net_delay_x_net_loss-k8s-v2-formal-r1-20260818180708,d02,single,1,catalog-gw,BARO,resource,inventory,inventory;pricing;catalog-gw;catalog;search,0.0,1.0,1.0,0.0,0.0,1.0,1.0,0.0,0.5,0.5,0.0,1.0,1.0,0.3333333333333333
mr2_intra_net-net_delay_x_net_loss-k8s-v2-formal-r1-20260818180708,d02,single,1,catalog-gw,RCD_seed0,resource,review-query,review-query;search,0.0,0.0,0.0,0.0,0.0,0.0,0.0,0.0,0.0,0.0,0.0,0.0,0.0,0.0
mr2_intra_net-net_delay_x_net_loss-k8s-v2-formal-r1-20260818180708,d02,single,1,catalog-gw,RCD_seed1,resource,search,search;review-query;backend,0.0,0.0,0.0,0.0,0.0,0.0,0.0,0.0,0.0,0.0,0.0,0.0,0.0,0.0
mr2_intra_net-net_delay_x_net_loss-k8s-v2-formal-r1-20260818180708,d02,single,1,catalog-gw,RCD_seed2,resource,backend,backend;review-query,0.0,0.0,0.0,0.0,0.0,0.0,0.0,0.0,0.0,0.0,0.0,0.0,0.0,0.0
mr2_intra_net-net_delay_x_net_loss-k8s-v2-formal-r1-20260818180708,d02,single,1,catalog-gw,RCD_seed3,resource,backend,backend,0.0,0.0,0.0,0.0,0.0,0.0,0.0,0.0,0.0,0.0,0.0,0.0,0.0,0.0
mr2_intra_net-net_delay_x_net_loss-k8s-v2-formal-r1-20260818180708,d02,single,1,catalog-gw,RCD_seed4,resource,backend,backend;review-query,0.0,0.0,0.0,0.0,0.0,0.0,0.0,0.0,0.0,0.0,0.0,0.0,0.0,0.0
mr2_intra_net-net_delay_x_net_loss-k8s-v2-formal-r1-20260818180708,d02,single,1,catalog-gw,delta_ratio,resource,catalog-gw,catalog-gw;catalog;order;cart;host,1.0,1.0,1.0,1.0,1.0,1.0,1.0,1.0,1.0,1.0,1.0,1.0,1.0,1.0
mr2_intra_net-net_delay_x_net_loss-k8s-v2-formal-r1-20260818180708,d02,single,1,catalog-gw,delta_z,resource,inventory,inventory;host;pricing;cart;review-query,0.0,0.0,0.0,0.0,0.0,0.0,0.0,0.0,0.0,0.0,0.0,0.0,0.0,0.09090909090909091
mr1_single_runtime-runtime_exception_single-k8s-v2-formal-r1-20260818181113,s07,single,1,catalog,BARO,full,catalog,catalog;rec-agent;sasrec;review-query;user,1.0,1.0,1.0,1.0,1.0,1.0,1.0,1.0,1.0,1.0,1.0,1.0,1.0,1.0
mr1_single_runtime-runtime_exception_single-k8s-v2-formal-r1-20260818181113,s07,single,1,catalog,RCD_seed0,full,pricing,pricing;catalog,0.0,1.0,1.0,0.0,0.0,1.0,1.0,0.0,0.6309297535714575,0.6309297535714575,0.0,1.0,1.0,0.5
mr1_single_runtime-runtime_exception_single-k8s-v2-formal-r1-20260818181113,s07,single,1,catalog,RCD_seed1,full,pricing,pricing;catalog,0.0,1.0,1.0,0.0,0.0,1.0,1.0,0.0,0.6309297535714575,0.6309297535714575,0.0,1.0,1.0,0.5
mr1_single_runtime-runtime_exception_single-k8s-v2-formal-r1-20260818181113,s07,single,1,catalog,RCD_seed2,full,catalog,catalog,1.0,1.0,1.0,1.0,1.0,1.0,1.0,1.0,1.0,1.0,1.0,1.0,1.0,1.0
mr1_single_runtime-runtime_exception_single-k8s-v2-formal-r1-20260818181113,s07,single,1,catalog,RCD_seed3,full,catalog,catalog,1.0,1.0,1.0,1.0,1.0,1.0,1.0,1.0,1.0,1.0,1.0,1.0,1.0,1.0
mr1_single_runtime-runtime_exception_single-k8s-v2-formal-r1-20260818181113,s07,single,1,catalog,RCD_seed4,full,catalog,catalog;catalog-gw,1.0,1.0,1.0,1.0,1.0,1.0,1.0,1.0,1.0,1.0,1.0,1.0,1.0,1.0
mr1_single_runtime-runtime_exception_single-k8s-v2-formal-r1-20260818181113,s07,single,1,catalog,delta_ratio,full,catalog,catalog;pricing;catalog-gw;host;review-query,1.0,1.0,1.0,1.0,1.0,1.0,1.0,1.0,1.0,1.0,1.0,1.0,1.0,1.0
mr1_single_runtime-runtime_exception_single-k8s-v2-formal-r1-20260818181113,s07,single,1,catalog,delta_z,full,catalog,catalog;pricing;catalog-gw;host;review-query,1.0,1.0,1.0,1.0,1.0,1.0,1.0,1.0,1.0,1.0,1.0,1.0,1.0,1.0
mr1_single_runtime-runtime_exception_single-k8s-v2-formal-r1-20260818181113,s07,single,1,catalog,BARO,resource,catalog,catalog;pricing;catalog-gw;mysql;host,1.0,1.0,1.0,1.0,1.0,1.0,1.0,1.0,1.0,1.0,1.0,1.0,1.0,1.0
mr1_single_runtime-runtime_exception_single-k8s-v2-formal-r1-20260818181113,s07,single,1,catalog,RCD_seed0,resource,catalog,catalog,1.0,1.0,1.0,1.0,1.0,1.0,1.0,1.0,1.0,1.0,1.0,1.0,1.0,1.0
mr1_single_runtime-runtime_exception_single-k8s-v2-formal-r1-20260818181113,s07,single,1,catalog,RCD_seed1,resource,catalog-gw,catalog-gw;catalog,0.0,1.0,1.0,0.0,0.0,1.0,1.0,0.0,0.6309297535714575,0.6309297535714575,0.0,1.0,1.0,0.5
mr1_single_runtime-runtime_exception_single-k8s-v2-formal-r1-20260818181113,s07,single,1,catalog,RCD_seed2,resource,catalog,catalog,1.0,1.0,1.0,1.0,1.0,1.0,1.0,1.0,1.0,1.0,1.0,1.0,1.0,1.0
mr1_single_runtime-runtime_exception_single-k8s-v2-formal-r1-20260818181113,s07,single,1,catalog,RCD_seed3,resource,catalog,catalog,1.0,1.0,1.0,1.0,1.0,1.0,1.0,1.0,1.0,1.0,1.0,1.0,1.0,1.0
mr1_single_runtime-runtime_exception_single-k8s-v2-formal-r1-20260818181113,s07,single,1,catalog,RCD_seed4,resource,catalog,catalog,1.0,1.0,1.0,1.0,1.0,1.0,1.0,1.0,1.0,1.0,1.0,1.0,1.0,1.0
mr1_single_runtime-runtime_exception_single-k8s-v2-formal-r1-20260818181113,s07,single,1,catalog,delta_ratio,resource,catalog-gw,catalog-gw;catalog;host;pricing;mysql,0.0,1.0,1.0,0.0,0.0,1.0,1.0,0.0,0.6309297535714575,0.6309297535714575,0.0,1.0,1.0,0.5
mr1_single_runtime-runtime_exception_single-k8s-v2-formal-r1-20260818181113,s07,single,1,catalog,delta_z,resource,catalog,catalog;catalog-gw;host;pricing;mysql,1.0,1.0,1.0,1.0,1.0,1.0,1.0,1.0,1.0,1.0,1.0,1.0,1.0,1.0
mr3_cross_lif-checkout_podfail_x_cart_cpu_x_pricing_cpu-k8s-v2-formal-r1-20260818182612,t05,triple,3,checkout;cart;pricing,BARO,full,search,search;sasrec;cart;user;checkout,0.0,1.0,1.0,0.3333333333333333,0.0,0.0,0.0,0.0,0.23463936301137822,0.41618115554873086,0.0,0.3333333333333333,0.6666666666666666,0.2080808080808081
mr3_cross_lif-checkout_podfail_x_cart_cpu_x_pricing_cpu-k8s-v2-formal-r1-20260818182612,t05,triple,3,checkout;cart;pricing,RCD_seed0,full,pricing,pricing;search;cart;review-query;checkout,1.0,1.0,1.0,0.6666666666666666,0.0,0.0,1.0,1.0,0.7039180890341347,0.8854598815714874,0.3333333333333333,0.6666666666666666,1.0,0.5111111111111111
mr3_cross_lif-checkout_podfail_x_cart_cpu_x_pricing_cpu-k8s-v2-formal-r1-20260818182612,t05,triple,3,checkout;cart;pricing,RCD_seed1,full,cart,cart;catalog;pricing;user;review-query,1.0,1.0,1.0,0.6666666666666666,0.0,0.0,0.0,1.0,0.7039180890341347,0.7039180890341347,0.3333333333333333,0.6666666666666666,0.6666666666666666,0.4444444444444444
mr3_cross_lif-checkout_podfail_x_cart_cpu_x_pricing_cpu-k8s-v2-formal-r1-20260818182612,t05,triple,3,checkout;cart;pricing,RCD_seed2,full,cart,cart;catalog;user;search;backend,1.0,1.0,1.0,0.3333333333333333,0.0,0.0,0.0,1.0,0.46927872602275644,0.46927872602275644,0.3333333333333333,0.3333333333333333,0.3333333333333333,0.3333333333333333
mr3_cross_lif-checkout_podfail_x_cart_cpu_x_pricing_cpu-k8s-v2-formal-r1-20260818182612,t05,triple,3,checkout;cart;pricing,RCD_seed3,full,cart,cart;checkout;search;pricing;catalog,1.0,1.0,1.0,0.6666666666666666,0.0,0.0,1.0,1.0,0.7653606369886217,0.9674679834891693,0.3333333333333333,0.6666666666666666,1.0,0.5833333333333334
mr3_cross_lif-checkout_podfail_x_cart_cpu_x_pricing_cpu-k8s-v2-formal-r1-20260818182612,t05,triple,3,checkout;cart;pricing,RCD_seed4,full,cart,cart;user;inventory;backend;checkout,1.0,1.0,1.0,0.3333333333333333,0.0,0.0,0.0,1.0,0.46927872602275644,0.6508205185601091,0.3333333333333333,0.3333333333333333,0.6666666666666666,0.39999999999999997
mr3_cross_lif-checkout_podfail_x_cart_cpu_x_pricing_cpu-k8s-v2-formal-r1-20260818182612,t05,triple,3,checkout;cart;pricing,delta_ratio,full,pricing,pricing;cart;host;mysql;checkout,1.0,1.0,1.0,0.6666666666666666,0.0,0.0,1.0,1.0,0.7653606369886217,0.9469024295259745,0.3333333333333333,0.6666666666666666,1.0,0.5666666666666667
mr3_cross_lif-checkout_podfail_x_cart_cpu_x_pricing_cpu-k8s-v2-formal-r1-20260818182612,t05,triple,3,checkout;cart;pricing,delta_z,full,checkout,checkout;pricing;cart;host;mysql,1.0,1.0,1.0,1.0,0.0,1.0,1.0,1.0,1.0,1.0,0.3333333333333333,1.0,1.0,0.611111111111111
mr3_cross_lif-checkout_podfail_x_cart_cpu_x_pricing_cpu-k8s-v2-formal-r1-20260818182612,t05,triple,3,checkout;cart;pricing,BARO,resource,checkout,checkout;cart;host;pricing;catalog-gw,1.0,1.0,1.0,0.6666666666666666,0.0,0.0,1.0,1.0,0.7653606369886217,0.9674679834891693,0.3333333333333333,0.6666666666666666,1.0,0.5833333333333334
mr3_cross_lif-checkout_podfail_x_cart_cpu_x_pricing_cpu-k8s-v2-formal-r1-20260818182612,t05,triple,3,checkout;cart;pricing,RCD_seed0,resource,cart,cart;catalog;search;inventory,1.0,1.0,1.0,0.3333333333333333,0.0,0.0,0.0,1.0,0.46927872602275644,0.46927872602275644,0.3333333333333333,0.3333333333333333,0.3333333333333333,0.3333333333333333
mr3_cross_lif-checkout_podfail_x_cart_cpu_x_pricing_cpu-k8s-v2-formal-r1-20260818182612,t05,triple,3,checkout;cart;pricing,RCD_seed1,resource,cart,cart;catalog-gw;search;inventory,1.0,1.0,1.0,0.3333333333333333,0.0,0.0,0.0,1.0,0.46927872602275644,0.46927872602275644,0.3333333333333333,0.3333333333333333,0.3333333333333333,0.3333333333333333
mr3_cross_lif-checkout_podfail_x_cart_cpu_x_pricing_cpu-k8s-v2-formal-r1-20260818182612,t05,triple,3,checkout;cart;pricing,RCD_seed2,resource,cart,cart;search,1.0,1.0,1.0,0.3333333333333333,0.0,0.0,0.0,1.0,0.46927872602275644,0.46927872602275644,0.3333333333333333,0.3333333333333333,0.3333333333333333,0.3333333333333333
mr3_cross_lif-checkout_podfail_x_cart_cpu_x_pricing_cpu-k8s-v2-formal-r1-20260818182612,t05,triple,3,checkout;cart;pricing,RCD_seed3,resource,cart,cart;catalog-gw;search;review-query;inventory,1.0,1.0,1.0,0.3333333333333333,0.0,0.0,0.0,1.0,0.46927872602275644,0.46927872602275644,0.3333333333333333,0.3333333333333333,0.3333333333333333,0.3888888888888889
mr3_cross_lif-checkout_podfail_x_cart_cpu_x_pricing_cpu-k8s-v2-formal-r1-20260818182612,t05,triple,3,checkout;cart;pricing,RCD_seed4,resource,cart,cart;catalog;pricing;review-query,1.0,1.0,1.0,0.6666666666666666,0.0,0.0,0.0,1.0,0.7039180890341347,0.7039180890341347,0.3333333333333333,0.6666666666666666,0.6666666666666666,0.4444444444444444
mr3_cross_lif-checkout_podfail_x_cart_cpu_x_pricing_cpu-k8s-v2-formal-r1-20260818182612,t05,triple,3,checkout;cart;pricing,delta_ratio,resource,pricing,pricing;cart;host;mysql;checkout,1.0,1.0,1.0,0.6666666666666666,0.0,0.0,1.0,1.0,0.7653606369886217,0.9469024295259745,0.3333333333333333,0.6666666666666666,1.0,0.5666666666666667
mr3_cross_lif-checkout_podfail_x_cart_cpu_x_pricing_cpu-k8s-v2-formal-r1-20260818182612,t05,triple,3,checkout;cart;pricing,delta_z,resource,checkout,checkout;pricing;cart;host;mysql,1.0,1.0,1.0,1.0,0.0,1.0,1.0,1.0,1.0,1.0,0.3333333333333333,1.0,1.0,0.611111111111111
mr1_single_res-service_cpu_single-k8s-v2-formal-r1-20260818182954,s09,single,1,order,BARO,full,order,order;checkout;catalog;pricing;review-query,1.0,1.0,1.0,1.0,1.0,1.0,1.0,1.0,1.0,1.0,1.0,1.0,1.0,1.0
mr1_single_res-service_cpu_single-k8s-v2-formal-r1-20260818182954,s09,single,1,order,RCD_seed0,full,catalog,catalog,0.0,0.0,0.0,0.0,0.0,0.0,0.0,0.0,0.0,0.0,0.0,0.0,0.0,0.0
mr1_single_res-service_cpu_single-k8s-v2-formal-r1-20260818182954,s09,single,1,order,RCD_seed1,full,review-query,review-query;backend,0.0,0.0,0.0,0.0,0.0,0.0,0.0,0.0,0.0,0.0,0.0,0.0,0.0,0.0
mr1_single_res-service_cpu_single-k8s-v2-formal-r1-20260818182954,s09,single,1,order,RCD_seed2,full,catalog,catalog,0.0,0.0,0.0,0.0,0.0,0.0,0.0,0.0,0.0,0.0,0.0,0.0,0.0,0.0
mr1_single_res-service_cpu_single-k8s-v2-formal-r1-20260818182954,s09,single,1,order,RCD_seed3,full,checkout,checkout;backend,0.0,0.0,0.0,0.0,0.0,0.0,0.0,0.0,0.0,0.0,0.0,0.0,0.0,0.0
mr1_single_res-service_cpu_single-k8s-v2-formal-r1-20260818182954,s09,single,1,order,RCD_seed4,full,user,user,0.0,0.0,0.0,0.0,0.0,0.0,0.0,0.0,0.0,0.0,0.0,0.0,0.0,0.0
mr1_single_res-service_cpu_single-k8s-v2-formal-r1-20260818182954,s09,single,1,order,delta_ratio,full,order,order;sasrec;host;search;review-query,1.0,1.0,1.0,1.0,1.0,1.0,1.0,1.0,1.0,1.0,1.0,1.0,1.0,1.0
mr1_single_res-service_cpu_single-k8s-v2-formal-r1-20260818182954,s09,single,1,order,delta_z,full,order,order;sasrec;mysql;host;cart,1.0,1.0,1.0,1.0,1.0,1.0,1.0,1.0,1.0,1.0,1.0,1.0,1.0,1.0
mr1_single_res-service_cpu_single-k8s-v2-formal-r1-20260818182954,s09,single,1,order,BARO,resource,order,order;catalog;checkout;host;cart,1.0,1.0,1.0,1.0,1.0,1.0,1.0,1.0,1.0,1.0,1.0,1.0,1.0,1.0
mr1_single_res-service_cpu_single-k8s-v2-formal-r1-20260818182954,s09,single,1,order,RCD_seed0,resource,inventory,inventory;pricing,0.0,0.0,0.0,0.0,0.0,0.0,0.0,0.0,0.0,0.0,0.0,0.0,0.0,0.0
mr1_single_res-service_cpu_single-k8s-v2-formal-r1-20260818182954,s09,single,1,order,RCD_seed1,resource,pricing,pricing;review-query,0.0,0.0,0.0,0.0,0.0,0.0,0.0,0.0,0.0,0.0,0.0,0.0,0.0,0.0
mr1_single_res-service_cpu_single-k8s-v2-formal-r1-20260818182954,s09,single,1,order,RCD_seed2,resource,pricing,pricing;checkout,0.0,0.0,0.0,0.0,0.0,0.0,0.0,0.0,0.0,0.0,0.0,0.0,0.0,0.0
mr1_single_res-service_cpu_single-k8s-v2-formal-r1-20260818182954,s09,single,1,order,RCD_seed3,resource,pricing,pricing;checkout,0.0,0.0,0.0,0.0,0.0,0.0,0.0,0.0,0.0,0.0,0.0,0.0,0.0,0.0
mr1_single_res-service_cpu_single-k8s-v2-formal-r1-20260818182954,s09,single,1,order,RCD_seed4,resource,user,user;catalog,0.0,0.0,0.0,0.0,0.0,0.0,0.0,0.0,0.0,0.0,0.0,0.0,0.0,0.0
mr1_single_res-service_cpu_single-k8s-v2-formal-r1-20260818182954,s09,single,1,order,delta_ratio,resource,order,order;host;cart;catalog-gw;catalog,1.0,1.0,1.0,1.0,1.0,1.0,1.0,1.0,1.0,1.0,1.0,1.0,1.0,1.0
mr1_single_res-service_cpu_single-k8s-v2-formal-r1-20260818182954,s09,single,1,order,delta_z,resource,order,order;mysql;sasrec;host;cart,1.0,1.0,1.0,1.0,1.0,1.0,1.0,1.0,1.0,1.0,1.0,1.0,1.0,1.0
mr1_single_lif-pod_failure_single-k8s-v2-formal-r1-20260818183411,s18,single,1,checkout,BARO,full,sasrec,sasrec;checkout;review-query;inventory;backend,0.0,1.0,1.0,0.0,0.0,1.0,1.0,0.0,0.6309297535714575,0.6309297535714575,0.0,1.0,1.0,0.5
mr1_single_lif-pod_failure_single-k8s-v2-formal-r1-20260818183411,s18,single,1,checkout,RCD_seed0,full,user,user;backend,0.0,0.0,0.0,0.0,0.0,0.0,0.0,0.0,0.0,0.0,0.0,0.0,0.0,0.0
mr1_single_lif-pod_failure_single-k8s-v2-formal-r1-20260818183411,s18,single,1,checkout,RCD_seed1,full,backend,backend,0.0,0.0,0.0,0.0,0.0,0.0,0.0,0.0,0.0,0.0,0.0,0.0,0.0,0.0
mr1_single_lif-pod_failure_single-k8s-v2-formal-r1-20260818183411,s18,single,1,checkout,RCD_seed2,full,catalog-gw,catalog-gw;cart,0.0,0.0,0.0,0.0,0.0,0.0,0.0,0.0,0.0,0.0,0.0,0.0,0.0,0.0
mr1_single_lif-pod_failure_single-k8s-v2-formal-r1-20260818183411,s18,single,1,checkout,RCD_seed3,full,sasrec,sasrec;inventory,0.0,0.0,0.0,0.0,0.0,0.0,0.0,0.0,0.0,0.0,0.0,0.0,0.0,0.0
mr1_single_lif-pod_failure_single-k8s-v2-formal-r1-20260818183411,s18,single,1,checkout,RCD_seed4,full,checkout,checkout,1.0,1.0,1.0,1.0,1.0,1.0,1.0,1.0,1.0,1.0,1.0,1.0,1.0,1.0
mr1_single_lif-pod_failure_single-k8s-v2-formal-r1-20260818183411,s18,single,1,checkout,delta_ratio,full,checkout,checkout;search;review-query;cart;inventory,1.0,1.0,1.0,1.0,1.0,1.0,1.0,1.0,1.0,1.0,1.0,1.0,1.0,1.0
mr1_single_lif-pod_failure_single-k8s-v2-formal-r1-20260818183411,s18,single,1,checkout,delta_z,full,checkout,checkout;sasrec;backend;review-query;user,1.0,1.0,1.0,1.0,1.0,1.0,1.0,1.0,1.0,1.0,1.0,1.0,1.0,1.0
mr1_single_lif-pod_failure_single-k8s-v2-formal-r1-20260818183411,s18,single,1,checkout,BARO,resource,checkout,checkout;sasrec;review-query;inventory;backend,1.0,1.0,1.0,1.0,1.0,1.0,1.0,1.0,1.0,1.0,1.0,1.0,1.0,1.0
mr1_single_lif-pod_failure_single-k8s-v2-formal-r1-20260818183411,s18,single,1,checkout,RCD_seed0,resource,cart,cart;inventory,0.0,0.0,0.0,0.0,0.0,0.0,0.0,0.0,0.0,0.0,0.0,0.0,0.0,0.0
mr1_single_lif-pod_failure_single-k8s-v2-formal-r1-20260818183411,s18,single,1,checkout,RCD_seed1,resource,backend,backend;pricing,0.0,0.0,0.0,0.0,0.0,0.0,0.0,0.0,0.0,0.0,0.0,0.0,0.0,0.0
mr1_single_lif-pod_failure_single-k8s-v2-formal-r1-20260818183411,s18,single,1,checkout,RCD_seed2,resource,user,user;backend,0.0,0.0,0.0,0.0,0.0,0.0,0.0,0.0,0.0,0.0,0.0,0.0,0.0,0.0
mr1_single_lif-pod_failure_single-k8s-v2-formal-r1-20260818183411,s18,single,1,checkout,RCD_seed3,resource,checkout,checkout;cart,1.0,1.0,1.0,1.0,1.0,1.0,1.0,1.0,1.0,1.0,1.0,1.0,1.0,1.0
mr1_single_lif-pod_failure_single-k8s-v2-formal-r1-20260818183411,s18,single,1,checkout,RCD_seed4,resource,pricing,pricing;cart,0.0,0.0,0.0,0.0,0.0,0.0,0.0,0.0,0.0,0.0,0.0,0.0,0.0,0.0
mr1_single_lif-pod_failure_single-k8s-v2-formal-r1-20260818183411,s18,single,1,checkout,delta_ratio,resource,pricing,pricing;cart;checkout;catalog;catalog-gw,0.0,1.0,1.0,0.0,0.0,1.0,1.0,0.0,0.5,0.5,0.0,1.0,1.0,0.3333333333333333
mr1_single_lif-pod_failure_single-k8s-v2-formal-r1-20260818183411,s18,single,1,checkout,delta_z,resource,checkout,checkout;backend;review-query;user;sasrec,1.0,1.0,1.0,1.0,1.0,1.0,1.0,1.0,1.0,1.0,1.0,1.0,1.0,1.0
mr1_single_lif-pod_failure_single-k8s-v2-formal-r1-20260818183824,s16,single,1,review-query,BARO,full,search,search;review-query;inventory;pricing;cart,0.0,1.0,1.0,0.0,0.0,1.0,1.0,0.0,0.6309297535714575,0.6309297535714575,0.0,1.0,1.0,0.5
mr1_single_lif-pod_failure_single-k8s-v2-formal-r1-20260818183824,s16,single,1,review-query,RCD_seed0,full,backend,backend;catalog,0.0,0.0,0.0,0.0,0.0,0.0,0.0,0.0,0.0,0.0,0.0,0.0,0.0,0.0
mr1_single_lif-pod_failure_single-k8s-v2-formal-r1-20260818183824,s16,single,1,review-query,RCD_seed1,full,catalog,catalog;checkout,0.0,0.0,0.0,0.0,0.0,0.0,0.0,0.0,0.0,0.0,0.0,0.0,0.0,0.0
mr1_single_lif-pod_failure_single-k8s-v2-formal-r1-20260818183824,s16,single,1,review-query,RCD_seed2,full,checkout,checkout;catalog-gw,0.0,0.0,0.0,0.0,0.0,0.0,0.0,0.0,0.0,0.0,0.0,0.0,0.0,0.0
mr1_single_lif-pod_failure_single-k8s-v2-formal-r1-20260818183824,s16,single,1,review-query,RCD_seed3,full,sasrec,sasrec;checkout,0.0,0.0,0.0,0.0,0.0,0.0,0.0,0.0,0.0,0.0,0.0,0.0,0.0,0.0
mr1_single_lif-pod_failure_single-k8s-v2-formal-r1-20260818183824,s16,single,1,review-query,RCD_seed4,full,pricing,pricing;user,0.0,0.0,0.0,0.0,0.0,0.0,0.0,0.0,0.0,0.0,0.0,0.0,0.0,0.0
mr1_single_lif-pod_failure_single-k8s-v2-formal-r1-20260818183824,s16,single,1,review-query,delta_ratio,full,review-query,review-query;search;catalog;catalog-gw;cart,1.0,1.0,1.0,1.0,1.0,1.0,1.0,1.0,1.0,1.0,1.0,1.0,1.0,1.0
mr1_single_lif-pod_failure_single-k8s-v2-formal-r1-20260818183824,s16,single,1,review-query,delta_z,full,review-query,review-query;catalog-gw;checkout;backend;order,1.0,1.0,1.0,1.0,1.0,1.0,1.0,1.0,1.0,1.0,1.0,1.0,1.0,1.0
mr1_single_lif-pod_failure_single-k8s-v2-formal-r1-20260818183824,s16,single,1,review-query,BARO,resource,search,search;review-query;inventory;pricing;cart,0.0,1.0,1.0,0.0,0.0,1.0,1.0,0.0,0.6309297535714575,0.6309297535714575,0.0,1.0,1.0,0.5
mr1_single_lif-pod_failure_single-k8s-v2-formal-r1-20260818183824,s16,single,1,review-query,RCD_seed0,resource,checkout,checkout,0.0,0.0,0.0,0.0,0.0,0.0,0.0,0.0,0.0,0.0,0.0,0.0,0.0,0.0
mr1_single_lif-pod_failure_single-k8s-v2-formal-r1-20260818183824,s16,single,1,review-query,RCD_seed1,resource,catalog,catalog;sasrec,0.0,0.0,0.0,0.0,0.0,0.0,0.0,0.0,0.0,0.0,0.0,0.0,0.0,0.0
mr1_single_lif-pod_failure_single-k8s-v2-formal-r1-20260818183824,s16,single,1,review-query,RCD_seed2,resource,order,order,0.0,0.0,0.0,0.0,0.0,0.0,0.0,0.0,0.0,0.0,0.0,0.0,0.0,0.0
mr1_single_lif-pod_failure_single-k8s-v2-formal-r1-20260818183824,s16,single,1,review-query,RCD_seed3,resource,user,user;cart,0.0,0.0,0.0,0.0,0.0,0.0,0.0,0.0,0.0,0.0,0.0,0.0,0.0,0.0
mr1_single_lif-pod_failure_single-k8s-v2-formal-r1-20260818183824,s16,single,1,review-query,RCD_seed4,resource,review-query,review-query;pricing,1.0,1.0,1.0,1.0,1.0,1.0,1.0,1.0,1.0,1.0,1.0,1.0,1.0,1.0
mr1_single_lif-pod_failure_single-k8s-v2-formal-r1-20260818183824,s16,single,1,review-query,delta_ratio,resource,review-query,review-query;catalog-gw;search;catalog;host,1.0,1.0,1.0,1.0,1.0,1.0,1.0,1.0,1.0,1.0,1.0,1.0,1.0,1.0
mr1_single_lif-pod_failure_single-k8s-v2-formal-r1-20260818183824,s16,single,1,review-query,delta_z,resource,review-query,review-query;catalog-gw;checkout;backend;order,1.0,1.0,1.0,1.0,1.0,1.0,1.0,1.0,1.0,1.0,1.0,1.0,1.0,1.0
mr1_single_dependency-catalog_latency_single-k8s-v2-formal-r1-20260818185157,s08,single,1,catalog,BARO,full,catalog,catalog;pricing;review-query;checkout;sasrec,1.0,1.0,1.0,1.0,1.0,1.0,1.0,1.0,1.0,1.0,1.0,1.0,1.0,1.0
mr1_single_dependency-catalog_latency_single-k8s-v2-formal-r1-20260818185157,s08,single,1,catalog,RCD_seed0,full,catalog-gw,catalog-gw;catalog,0.0,1.0,1.0,0.0,0.0,1.0,1.0,0.0,0.6309297535714575,0.6309297535714575,0.0,1.0,1.0,0.5
mr1_single_dependency-catalog_latency_single-k8s-v2-formal-r1-20260818185157,s08,single,1,catalog,RCD_seed1,full,catalog,catalog;catalog-gw,1.0,1.0,1.0,1.0,1.0,1.0,1.0,1.0,1.0,1.0,1.0,1.0,1.0,1.0
mr1_single_dependency-catalog_latency_single-k8s-v2-formal-r1-20260818185157,s08,single,1,catalog,RCD_seed2,full,pricing,pricing;search,0.0,0.0,0.0,0.0,0.0,0.0,0.0,0.0,0.0,0.0,0.0,0.0,0.0,0.0
mr1_single_dependency-catalog_latency_single-k8s-v2-formal-r1-20260818185157,s08,single,1,catalog,RCD_seed3,full,catalog-gw,catalog-gw;catalog,0.0,1.0,1.0,0.0,0.0,1.0,1.0,0.0,0.6309297535714575,0.6309297535714575,0.0,1.0,1.0,0.5
mr1_single_dependency-catalog_latency_single-k8s-v2-formal-r1-20260818185157,s08,single,1,catalog,RCD_seed4,full,pricing,pricing,0.0,0.0,0.0,0.0,0.0,0.0,0.0,0.0,0.0,0.0,0.0,0.0,0.0,0.0
mr1_single_dependency-catalog_latency_single-k8s-v2-formal-r1-20260818185157,s08,single,1,catalog,delta_ratio,full,search,search;catalog;review-query;pricing;checkout,0.0,1.0,1.0,0.0,0.0,1.0,1.0,0.0,0.6309297535714575,0.6309297535714575,0.0,1.0,1.0,0.5
mr1_single_dependency-catalog_latency_single-k8s-v2-formal-r1-20260818185157,s08,single,1,catalog,delta_z,full,catalog,catalog;search;host;review-query;pricing,1.0,1.0,1.0,1.0,1.0,1.0,1.0,1.0,1.0,1.0,1.0,1.0,1.0,1.0
mr1_single_dependency-catalog_latency_single-k8s-v2-formal-r1-20260818185157,s08,single,1,catalog,BARO,resource,catalog,catalog;pricing;catalog-gw;mysql;host,1.0,1.0,1.0,1.0,1.0,1.0,1.0,1.0,1.0,1.0,1.0,1.0,1.0,1.0
mr1_single_dependency-catalog_latency_single-k8s-v2-formal-r1-20260818185157,s08,single,1,catalog,RCD_seed0,resource,pricing,pricing,0.0,0.0,0.0,0.0,0.0,0.0,0.0,0.0,0.0,0.0,0.0,0.0,0.0,0.0
mr1_single_dependency-catalog_latency_single-k8s-v2-formal-r1-20260818185157,s08,single,1,catalog,RCD_seed1,resource,catalog-gw,catalog-gw;pricing;catalog,0.0,1.0,1.0,0.0,0.0,1.0,1.0,0.0,0.5,0.5,0.0,1.0,1.0,0.3333333333333333
mr1_single_dependency-catalog_latency_single-k8s-v2-formal-r1-20260818185157,s08,single,1,catalog,RCD_seed2,resource,catalog,catalog,1.0,1.0,1.0,1.0,1.0,1.0,1.0,1.0,1.0,1.0,1.0,1.0,1.0,1.0
mr1_single_dependency-catalog_latency_single-k8s-v2-formal-r1-20260818185157,s08,single,1,catalog,RCD_seed3,resource,pricing,pricing;catalog,0.0,1.0,1.0,0.0,0.0,1.0,1.0,0.0,0.6309297535714575,0.6309297535714575,0.0,1.0,1.0,0.5
mr1_single_dependency-catalog_latency_single-k8s-v2-formal-r1-20260818185157,s08,single,1,catalog,RCD_seed4,resource,catalog,catalog;pricing;catalog-gw,1.0,1.0,1.0,1.0,1.0,1.0,1.0,1.0,1.0,1.0,1.0,1.0,1.0,1.0
mr1_single_dependency-catalog_latency_single-k8s-v2-formal-r1-20260818185157,s08,single,1,catalog,delta_ratio,resource,pricing,pricing;catalog-gw;catalog;host;mysql,0.0,1.0,1.0,0.0,0.0,1.0,1.0,0.0,0.5,0.5,0.0,1.0,1.0,0.3333333333333333
mr1_single_dependency-catalog_latency_single-k8s-v2-formal-r1-20260818185157,s08,single,1,catalog,delta_z,resource,catalog,catalog;host;pricing;catalog-gw;mysql,1.0,1.0,1.0,1.0,1.0,1.0,1.0,1.0,1.0,1.0,1.0,1.0,1.0,1.0
mr1_single_res-service_cpu_single-k8s-v2-formal-r1-20260818185537,s10,single,1,cart,BARO,full,cart,cart;catalog;checkout;sasrec;inventory,1.0,1.0,1.0,1.0,1.0,1.0,1.0,1.0,1.0,1.0,1.0,1.0,1.0,1.0
mr1_single_res-service_cpu_single-k8s-v2-formal-r1-20260818185537,s10,single,1,cart,RCD_seed0,full,inventory,inventory;checkout,0.0,0.0,0.0,0.0,0.0,0.0,0.0,0.0,0.0,0.0,0.0,0.0,0.0,0.0
mr1_single_res-service_cpu_single-k8s-v2-formal-r1-20260818185537,s10,single,1,cart,RCD_seed1,full,catalog-gw,catalog-gw;order,0.0,0.0,0.0,0.0,0.0,0.0,0.0,0.0,0.0,0.0,0.0,0.0,0.0,0.0
mr1_single_res-service_cpu_single-k8s-v2-formal-r1-20260818185537,s10,single,1,cart,RCD_seed2,full,checkout,checkout;user,0.0,0.0,0.0,0.0,0.0,0.0,0.0,0.0,0.0,0.0,0.0,0.0,0.0,0.0
mr1_single_res-service_cpu_single-k8s-v2-formal-r1-20260818185537,s10,single,1,cart,RCD_seed3,full,backend,backend,0.0,0.0,0.0,0.0,0.0,0.0,0.0,0.0,0.0,0.0,0.0,0.0,0.0,0.0
mr1_single_res-service_cpu_single-k8s-v2-formal-r1-20260818185537,s10,single,1,cart,RCD_seed4,full,review-query,review-query;sasrec,0.0,0.0,0.0,0.0,0.0,0.0,0.0,0.0,0.0,0.0,0.0,0.0,0.0,0.0
mr1_single_res-service_cpu_single-k8s-v2-formal-r1-20260818185537,s10,single,1,cart,delta_ratio,full,cart,cart;host;sasrec;checkout;user,1.0,1.0,1.0,1.0,1.0,1.0,1.0,1.0,1.0,1.0,1.0,1.0,1.0,1.0
mr1_single_res-service_cpu_single-k8s-v2-formal-r1-20260818185537,s10,single,1,cart,delta_z,full,cart,cart;catalog-gw;search;backend;host,1.0,1.0,1.0,1.0,1.0,1.0,1.0,1.0,1.0,1.0,1.0,1.0,1.0,1.0
mr1_single_res-service_cpu_single-k8s-v2-formal-r1-20260818185537,s10,single,1,cart,BARO,resource,cart,cart;checkout;sasrec;user;backend,1.0,1.0,1.0,1.0,1.0,1.0,1.0,1.0,1.0,1.0,1.0,1.0,1.0,1.0
mr1_single_res-service_cpu_single-k8s-v2-formal-r1-20260818185537,s10,single,1,cart,RCD_seed0,resource,catalog,catalog;search,0.0,0.0,0.0,0.0,0.0,0.0,0.0,0.0,0.0,0.0,0.0,0.0,0.0,0.0
mr1_single_res-service_cpu_single-k8s-v2-formal-r1-20260818185537,s10,single,1,cart,RCD_seed1,resource,backend,backend;catalog-gw,0.0,0.0,0.0,0.0,0.0,0.0,0.0,0.0,0.0,0.0,0.0,0.0,0.0,0.0
mr1_single_res-service_cpu_single-k8s-v2-formal-r1-20260818185537,s10,single,1,cart,RCD_seed2,resource,user,user,0.0,0.0,0.0,0.0,0.0,0.0,0.0,0.0,0.0,0.0,0.0,0.0,0.0,0.0
mr1_single_res-service_cpu_single-k8s-v2-formal-r1-20260818185537,s10,single,1,cart,RCD_seed3,resource,host,host;inventory,0.0,0.0,0.0,0.0,0.0,0.0,0.0,0.0,0.0,0.0,0.0,0.0,0.0,0.0
mr1_single_res-service_cpu_single-k8s-v2-formal-r1-20260818185537,s10,single,1,cart,RCD_seed4,resource,cart,cart;catalog-gw;host,1.0,1.0,1.0,1.0,1.0,1.0,1.0,1.0,1.0,1.0,1.0,1.0,1.0,1.0
mr1_single_res-service_cpu_single-k8s-v2-formal-r1-20260818185537,s10,single,1,cart,delta_ratio,resource,cart,cart;host;catalog;catalog-gw;order,1.0,1.0,1.0,1.0,1.0,1.0,1.0,1.0,1.0,1.0,1.0,1.0,1.0,1.0
mr1_single_res-service_cpu_single-k8s-v2-formal-r1-20260818185537,s10,single,1,cart,delta_z,resource,cart,cart;catalog-gw;search;backend;host,1.0,1.0,1.0,1.0,1.0,1.0,1.0,1.0,1.0,1.0,1.0,1.0,1.0,1.0
mr2_cross_dependency-inv_latency_x_runtime_exc-k8s-v2-formal-r1-20260818190604,d11,dual,2,inventory;catalog,BARO,full,inventory,inventory;checkout;catalog;cart;sasrec,1.0,1.0,1.0,0.5,0.0,1.0,1.0,1.0,0.9197207891481876,0.9197207891481876,0.5,1.0,1.0,0.6666666666666666
mr2_cross_dependency-inv_latency_x_runtime_exc-k8s-v2-formal-r1-20260818190604,d11,dual,2,inventory;catalog,RCD_seed0,full,inventory,inventory,1.0,1.0,1.0,0.5,0.0,0.0,0.0,1.0,0.6131471927654584,0.6131471927654584,0.5,0.5,0.5,0.5
mr2_cross_dependency-inv_latency_x_runtime_exc-k8s-v2-formal-r1-20260818190604,d11,dual,2,inventory;catalog,RCD_seed1,full,inventory,inventory;checkout,1.0,1.0,1.0,0.5,0.0,0.0,0.0,1.0,0.6131471927654584,0.6131471927654584,0.5,0.5,0.5,0.5
mr2_cross_dependency-inv_latency_x_runtime_exc-k8s-v2-formal-r1-20260818190604,d11,dual,2,inventory;catalog,RCD_seed2,full,inventory,inventory,1.0,1.0,1.0,0.5,0.0,0.0,0.0,1.0,0.6131471927654584,0.6131471927654584,0.5,0.5,0.5,0.5
mr2_cross_dependency-inv_latency_x_runtime_exc-k8s-v2-formal-r1-20260818190604,d11,dual,2,inventory;catalog,RCD_seed3,full,inventory,inventory,1.0,1.0,1.0,0.5,0.0,0.0,0.0,1.0,0.6131471927654584,0.6131471927654584,0.5,0.5,0.5,0.5
mr2_cross_dependency-inv_latency_x_runtime_exc-k8s-v2-formal-r1-20260818190604,d11,dual,2,inventory;catalog,RCD_seed4,full,checkout,checkout,0.0,0.0,0.0,0.0,0.0,0.0,0.0,0.0,0.0,0.0,0.0,0.0,0.0,0.0
mr2_cross_dependency-inv_latency_x_runtime_exc-k8s-v2-formal-r1-20260818190604,d11,dual,2,inventory;catalog,delta_ratio,full,pricing,pricing;catalog;inventory;checkout;sasrec,0.0,1.0,1.0,0.5,0.0,1.0,1.0,0.0,0.6934264036172708,0.6934264036172708,0.0,1.0,1.0,0.41666666666666663
mr2_cross_dependency-inv_latency_x_runtime_exc-k8s-v2-formal-r1-20260818190604,d11,dual,2,inventory;catalog,delta_z,full,inventory,inventory;catalog;pricing;mysql;host,1.0,1.0,1.0,1.0,0.0,1.0,1.0,1.0,1.0,1.0,0.5,1.0,1.0,0.75
mr2_cross_dependency-inv_latency_x_runtime_exc-k8s-v2-formal-r1-20260818190604,d11,dual,2,inventory;catalog,BARO,resource,inventory,inventory;catalog;cart;search;sasrec,1.0,1.0,1.0,1.0,0.0,1.0,1.0,1.0,1.0,1.0,0.5,1.0,1.0,0.75
mr2_cross_dependency-inv_latency_x_runtime_exc-k8s-v2-formal-r1-20260818190604,d11,dual,2,inventory;catalog,RCD_seed0,resource,inventory,inventory,1.0,1.0,1.0,0.5,0.0,0.0,0.0,1.0,0.6131471927654584,0.6131471927654584,0.5,0.5,0.5,0.5
mr2_cross_dependency-inv_latency_x_runtime_exc-k8s-v2-formal-r1-20260818190604,d11,dual,2,inventory;catalog,RCD_seed1,resource,inventory,inventory,1.0,1.0,1.0,0.5,0.0,0.0,0.0,1.0,0.6131471927654584,0.6131471927654584,0.5,0.5,0.5,0.5
mr2_cross_dependency-inv_latency_x_runtime_exc-k8s-v2-formal-r1-20260818190604,d11,dual,2,inventory;catalog,RCD_seed2,resource,catalog,catalog;inventory,1.0,1.0,1.0,1.0,0.0,1.0,1.0,1.0,1.0,1.0,0.5,1.0,1.0,0.75
mr2_cross_dependency-inv_latency_x_runtime_exc-k8s-v2-formal-r1-20260818190604,d11,dual,2,inventory;catalog,RCD_seed3,resource,inventory,inventory,1.0,1.0,1.0,0.5,0.0,0.0,0.0,1.0,0.6131471927654584,0.6131471927654584,0.5,0.5,0.5,0.5
mr2_cross_dependency-inv_latency_x_runtime_exc-k8s-v2-formal-r1-20260818190604,d11,dual,2,inventory;catalog,RCD_seed4,resource,inventory,inventory,1.0,1.0,1.0,0.5,0.0,0.0,0.0,1.0,0.6131471927654584,0.6131471927654584,0.5,0.5,0.5,0.5
mr2_cross_dependency-inv_latency_x_runtime_exc-k8s-v2-formal-r1-20260818190604,d11,dual,2,inventory;catalog,delta_ratio,resource,mysql,mysql;inventory;catalog;host;pricing,0.0,1.0,1.0,0.5,0.0,1.0,1.0,0.0,0.6934264036172708,0.6934264036172708,0.0,1.0,1.0,0.41666666666666663
mr2_cross_dependency-inv_latency_x_runtime_exc-k8s-v2-formal-r1-20260818190604,d11,dual,2,inventory;catalog,delta_z,resource,inventory,inventory;catalog;mysql;host;backend,1.0,1.0,1.0,1.0,0.0,1.0,1.0,1.0,1.0,1.0,0.5,1.0,1.0,0.75
mr2_cross_net-net_delay_x_cfg_connect-k8s-v2-formal-r1-20260819040948,d05,single,1,catalog-gw,BARO,full,cart,cart;checkout;backend;order;search,0.0,0.0,0.0,0.0,0.0,0.0,0.0,0.0,0.0,0.0,0.0,0.0,0.0,0.07142857142857142
mr2_cross_net-net_delay_x_cfg_connect-k8s-v2-formal-r1-20260819040948,d05,single,1,catalog-gw,RCD_seed0,full,order,order;pricing;checkout,0.0,0.0,0.0,0.0,0.0,0.0,0.0,0.0,0.0,0.0,0.0,0.0,0.0,0.0
mr2_cross_net-net_delay_x_cfg_connect-k8s-v2-formal-r1-20260819040948,d05,single,1,catalog-gw,RCD_seed1,full,catalog-gw,catalog-gw;backend,1.0,1.0,1.0,1.0,1.0,1.0,1.0,1.0,1.0,1.0,1.0,1.0,1.0,1.0
mr2_cross_net-net_delay_x_cfg_connect-k8s-v2-formal-r1-20260819040948,d05,single,1,catalog-gw,RCD_seed2,full,inventory,inventory;review-query,0.0,0.0,0.0,0.0,0.0,0.0,0.0,0.0,0.0,0.0,0.0,0.0,0.0,0.0
mr2_cross_net-net_delay_x_cfg_connect-k8s-v2-formal-r1-20260819040948,d05,single,1,catalog-gw,RCD_seed3,full,cart,cart;pricing,0.0,0.0,0.0,0.0,0.0,0.0,0.0,0.0,0.0,0.0,0.0,0.0,0.0,0.0
mr2_cross_net-net_delay_x_cfg_connect-k8s-v2-formal-r1-20260819040948,d05,single,1,catalog-gw,RCD_seed4,full,cart,cart;sasrec,0.0,0.0,0.0,0.0,0.0,0.0,0.0,0.0,0.0,0.0,0.0,0.0,0.0,0.0
mr2_cross_net-net_delay_x_cfg_connect-k8s-v2-formal-r1-20260819040948,d05,single,1,catalog-gw,delta_ratio,full,pricing,pricing;catalog;checkout;search;cart,0.0,0.0,0.0,0.0,0.0,0.0,0.0,0.0,0.0,0.0,0.0,0.0,0.0,0.07692307692307693
mr2_cross_net-net_delay_x_cfg_connect-k8s-v2-formal-r1-20260819040948,d05,single,1,catalog-gw,delta_z,full,checkout,checkout;review-query;order;pricing;cart,0.0,0.0,0.0,0.0,0.0,0.0,0.0,0.0,0.0,0.0,0.0,0.0,0.0,0.07142857142857142
mr2_cross_net-net_delay_x_cfg_connect-k8s-v2-formal-r1-20260819040948,d05,single,1,catalog-gw,BARO,resource,search,search;pricing;mysql;catalog;order,0.0,0.0,0.0,0.0,0.0,0.0,0.0,0.0,0.0,0.0,0.0,0.0,0.0,0.16666666666666666
mr2_cross_net-net_delay_x_cfg_connect-k8s-v2-formal-r1-20260819040948,d05,single,1,catalog-gw,RCD_seed0,resource,cart,cart;backend;search,0.0,0.0,0.0,0.0,0.0,0.0,0.0,0.0,0.0,0.0,0.0,0.0,0.0,0.0
mr2_cross_net-net_delay_x_cfg_connect-k8s-v2-formal-r1-20260819040948,d05,single,1,catalog-gw,RCD_seed1,resource,backend,backend;review-query;search,0.0,0.0,0.0,0.0,0.0,0.0,0.0,0.0,0.0,0.0,0.0,0.0,0.0,0.0
mr2_cross_net-net_delay_x_cfg_connect-k8s-v2-formal-r1-20260819040948,d05,single,1,catalog-gw,RCD_seed2,resource,user,user;backend,0.0,0.0,0.0,0.0,0.0,0.0,0.0,0.0,0.0,0.0,0.0,0.0,0.0,0.0
mr2_cross_net-net_delay_x_cfg_connect-k8s-v2-formal-r1-20260819040948,d05,single,1,catalog-gw,RCD_seed3,resource,review-query,review-query;pricing,0.0,0.0,0.0,0.0,0.0,0.0,0.0,0.0,0.0,0.0,0.0,0.0,0.0,0.0
mr2_cross_net-net_delay_x_cfg_connect-k8s-v2-formal-r1-20260819040948,d05,single,1,catalog-gw,RCD_seed4,resource,review-query,review-query;order,0.0,0.0,0.0,0.0,0.0,0.0,0.0,0.0,0.0,0.0,0.0,0.0,0.0,0.0
mr2_cross_net-net_delay_x_cfg_connect-k8s-v2-formal-r1-20260819040948,d05,single,1,catalog-gw,delta_ratio,resource,mysql,mysql;order;backend;cart;pricing,0.0,0.0,0.0,0.0,0.0,0.0,0.0,0.0,0.0,0.0,0.0,0.0,0.0,0.14285714285714285
mr2_cross_net-net_delay_x_cfg_connect-k8s-v2-formal-r1-20260819040948,d05,single,1,catalog-gw,delta_z,resource,mysql,mysql;order;cart;sasrec;host,0.0,0.0,0.0,0.0,0.0,0.0,0.0,0.0,0.0,0.0,0.0,0.0,0.0,0.08333333333333333
mr2_intra_res-host_cpu_x_svccpu-k8s-v2-formal-r1-20260819041145,d03,dual,2,host;catalog,BARO,full,catalog,catalog;order;review-query;pricing;checkout,1.0,1.0,1.0,0.5,0.0,0.0,0.0,1.0,0.6131471927654584,0.6131471927654584,0.5,0.5,0.5,0.5357142857142857
mr2_intra_res-host_cpu_x_svccpu-k8s-v2-formal-r1-20260819041145,d03,dual,2,host;catalog,RCD_seed0,full,checkout,checkout;rec-agent,0.0,0.0,0.0,0.0,0.0,0.0,0.0,0.0,0.0,0.0,0.0,0.0,0.0,0.0
mr2_intra_res-host_cpu_x_svccpu-k8s-v2-formal-r1-20260819041145,d03,dual,2,host;catalog,RCD_seed1,full,cart,cart;review-query,0.0,0.0,0.0,0.0,0.0,0.0,0.0,0.0,0.0,0.0,0.0,0.0,0.0,0.0
mr2_intra_res-host_cpu_x_svccpu-k8s-v2-formal-r1-20260819041145,d03,dual,2,host;catalog,RCD_seed2,full,inventory,inventory,0.0,0.0,0.0,0.0,0.0,0.0,0.0,0.0,0.0,0.0,0.0,0.0,0.0,0.0
mr2_intra_res-host_cpu_x_svccpu-k8s-v2-formal-r1-20260819041145,d03,dual,2,host;catalog,RCD_seed3,full,search,search,0.0,0.0,0.0,0.0,0.0,0.0,0.0,0.0,0.0,0.0,0.0,0.0,0.0,0.0
mr2_intra_res-host_cpu_x_svccpu-k8s-v2-formal-r1-20260819041145,d03,dual,2,host;catalog,RCD_seed4,full,pricing,pricing;search,0.0,0.0,0.0,0.0,0.0,0.0,0.0,0.0,0.0,0.0,0.0,0.0,0.0,0.0
mr2_intra_res-host_cpu_x_svccpu-k8s-v2-formal-r1-20260819041145,d03,dual,2,host;catalog,delta_ratio,full,catalog,catalog;host;pricing;review-query;checkout,1.0,1.0,1.0,1.0,0.0,1.0,1.0,1.0,1.0,1.0,0.5,1.0,1.0,0.75
mr2_intra_res-host_cpu_x_svccpu-k8s-v2-formal-r1-20260819041145,d03,dual,2,host;catalog,delta_z,full,catalog,catalog;checkout;pricing;backend;sasrec,1.0,1.0,1.0,0.5,0.0,0.0,0.0,1.0,0.6131471927654584,0.6131471927654584,0.5,0.5,0.5,0.5714285714285714
mr2_intra_res-host_cpu_x_svccpu-k8s-v2-formal-r1-20260819041145,d03,dual,2,host;catalog,BARO,resource,backend,backend;pricing;user;catalog;catalog-gw,0.0,0.0,1.0,0.0,0.0,0.0,0.0,0.0,0.0,0.2640681225725909,0.0,0.0,0.5,0.19642857142857142
mr2_intra_res-host_cpu_x_svccpu-k8s-v2-formal-r1-20260819041145,d03,dual,2,host;catalog,RCD_seed0,resource,checkout,checkout;cart,0.0,0.0,0.0,0.0,0.0,0.0,0.0,0.0,0.0,0.0,0.0,0.0,0.0,0.0
mr2_intra_res-host_cpu_x_svccpu-k8s-v2-formal-r1-20260819041145,d03,dual,2,host;catalog,RCD_seed1,resource,checkout,checkout,0.0,0.0,0.0,0.0,0.0,0.0,0.0,0.0,0.0,0.0,0.0,0.0,0.0,0.0
mr2_intra_res-host_cpu_x_svccpu-k8s-v2-formal-r1-20260819041145,d03,dual,2,host;catalog,RCD_seed2,resource,user,user;checkout,0.0,0.0,0.0,0.0,0.0,0.0,0.0,0.0,0.0,0.0,0.0,0.0,0.0,0.0
mr2_intra_res-host_cpu_x_svccpu-k8s-v2-formal-r1-20260819041145,d03,dual,2,host;catalog,RCD_seed3,resource,catalog-gw,catalog-gw;checkout,0.0,0.0,0.0,0.0,0.0,0.0,0.0,0.0,0.0,0.0,0.0,0.0,0.0,0.0
mr2_intra_res-host_cpu_x_svccpu-k8s-v2-formal-r1-20260819041145,d03,dual,2,host;catalog,RCD_seed4,resource,checkout,checkout,0.0,0.0,0.0,0.0,0.0,0.0,0.0,0.0,0.0,0.0,0.0,0.0,0.0,0.0
mr2_intra_res-host_cpu_x_svccpu-k8s-v2-formal-r1-20260819041145,d03,dual,2,host;catalog,delta_ratio,resource,catalog,catalog;host;checkout;mysql;review-query,1.0,1.0,1.0,1.0,0.0,1.0,1.0,1.0,1.0,1.0,0.5,1.0,1.0,0.75
mr2_intra_res-host_cpu_x_svccpu-k8s-v2-formal-r1-20260819041145,d03,dual,2,host;catalog,delta_z,resource,catalog,catalog;checkout;backend;pricing;sasrec,1.0,1.0,1.0,0.5,0.0,0.0,0.0,1.0,0.6131471927654584,0.6131471927654584,0.5,0.5,0.5,0.5714285714285714
mr2_cross_lif-search_podfail_x_reviewquery_cpu-k8s-v2-formal-r1-20260819042416,d19,dual,2,search;review-query,BARO,full,review-query,review-query;search;user;backend;inventory,1.0,1.0,1.0,1.0,0.0,1.0,1.0,1.0,1.0,1.0,0.5,1.0,1.0,0.75
mr2_cross_lif-search_podfail_x_reviewquery_cpu-k8s-v2-formal-r1-20260819042416,d19,dual,2,search;review-query,RCD_seed0,full,order,order;cart;backend;sasrec,0.0,0.0,0.0,0.0,0.0,0.0,0.0,0.0,0.0,0.0,0.0,0.0,0.0,0.0
mr2_cross_lif-search_podfail_x_reviewquery_cpu-k8s-v2-formal-r1-20260819042416,d19,dual,2,search;review-query,RCD_seed1,full,order,order;cart;review-query;search,0.0,1.0,1.0,0.0,0.0,0.0,1.0,0.0,0.3065735963827292,0.5706417189553201,0.0,0.5,1.0,0.29166666666666663
mr2_cross_lif-search_podfail_x_reviewquery_cpu-k8s-v2-formal-r1-20260819042416,d19,dual,2,search;review-query,RCD_seed2,full,order,order;cart;review-query;backend;user,0.0,1.0,1.0,0.0,0.0,0.0,0.0,0.0,0.3065735963827292,0.3065735963827292,0.0,0.5,0.5,0.16666666666666666
mr2_cross_lif-search_podfail_x_reviewquery_cpu-k8s-v2-formal-r1-20260819042416,d19,dual,2,search;review-query,RCD_seed3,full,order,order;cart;review-query,0.0,1.0,1.0,0.0,0.0,0.0,0.0,0.0,0.3065735963827292,0.3065735963827292,0.0,0.5,0.5,0.16666666666666666
mr2_cross_lif-search_podfail_x_reviewquery_cpu-k8s-v2-formal-r1-20260819042416,d19,dual,2,search;review-query,RCD_seed4,full,order,order;cart;search;user,0.0,1.0,1.0,0.0,0.0,0.0,0.0,0.0,0.3065735963827292,0.3065735963827292,0.0,0.5,0.5,0.16666666666666666
mr2_cross_lif-search_podfail_x_reviewquery_cpu-k8s-v2-formal-r1-20260819042416,d19,dual,2,search;review-query,delta_ratio,full,review-query,review-query;host;search;mysql;pricing,1.0,1.0,1.0,0.5,0.0,1.0,1.0,1.0,0.9197207891481876,0.9197207891481876,0.5,1.0,1.0,0.6666666666666666
mr2_cross_lif-search_podfail_x_reviewquery_cpu-k8s-v2-formal-r1-20260819042416,d19,dual,2,search;review-query,delta_z,full,search,search;review-query;host;cart;pricing,1.0,1.0,1.0,1.0,0.0,1.0,1.0,1.0,1.0,1.0,0.5,1.0,1.0,0.75
mr2_cross_lif-search_podfail_x_reviewquery_cpu-k8s-v2-formal-r1-20260819042416,d19,dual,2,search;review-query,BARO,resource,review-query,review-query;search;host;sasrec;cart,1.0,1.0,1.0,1.0,0.0,1.0,1.0,1.0,1.0,1.0,0.5,1.0,1.0,0.75
mr2_cross_lif-search_podfail_x_reviewquery_cpu-k8s-v2-formal-r1-20260819042416,d19,dual,2,search;review-query,RCD_seed0,resource,order,order;cart;search;inventory,0.0,1.0,1.0,0.0,0.0,0.0,0.0,0.0,0.3065735963827292,0.3065735963827292,0.0,0.5,0.5,0.16666666666666666
mr2_cross_lif-search_podfail_x_reviewquery_cpu-k8s-v2-formal-r1-20260819042416,d19,dual,2,search;review-query,RCD_seed1,resource,order,order;cart,0.0,0.0,0.0,0.0,0.0,0.0,0.0,0.0,0.0,0.0,0.0,0.0,0.0,0.0
mr2_cross_lif-search_podfail_x_reviewquery_cpu-k8s-v2-formal-r1-20260819042416,d19,dual,2,search;review-query,RCD_seed2,resource,order,order;cart;search;sasrec,0.0,1.0,1.0,0.0,0.0,0.0,0.0,0.0,0.3065735963827292,0.3065735963827292,0.0,0.5,0.5,0.16666666666666666
mr2_cross_lif-search_podfail_x_reviewquery_cpu-k8s-v2-formal-r1-20260819042416,d19,dual,2,search;review-query,RCD_seed3,resource,order,order;cart;search,0.0,1.0,1.0,0.0,0.0,0.0,0.0,0.0,0.3065735963827292,0.3065735963827292,0.0,0.5,0.5,0.16666666666666666
mr2_cross_lif-search_podfail_x_reviewquery_cpu-k8s-v2-formal-r1-20260819042416,d19,dual,2,search;review-query,RCD_seed4,resource,order,order;cart;search,0.0,1.0,1.0,0.0,0.0,0.0,0.0,0.0,0.3065735963827292,0.3065735963827292,0.0,0.5,0.5,0.16666666666666666
mr2_cross_lif-search_podfail_x_reviewquery_cpu-k8s-v2-formal-r1-20260819042416,d19,dual,2,search;review-query,delta_ratio,resource,review-query,review-query;host;search;mysql;catalog,1.0,1.0,1.0,0.5,0.0,1.0,1.0,1.0,0.9197207891481876,0.9197207891481876,0.5,1.0,1.0,0.6666666666666666
mr2_cross_lif-search_podfail_x_reviewquery_cpu-k8s-v2-formal-r1-20260819042416,d19,dual,2,search;review-query,delta_z,resource,search,search;review-query;host;pricing;inventory,1.0,1.0,1.0,1.0,0.0,1.0,1.0,1.0,1.0,1.0,0.5,1.0,1.0,0.75
mr3_cross_dependency-pod_failure_x_catalog_latency_x_cfg_timeout-k8s-v2-formal-r1-20260819043904,t04,dual,2,catalog;catalog-gw,BARO,full,checkout,checkout;catalog;pricing;review-query;search,0.0,1.0,1.0,0.5,0.0,0.0,0.0,0.0,0.38685280723454163,0.38685280723454163,0.0,0.5,0.5,0.3055555555555556
mr3_cross_dependency-pod_failure_x_catalog_latency_x_cfg_timeout-k8s-v2-formal-r1-20260819043904,t04,dual,2,catalog;catalog-gw,RCD_seed0,full,catalog,catalog;search,1.0,1.0,1.0,0.5,0.0,0.0,0.0,1.0,0.6131471927654584,0.6131471927654584,0.5,0.5,0.5,0.5
mr3_cross_dependency-pod_failure_x_catalog_latency_x_cfg_timeout-k8s-v2-formal-r1-20260819043904,t04,dual,2,catalog;catalog-gw,RCD_seed1,full,catalog,catalog,1.0,1.0,1.0,0.5,0.0,0.0,0.0,1.0,0.6131471927654584,0.6131471927654584,0.5,0.5,0.5,0.5
mr3_cross_dependency-pod_failure_x_catalog_latency_x_cfg_timeout-k8s-v2-formal-r1-20260819043904,t04,dual,2,catalog;catalog-gw,RCD_seed2,full,catalog,catalog,1.0,1.0,1.0,0.5,0.0,0.0,0.0,1.0,0.6131471927654584,0.6131471927654584,0.5,0.5,0.5,0.5
mr3_cross_dependency-pod_failure_x_catalog_latency_x_cfg_timeout-k8s-v2-formal-r1-20260819043904,t04,dual,2,catalog;catalog-gw,RCD_seed3,full,catalog,catalog,1.0,1.0,1.0,0.5,0.0,0.0,0.0,1.0,0.6131471927654584,0.6131471927654584,0.5,0.5,0.5,0.5
mr3_cross_dependency-pod_failure_x_catalog_latency_x_cfg_timeout-k8s-v2-formal-r1-20260819043904,t04,dual,2,catalog;catalog-gw,RCD_seed4,full,catalog,catalog,1.0,1.0,1.0,0.5,0.0,0.0,0.0,1.0,0.6131471927654584,0.6131471927654584,0.5,0.5,0.5,0.5
mr3_cross_dependency-pod_failure_x_catalog_latency_x_cfg_timeout-k8s-v2-formal-r1-20260819043904,t04,dual,2,catalog;catalog-gw,delta_ratio,full,pricing,pricing;search;catalog;review-query;checkout,0.0,1.0,1.0,0.0,0.0,0.0,0.0,0.0,0.3065735963827292,0.3065735963827292,0.0,0.5,0.5,0.25
mr3_cross_dependency-pod_failure_x_catalog_latency_x_cfg_timeout-k8s-v2-formal-r1-20260819043904,t04,dual,2,catalog;catalog-gw,delta_z,full,catalog,catalog;pricing;search;sasrec;checkout,1.0,1.0,1.0,0.5,0.0,0.0,0.0,1.0,0.6131471927654584,0.6131471927654584,0.5,0.5,0.5,0.55
mr3_cross_dependency-pod_failure_x_catalog_latency_x_cfg_timeout-k8s-v2-formal-r1-20260819043904,t04,dual,2,catalog;catalog-gw,BARO,resource,catalog,catalog;catalog-gw;checkout;review-query;search,1.0,1.0,1.0,1.0,0.0,1.0,1.0,1.0,1.0,1.0,0.5,1.0,1.0,0.75
mr3_cross_dependency-pod_failure_x_catalog_latency_x_cfg_timeout-k8s-v2-formal-r1-20260819043904,t04,dual,2,catalog;catalog-gw,RCD_seed0,resource,catalog,catalog,1.0,1.0,1.0,0.5,0.0,0.0,0.0,1.0,0.6131471927654584,0.6131471927654584,0.5,0.5,0.5,0.5
mr3_cross_dependency-pod_failure_x_catalog_latency_x_cfg_timeout-k8s-v2-formal-r1-20260819043904,t04,dual,2,catalog;catalog-gw,RCD_seed1,resource,search,search;catalog,0.0,1.0,1.0,0.5,0.0,0.0,0.0,0.0,0.38685280723454163,0.38685280723454163,0.0,0.5,0.5,0.25
mr3_cross_dependency-pod_failure_x_catalog_latency_x_cfg_timeout-k8s-v2-formal-r1-20260819043904,t04,dual,2,catalog;catalog-gw,RCD_seed2,resource,search,search;catalog,0.0,1.0,1.0,0.5,0.0,0.0,0.0,0.0,0.38685280723454163,0.38685280723454163,0.0,0.5,0.5,0.25
mr3_cross_dependency-pod_failure_x_catalog_latency_x_cfg_timeout-k8s-v2-formal-r1-20260819043904,t04,dual,2,catalog;catalog-gw,RCD_seed3,resource,catalog,catalog,1.0,1.0,1.0,0.5,0.0,0.0,0.0,1.0,0.6131471927654584,0.6131471927654584,0.5,0.5,0.5,0.5
mr3_cross_dependency-pod_failure_x_catalog_latency_x_cfg_timeout-k8s-v2-formal-r1-20260819043904,t04,dual,2,catalog;catalog-gw,RCD_seed4,resource,catalog,catalog,1.0,1.0,1.0,0.5,0.0,0.0,0.0,1.0,0.6131471927654584,0.6131471927654584,0.5,0.5,0.5,0.5
mr3_cross_dependency-pod_failure_x_catalog_latency_x_cfg_timeout-k8s-v2-formal-r1-20260819043904,t04,dual,2,catalog;catalog-gw,delta_ratio,resource,catalog,catalog;pricing;search;inventory;host,1.0,1.0,1.0,0.5,0.0,0.0,0.0,1.0,0.6131471927654584,0.6131471927654584,0.5,0.5,0.5,0.5555555555555556
mr3_cross_dependency-pod_failure_x_catalog_latency_x_cfg_timeout-k8s-v2-formal-r1-20260819043904,t04,dual,2,catalog;catalog-gw,delta_z,resource,catalog,catalog;sasrec;host;review-query;search,1.0,1.0,1.0,0.5,0.0,0.0,0.0,1.0,0.6131471927654584,0.6131471927654584,0.5,0.5,0.5,0.55
mr2_cross_res-db_lock_x_netdelay-k8s-v2-formal-r1-20260819044103,d10,dual,2,mysql;catalog-gw,BARO,full,checkout,checkout;cart;catalog;pricing;order,0.0,0.0,0.0,0.0,0.0,0.0,0.0,0.0,0.0,0.0,0.0,0.0,0.0,0.09126984126984126
mr2_cross_res-db_lock_x_netdelay-k8s-v2-formal-r1-20260819044103,d10,dual,2,mysql;catalog-gw,RCD_seed0,full,sasrec,sasrec;cart,0.0,0.0,0.0,0.0,0.0,0.0,0.0,0.0,0.0,0.0,0.0,0.0,0.0,0.0
mr2_cross_res-db_lock_x_netdelay-k8s-v2-formal-r1-20260819044103,d10,dual,2,mysql;catalog-gw,RCD_seed1,full,pricing,pricing,0.0,0.0,0.0,0.0,0.0,0.0,0.0,0.0,0.0,0.0,0.0,0.0,0.0,0.0
mr2_cross_res-db_lock_x_netdelay-k8s-v2-formal-r1-20260819044103,d10,dual,2,mysql;catalog-gw,RCD_seed2,full,review-query,review-query;cart,0.0,0.0,0.0,0.0,0.0,0.0,0.0,0.0,0.0,0.0,0.0,0.0,0.0,0.0
mr2_cross_res-db_lock_x_netdelay-k8s-v2-formal-r1-20260819044103,d10,dual,2,mysql;catalog-gw,RCD_seed3,full,order,order;pricing,0.0,0.0,0.0,0.0,0.0,0.0,0.0,0.0,0.0,0.0,0.0,0.0,0.0,0.0
mr2_cross_res-db_lock_x_netdelay-k8s-v2-formal-r1-20260819044103,d10,dual,2,mysql;catalog-gw,RCD_seed4,full,review-query,review-query,0.0,0.0,0.0,0.0,0.0,0.0,0.0,0.0,0.0,0.0,0.0,0.0,0.0,0.0
mr2_cross_res-db_lock_x_netdelay-k8s-v2-formal-r1-20260819044103,d10,dual,2,mysql;catalog-gw,delta_ratio,full,pricing,pricing;cart;catalog;checkout;order,0.0,0.0,0.0,0.0,0.0,0.0,0.0,0.0,0.0,0.0,0.0,0.0,0.0,0.08333333333333334
mr2_cross_res-db_lock_x_netdelay-k8s-v2-formal-r1-20260819044103,d10,dual,2,mysql;catalog-gw,delta_z,full,search,search;pricing;cart;catalog;checkout,0.0,0.0,0.0,0.0,0.0,0.0,0.0,0.0,0.0,0.0,0.0,0.0,0.0,0.11666666666666667
mr2_cross_res-db_lock_x_netdelay-k8s-v2-formal-r1-20260819044103,d10,dual,2,mysql;catalog-gw,BARO,resource,cart,cart;checkout;pricing;catalog-gw;review-query,0.0,0.0,1.0,0.0,0.0,0.0,0.0,0.0,0.0,0.2640681225725909,0.0,0.0,0.5,0.16346153846153846
mr2_cross_res-db_lock_x_netdelay-k8s-v2-formal-r1-20260819044103,d10,dual,2,mysql;catalog-gw,RCD_seed0,resource,review-query,review-query,0.0,0.0,0.0,0.0,0.0,0.0,0.0,0.0,0.0,0.0,0.0,0.0,0.0,0.0
mr2_cross_res-db_lock_x_netdelay-k8s-v2-formal-r1-20260819044103,d10,dual,2,mysql;catalog-gw,RCD_seed1,resource,sasrec,sasrec;review-query,0.0,0.0,0.0,0.0,0.0,0.0,0.0,0.0,0.0,0.0,0.0,0.0,0.0,0.0
mr2_cross_res-db_lock_x_netdelay-k8s-v2-formal-r1-20260819044103,d10,dual,2,mysql;catalog-gw,RCD_seed2,resource,order,order;checkout,0.0,0.0,0.0,0.0,0.0,0.0,0.0,0.0,0.0,0.0,0.0,0.0,0.0,0.0
mr2_cross_res-db_lock_x_netdelay-k8s-v2-formal-r1-20260819044103,d10,dual,2,mysql;catalog-gw,RCD_seed3,resource,sasrec,sasrec;cart,0.0,0.0,0.0,0.0,0.0,0.0,0.0,0.0,0.0,0.0,0.0,0.0,0.0,0.0
mr2_cross_res-db_lock_x_netdelay-k8s-v2-formal-r1-20260819044103,d10,dual,2,mysql;catalog-gw,RCD_seed4,resource,cart,cart;sasrec,0.0,0.0,0.0,0.0,0.0,0.0,0.0,0.0,0.0,0.0,0.0,0.0,0.0,0.0
mr2_cross_res-db_lock_x_netdelay-k8s-v2-formal-r1-20260819044103,d10,dual,2,mysql;catalog-gw,delta_ratio,resource,review-query,review-query;catalog;host;catalog-gw;search,0.0,0.0,1.0,0.0,0.0,0.0,0.0,0.0,0.0,0.2640681225725909,0.0,0.0,0.5,0.20833333333333331
mr2_cross_res-db_lock_x_netdelay-k8s-v2-formal-r1-20260819044103,d10,dual,2,mysql;catalog-gw,delta_z,resource,mysql,mysql;review-query;order;cart;sasrec,1.0,1.0,1.0,0.5,0.0,0.0,0.0,1.0,0.6131471927654584,0.6131471927654584,0.5,0.5,0.5,0.5384615384615384
mr2_cross_lif-user_podfail_x_backend_cpu-k8s-v2-formal-r1-20260819045335,d21,dual,2,user;backend,BARO,full,backend,backend;user;catalog-gw;host;rec-agent,1.0,1.0,1.0,1.0,0.0,1.0,1.0,1.0,1.0,1.0,0.5,1.0,1.0,0.75
mr2_cross_lif-user_podfail_x_backend_cpu-k8s-v2-formal-r1-20260819045335,d21,dual,2,user;backend,RCD_seed0,full,backend,backend,1.0,1.0,1.0,0.5,0.0,0.0,0.0,1.0,0.6131471927654584,0.6131471927654584,0.5,0.5,0.5,0.5
mr2_cross_lif-user_podfail_x_backend_cpu-k8s-v2-formal-r1-20260819045335,d21,dual,2,user;backend,RCD_seed1,full,backend,backend,1.0,1.0,1.0,0.5,0.0,0.0,0.0,1.0,0.6131471927654584,0.6131471927654584,0.5,0.5,0.5,0.5
mr2_cross_lif-user_podfail_x_backend_cpu-k8s-v2-formal-r1-20260819045335,d21,dual,2,user;backend,RCD_seed2,full,backend,backend,1.0,1.0,1.0,0.5,0.0,0.0,0.0,1.0,0.6131471927654584,0.6131471927654584,0.5,0.5,0.5,0.5
mr2_cross_lif-user_podfail_x_backend_cpu-k8s-v2-formal-r1-20260819045335,d21,dual,2,user;backend,RCD_seed3,full,backend,backend,1.0,1.0,1.0,0.5,0.0,0.0,0.0,1.0,0.6131471927654584,0.6131471927654584,0.5,0.5,0.5,0.5
mr2_cross_lif-user_podfail_x_backend_cpu-k8s-v2-formal-r1-20260819045335,d21,dual,2,user;backend,RCD_seed4,full,backend,backend,1.0,1.0,1.0,0.5,0.0,0.0,0.0,1.0,0.6131471927654584,0.6131471927654584,0.5,0.5,0.5,0.5
mr2_cross_lif-user_podfail_x_backend_cpu-k8s-v2-formal-r1-20260819045335,d21,dual,2,user;backend,delta_ratio,full,backend,backend;host;mysql;user;catalog,1.0,1.0,1.0,0.5,0.0,0.0,1.0,1.0,0.6131471927654584,0.8772153153380493,0.5,0.5,1.0,0.625
mr2_cross_lif-user_podfail_x_backend_cpu-k8s-v2-formal-r1-20260819045335,d21,dual,2,user;backend,delta_z,full,user,user;backend;host;sasrec;catalog,1.0,1.0,1.0,1.0,0.0,1.0,1.0,1.0,1.0,1.0,0.5,1.0,1.0,0.75
mr2_cross_lif-user_podfail_x_backend_cpu-k8s-v2-formal-r1-20260819045335,d21,dual,2,user;backend,BARO,resource,backend,backend;user;catalog-gw;host;cart,1.0,1.0,1.0,1.0,0.0,1.0,1.0,1.0,1.0,1.0,0.5,1.0,1.0,0.75
mr2_cross_lif-user_podfail_x_backend_cpu-k8s-v2-formal-r1-20260819045335,d21,dual,2,user;backend,RCD_seed0,resource,backend,backend;catalog;pricing;review-query;mysql,1.0,1.0,1.0,0.5,0.0,0.0,0.0,1.0,0.6131471927654584,0.6131471927654584,0.5,0.5,0.5,0.5
mr2_cross_lif-user_podfail_x_backend_cpu-k8s-v2-formal-r1-20260819045335,d21,dual,2,user;backend,RCD_seed1,resource,backend,backend,1.0,1.0,1.0,0.5,0.0,0.0,0.0,1.0,0.6131471927654584,0.6131471927654584,0.5,0.5,0.5,0.5
mr2_cross_lif-user_podfail_x_backend_cpu-k8s-v2-formal-r1-20260819045335,d21,dual,2,user;backend,RCD_seed2,resource,backend,backend;order,1.0,1.0,1.0,0.5,0.0,0.0,0.0,1.0,0.6131471927654584,0.6131471927654584,0.5,0.5,0.5,0.5
mr2_cross_lif-user_podfail_x_backend_cpu-k8s-v2-formal-r1-20260819045335,d21,dual,2,user;backend,RCD_seed3,resource,backend,backend;order;catalog;pricing;catalog-gw,1.0,1.0,1.0,0.5,0.0,0.0,0.0,1.0,0.6131471927654584,0.6131471927654584,0.5,0.5,0.5,0.5
mr2_cross_lif-user_podfail_x_backend_cpu-k8s-v2-formal-r1-20260819045335,d21,dual,2,user;backend,RCD_seed4,resource,backend,backend;search;sasrec;mysql,1.0,1.0,1.0,0.5,0.0,0.0,0.0,1.0,0.6131471927654584,0.6131471927654584,0.5,0.5,0.5,0.5
mr2_cross_lif-user_podfail_x_backend_cpu-k8s-v2-formal-r1-20260819045335,d21,dual,2,user;backend,delta_ratio,resource,backend,backend;host;mysql;user;catalog,1.0,1.0,1.0,0.5,0.0,0.0,1.0,1.0,0.6131471927654584,0.8772153153380493,0.5,0.5,1.0,0.625
mr2_cross_lif-user_podfail_x_backend_cpu-k8s-v2-formal-r1-20260819045335,d21,dual,2,user;backend,delta_z,resource,user,user;backend;host;sasrec;catalog,1.0,1.0,1.0,1.0,0.0,1.0,1.0,1.0,1.0,1.0,0.5,1.0,1.0,0.75
mr1_single_runtime-runtime_exception_single-k8s-v2-formal-r1-20260819045703,s07,single,1,catalog,BARO,full,catalog,catalog;catalog-gw;order;user;inventory,1.0,1.0,1.0,1.0,1.0,1.0,1.0,1.0,1.0,1.0,1.0,1.0,1.0,1.0
mr1_single_runtime-runtime_exception_single-k8s-v2-formal-r1-20260819045703,s07,single,1,catalog,RCD_seed0,full,pricing,pricing;catalog-gw,0.0,0.0,0.0,0.0,0.0,0.0,0.0,0.0,0.0,0.0,0.0,0.0,0.0,0.0
mr1_single_runtime-runtime_exception_single-k8s-v2-formal-r1-20260819045703,s07,single,1,catalog,RCD_seed1,full,pricing,pricing,0.0,0.0,0.0,0.0,0.0,0.0,0.0,0.0,0.0,0.0,0.0,0.0,0.0,0.0
mr1_single_runtime-runtime_exception_single-k8s-v2-formal-r1-20260819045703,s07,single,1,catalog,RCD_seed2,full,pricing,pricing,0.0,0.0,0.0,0.0,0.0,0.0,0.0,0.0,0.0,0.0,0.0,0.0,0.0,0.0
mr1_single_runtime-runtime_exception_single-k8s-v2-formal-r1-20260819045703,s07,single,1,catalog,RCD_seed3,full,catalog,catalog;pricing,1.0,1.0,1.0,1.0,1.0,1.0,1.0,1.0,1.0,1.0,1.0,1.0,1.0,1.0
mr1_single_runtime-runtime_exception_single-k8s-v2-formal-r1-20260819045703,s07,single,1,catalog,RCD_seed4,full,host,host;catalog-gw;catalog,0.0,1.0,1.0,0.0,0.0,1.0,1.0,0.0,0.5,0.5,0.0,1.0,1.0,0.3333333333333333
mr1_single_runtime-runtime_exception_single-k8s-v2-formal-r1-20260819045703,s07,single,1,catalog,delta_ratio,full,pricing,pricing;catalog;catalog-gw;host;checkout,0.0,1.0,1.0,0.0,0.0,1.0,1.0,0.0,0.6309297535714575,0.6309297535714575,0.0,1.0,1.0,0.5
mr1_single_runtime-runtime_exception_single-k8s-v2-formal-r1-20260819045703,s07,single,1,catalog,delta_z,full,catalog,catalog;pricing;catalog-gw;host;checkout,1.0,1.0,1.0,1.0,1.0,1.0,1.0,1.0,1.0,1.0,1.0,1.0,1.0,1.0
mr1_single_runtime-runtime_exception_single-k8s-v2-formal-r1-20260819045703,s07,single,1,catalog,BARO,resource,catalog,catalog;catalog-gw;pricing;host,1.0,1.0,1.0,1.0,1.0,1.0,1.0,1.0,1.0,1.0,1.0,1.0,1.0,1.0
mr1_single_runtime-runtime_exception_single-k8s-v2-formal-r1-20260819045703,s07,single,1,catalog,RCD_seed0,resource,catalog,catalog;pricing,1.0,1.0,1.0,1.0,1.0,1.0,1.0,1.0,1.0,1.0,1.0,1.0,1.0,1.0
mr1_single_runtime-runtime_exception_single-k8s-v2-formal-r1-20260819045703,s07,single,1,catalog,RCD_seed1,resource,pricing,pricing;catalog-gw,0.0,0.0,0.0,0.0,0.0,0.0,0.0,0.0,0.0,0.0,0.0,0.0,0.0,0.0
mr1_single_runtime-runtime_exception_single-k8s-v2-formal-r1-20260819045703,s07,single,1,catalog,RCD_seed2,resource,host,host;catalog;catalog-gw,0.0,1.0,1.0,0.0,0.0,1.0,1.0,0.0,0.6309297535714575,0.6309297535714575,0.0,1.0,1.0,0.5
mr1_single_runtime-runtime_exception_single-k8s-v2-formal-r1-20260819045703,s07,single,1,catalog,RCD_seed3,resource,pricing,pricing,0.0,0.0,0.0,0.0,0.0,0.0,0.0,0.0,0.0,0.0,0.0,0.0,0.0,0.0
mr1_single_runtime-runtime_exception_single-k8s-v2-formal-r1-20260819045703,s07,single,1,catalog,RCD_seed4,resource,catalog,catalog,1.0,1.0,1.0,1.0,1.0,1.0,1.0,1.0,1.0,1.0,1.0,1.0,1.0,1.0
mr1_single_runtime-runtime_exception_single-k8s-v2-formal-r1-20260819045703,s07,single,1,catalog,delta_ratio,resource,catalog-gw,catalog-gw;catalog;host;pricing;mysql,0.0,1.0,1.0,0.0,0.0,1.0,1.0,0.0,0.6309297535714575,0.6309297535714575,0.0,1.0,1.0,0.5
mr1_single_runtime-runtime_exception_single-k8s-v2-formal-r1-20260819045703,s07,single,1,catalog,delta_z,resource,catalog,catalog;catalog-gw;pricing;host;mysql,1.0,1.0,1.0,1.0,1.0,1.0,1.0,1.0,1.0,1.0,1.0,1.0,1.0,1.0
mr2_cross_dependency-net_delay_x_inv_latency-k8s-v2-formal-r1-20260819051334,d07,dual,2,inventory;catalog-gw,BARO,full,checkout,checkout;inventory;pricing;cart;catalog-gw,0.0,1.0,1.0,0.5,0.0,0.0,1.0,0.0,0.38685280723454163,0.6240505200038379,0.0,0.5,1.0,0.35
mr2_cross_dependency-net_delay_x_inv_latency-k8s-v2-formal-r1-20260819051334,d07,dual,2,inventory;catalog-gw,RCD_seed0,full,inventory,inventory,1.0,1.0,1.0,0.5,0.0,0.0,0.0,1.0,0.6131471927654584,0.6131471927654584,0.5,0.5,0.5,0.5
mr2_cross_dependency-net_delay_x_inv_latency-k8s-v2-formal-r1-20260819051334,d07,dual,2,inventory;catalog-gw,RCD_seed1,full,inventory,inventory,1.0,1.0,1.0,0.5,0.0,0.0,0.0,1.0,0.6131471927654584,0.6131471927654584,0.5,0.5,0.5,0.5
mr2_cross_dependency-net_delay_x_inv_latency-k8s-v2-formal-r1-20260819051334,d07,dual,2,inventory;catalog-gw,RCD_seed2,full,inventory,inventory,1.0,1.0,1.0,0.5,0.0,0.0,0.0,1.0,0.6131471927654584,0.6131471927654584,0.5,0.5,0.5,0.5
mr2_cross_dependency-net_delay_x_inv_latency-k8s-v2-formal-r1-20260819051334,d07,dual,2,inventory;catalog-gw,RCD_seed3,full,inventory,inventory,1.0,1.0,1.0,0.5,0.0,0.0,0.0,1.0,0.6131471927654584,0.6131471927654584,0.5,0.5,0.5,0.5
mr2_cross_dependency-net_delay_x_inv_latency-k8s-v2-formal-r1-20260819051334,d07,dual,2,inventory;catalog-gw,RCD_seed4,full,inventory,inventory,1.0,1.0,1.0,0.5,0.0,0.0,0.0,1.0,0.6131471927654584,0.6131471927654584,0.5,0.5,0.5,0.5
mr2_cross_dependency-net_delay_x_inv_latency-k8s-v2-formal-r1-20260819051334,d07,dual,2,inventory;catalog-gw,delta_ratio,full,checkout,checkout;inventory;backend;mysql;review-query,0.0,1.0,1.0,0.5,0.0,0.0,0.0,0.0,0.38685280723454163,0.38685280723454163,0.0,0.5,0.5,0.3055555555555556
mr2_cross_dependency-net_delay_x_inv_latency-k8s-v2-formal-r1-20260819051334,d07,dual,2,inventory;catalog-gw,delta_z,full,inventory,inventory;backend;mysql;sasrec;checkout,1.0,1.0,1.0,0.5,0.0,0.0,0.0,1.0,0.6131471927654584,0.6131471927654584,0.5,0.5,0.5,0.5454545454545454
mr2_cross_dependency-net_delay_x_inv_latency-k8s-v2-formal-r1-20260819051334,d07,dual,2,inventory;catalog-gw,BARO,resource,inventory,inventory;catalog-gw;review-query;sasrec;backend,1.0,1.0,1.0,1.0,0.0,1.0,1.0,1.0,1.0,1.0,0.5,1.0,1.0,0.75
mr2_cross_dependency-net_delay_x_inv_latency-k8s-v2-formal-r1-20260819051334,d07,dual,2,inventory;catalog-gw,RCD_seed0,resource,inventory,inventory;user,1.0,1.0,1.0,0.5,0.0,0.0,0.0,1.0,0.6131471927654584,0.6131471927654584,0.5,0.5,0.5,0.5
mr2_cross_dependency-net_delay_x_inv_latency-k8s-v2-formal-r1-20260819051334,d07,dual,2,inventory;catalog-gw,RCD_seed1,resource,user,user,0.0,0.0,0.0,0.0,0.0,0.0,0.0,0.0,0.0,0.0,0.0,0.0,0.0,0.0
mr2_cross_dependency-net_delay_x_inv_latency-k8s-v2-formal-r1-20260819051334,d07,dual,2,inventory;catalog-gw,RCD_seed2,resource,inventory,inventory,1.0,1.0,1.0,0.5,0.0,0.0,0.0,1.0,0.6131471927654584,0.6131471927654584,0.5,0.5,0.5,0.5
mr2_cross_dependency-net_delay_x_inv_latency-k8s-v2-formal-r1-20260819051334,d07,dual,2,inventory;catalog-gw,RCD_seed3,resource,user,user;inventory,0.0,1.0,1.0,0.5,0.0,0.0,0.0,0.0,0.38685280723454163,0.38685280723454163,0.0,0.5,0.5,0.25
mr2_cross_dependency-net_delay_x_inv_latency-k8s-v2-formal-r1-20260819051334,d07,dual,2,inventory;catalog-gw,RCD_seed4,resource,inventory,inventory,1.0,1.0,1.0,0.5,0.0,0.0,0.0,1.0,0.6131471927654584,0.6131471927654584,0.5,0.5,0.5,0.5
mr2_cross_dependency-net_delay_x_inv_latency-k8s-v2-formal-r1-20260819051334,d07,dual,2,inventory;catalog-gw,delta_ratio,resource,inventory,inventory;mysql;catalog;checkout;host,1.0,1.0,1.0,0.5,0.0,0.0,0.0,1.0,0.6131471927654584,0.6131471927654584,0.5,0.5,0.5,0.5555555555555556
mr2_cross_dependency-net_delay_x_inv_latency-k8s-v2-formal-r1-20260819051334,d07,dual,2,inventory;catalog-gw,delta_z,resource,inventory,inventory;mysql;sasrec;host;catalog,1.0,1.0,1.0,0.5,0.0,0.0,0.0,1.0,0.6131471927654584,0.6131471927654584,0.5,0.5,0.5,0.55
mr2_cross_net-net_delay_x_svc_cpu-k8s-v2-formal-r1-20260819051832,d14,dual,2,catalog-gw;catalog,BARO,full,checkout,checkout;pricing;review-query;catalog;order,0.0,0.0,1.0,0.0,0.0,0.0,0.0,0.0,0.0,0.2640681225725909,0.0,0.0,0.5,0.1607142857142857
mr2_cross_net-net_delay_x_svc_cpu-k8s-v2-formal-r1-20260819051832,d14,dual,2,catalog-gw;catalog,RCD_seed0,full,checkout,checkout;pricing,0.0,0.0,0.0,0.0,0.0,0.0,0.0,0.0,0.0,0.0,0.0,0.0,0.0,0.0
mr2_cross_net-net_delay_x_svc_cpu-k8s-v2-formal-r1-20260819051832,d14,dual,2,catalog-gw;catalog,RCD_seed1,full,pricing,pricing,0.0,0.0,0.0,0.0,0.0,0.0,0.0,0.0,0.0,0.0,0.0,0.0,0.0,0.0
mr2_cross_net-net_delay_x_svc_cpu-k8s-v2-formal-r1-20260819051832,d14,dual,2,catalog-gw;catalog,RCD_seed2,full,cart,cart;checkout,0.0,0.0,0.0,0.0,0.0,0.0,0.0,0.0,0.0,0.0,0.0,0.0,0.0,0.0
mr2_cross_net-net_delay_x_svc_cpu-k8s-v2-formal-r1-20260819051832,d14,dual,2,catalog-gw;catalog,RCD_seed3,full,pricing,pricing;review-query,0.0,0.0,0.0,0.0,0.0,0.0,0.0,0.0,0.0,0.0,0.0,0.0,0.0,0.0
mr2_cross_net-net_delay_x_svc_cpu-k8s-v2-formal-r1-20260819051832,d14,dual,2,catalog-gw;catalog,RCD_seed4,full,pricing,pricing;review-query,0.0,0.0,0.0,0.0,0.0,0.0,0.0,0.0,0.0,0.0,0.0,0.0,0.0,0.0
mr2_cross_net-net_delay_x_svc_cpu-k8s-v2-formal-r1-20260819051832,d14,dual,2,catalog-gw;catalog,delta_ratio,full,catalog,catalog;host;pricing;checkout;review-query,1.0,1.0,1.0,0.5,0.0,0.0,0.0,1.0,0.6131471927654584,0.6131471927654584,0.5,0.5,0.5,0.55
mr2_cross_net-net_delay_x_svc_cpu-k8s-v2-formal-r1-20260819051832,d14,dual,2,catalog-gw;catalog,delta_z,full,catalog,catalog;host;sasrec;checkout;review-query,1.0,1.0,1.0,0.5,0.0,0.0,0.0,1.0,0.6131471927654584,0.6131471927654584,0.5,0.5,0.5,0.5416666666666666
mr2_cross_net-net_delay_x_svc_cpu-k8s-v2-formal-r1-20260819051832,d14,dual,2,catalog-gw;catalog,BARO,resource,catalog,catalog;host;checkout;inventory;review-query,1.0,1.0,1.0,0.5,0.0,0.0,0.0,1.0,0.6131471927654584,0.6131471927654584,0.5,0.5,0.5,0.55
mr2_cross_net-net_delay_x_svc_cpu-k8s-v2-formal-r1-20260819051832,d14,dual,2,catalog-gw;catalog,RCD_seed0,resource,cart,cart;review-query,0.0,0.0,0.0,0.0,0.0,0.0,0.0,0.0,0.0,0.0,0.0,0.0,0.0,0.0
mr2_cross_net-net_delay_x_svc_cpu-k8s-v2-formal-r1-20260819051832,d14,dual,2,catalog-gw;catalog,RCD_seed1,resource,review-query,review-query,0.0,0.0,0.0,0.0,0.0,0.0,0.0,0.0,0.0,0.0,0.0,0.0,0.0,0.0
mr2_cross_net-net_delay_x_svc_cpu-k8s-v2-formal-r1-20260819051832,d14,dual,2,catalog-gw;catalog,RCD_seed2,resource,cart,cart;sasrec;checkout;pricing,0.0,0.0,0.0,0.0,0.0,0.0,0.0,0.0,0.0,0.0,0.0,0.0,0.0,0.0
mr2_cross_net-net_delay_x_svc_cpu-k8s-v2-formal-r1-20260819051832,d14,dual,2,catalog-gw;catalog,RCD_seed3,resource,cart,cart;sasrec;catalog,0.0,1.0,1.0,0.0,0.0,0.0,0.0,0.0,0.3065735963827292,0.3065735963827292,0.0,0.5,0.5,0.16666666666666666
mr2_cross_net-net_delay_x_svc_cpu-k8s-v2-formal-r1-20260819051832,d14,dual,2,catalog-gw;catalog,RCD_seed4,resource,cart,cart;review-query,0.0,0.0,0.0,0.0,0.0,0.0,0.0,0.0,0.0,0.0,0.0,0.0,0.0,0.0
mr2_cross_net-net_delay_x_svc_cpu-k8s-v2-formal-r1-20260819051832,d14,dual,2,catalog-gw;catalog,delta_ratio,resource,catalog,catalog;host;mysql;checkout;inventory,1.0,1.0,1.0,0.5,0.0,0.0,0.0,1.0,0.6131471927654584,0.6131471927654584,0.5,0.5,0.5,0.5625
mr2_cross_net-net_delay_x_svc_cpu-k8s-v2-formal-r1-20260819051832,d14,dual,2,catalog-gw;catalog,delta_z,resource,catalog,catalog;host;sasrec;checkout;inventory,1.0,1.0,1.0,0.5,0.0,0.0,0.0,1.0,0.6131471927654584,0.6131471927654584,0.5,0.5,0.5,0.5416666666666666
mr1_single_lif-pod_failure_single-k8s-v2-formal-r1-20260819052104,s18,single,1,checkout,BARO,full,review-query,review-query;checkout;inventory;pricing;cart,0.0,1.0,1.0,0.0,0.0,1.0,1.0,0.0,0.6309297535714575,0.6309297535714575,0.0,1.0,1.0,0.5
mr1_single_lif-pod_failure_single-k8s-v2-formal-r1-20260819052104,s18,single,1,checkout,RCD_seed0,full,pricing,pricing,0.0,0.0,0.0,0.0,0.0,0.0,0.0,0.0,0.0,0.0,0.0,0.0,0.0,0.0
mr1_single_lif-pod_failure_single-k8s-v2-formal-r1-20260819052104,s18,single,1,checkout,RCD_seed1,full,pricing,pricing,0.0,0.0,0.0,0.0,0.0,0.0,0.0,0.0,0.0,0.0,0.0,0.0,0.0,0.0
mr1_single_lif-pod_failure_single-k8s-v2-formal-r1-20260819052104,s18,single,1,checkout,RCD_seed2,full,backend,backend;catalog,0.0,0.0,0.0,0.0,0.0,0.0,0.0,0.0,0.0,0.0,0.0,0.0,0.0,0.0
mr1_single_lif-pod_failure_single-k8s-v2-formal-r1-20260819052104,s18,single,1,checkout,RCD_seed3,full,checkout,checkout;backend,1.0,1.0,1.0,1.0,1.0,1.0,1.0,1.0,1.0,1.0,1.0,1.0,1.0,1.0
mr1_single_lif-pod_failure_single-k8s-v2-formal-r1-20260819052104,s18,single,1,checkout,RCD_seed4,full,checkout,checkout;pricing,1.0,1.0,1.0,1.0,1.0,1.0,1.0,1.0,1.0,1.0,1.0,1.0,1.0,1.0
mr1_single_lif-pod_failure_single-k8s-v2-formal-r1-20260819052104,s18,single,1,checkout,delta_ratio,full,checkout,checkout;pricing;search;cart;catalog,1.0,1.0,1.0,1.0,1.0,1.0,1.0,1.0,1.0,1.0,1.0,1.0,1.0,1.0
mr1_single_lif-pod_failure_single-k8s-v2-formal-r1-20260819052104,s18,single,1,checkout,delta_z,full,checkout,checkout;order;backend;sasrec;user,1.0,1.0,1.0,1.0,1.0,1.0,1.0,1.0,1.0,1.0,1.0,1.0,1.0,1.0
mr1_single_lif-pod_failure_single-k8s-v2-formal-r1-20260819052104,s18,single,1,checkout,BARO,resource,checkout,checkout;inventory;review-query;cart;pricing,1.0,1.0,1.0,1.0,1.0,1.0,1.0,1.0,1.0,1.0,1.0,1.0,1.0,1.0
mr1_single_lif-pod_failure_single-k8s-v2-formal-r1-20260819052104,s18,single,1,checkout,RCD_seed0,resource,pricing,pricing;checkout;catalog-gw,0.0,1.0,1.0,0.0,0.0,1.0,1.0,0.0,0.6309297535714575,0.6309297535714575,0.0,1.0,1.0,0.5
mr1_single_lif-pod_failure_single-k8s-v2-formal-r1-20260819052104,s18,single,1,checkout,RCD_seed1,resource,backend,backend;checkout,0.0,1.0,1.0,0.0,0.0,1.0,1.0,0.0,0.6309297535714575,0.6309297535714575,0.0,1.0,1.0,0.5
mr1_single_lif-pod_failure_single-k8s-v2-formal-r1-20260819052104,s18,single,1,checkout,RCD_seed2,resource,pricing,pricing;backend,0.0,0.0,0.0,0.0,0.0,0.0,0.0,0.0,0.0,0.0,0.0,0.0,0.0,0.0
mr1_single_lif-pod_failure_single-k8s-v2-formal-r1-20260819052104,s18,single,1,checkout,RCD_seed3,resource,backend,backend;checkout;pricing,0.0,1.0,1.0,0.0,0.0,1.0,1.0,0.0,0.6309297535714575,0.6309297535714575,0.0,1.0,1.0,0.5
mr1_single_lif-pod_failure_single-k8s-v2-formal-r1-20260819052104,s18,single,1,checkout,RCD_seed4,resource,pricing,pricing;checkout,0.0,1.0,1.0,0.0,0.0,1.0,1.0,0.0,0.6309297535714575,0.6309297535714575,0.0,1.0,1.0,0.5
mr1_single_lif-pod_failure_single-k8s-v2-formal-r1-20260819052104,s18,single,1,checkout,delta_ratio,resource,checkout,checkout;host;catalog-gw;backend;catalog,1.0,1.0,1.0,1.0,1.0,1.0,1.0,1.0,1.0,1.0,1.0,1.0,1.0,1.0
mr1_single_lif-pod_failure_single-k8s-v2-formal-r1-20260819052104,s18,single,1,checkout,delta_z,resource,checkout,checkout;order;backend;sasrec;user,1.0,1.0,1.0,1.0,1.0,1.0,1.0,1.0,1.0,1.0,1.0,1.0,1.0,1.0
mr1_single_net-net_delay_single-k8s-v2-formal-r1-20260819052340,s01,single,1,catalog-gw,BARO,full,checkout,checkout;pricing;review-query;search;user,0.0,0.0,0.0,0.0,0.0,0.0,0.0,0.0,0.0,0.0,0.0,0.0,0.0,0.1111111111111111
mr1_single_net-net_delay_single-k8s-v2-formal-r1-20260819052340,s01,single,1,catalog-gw,RCD_seed0,full,search,search;checkout,0.0,0.0,0.0,0.0,0.0,0.0,0.0,0.0,0.0,0.0,0.0,0.0,0.0,0.0
mr1_single_net-net_delay_single-k8s-v2-formal-r1-20260819052340,s01,single,1,catalog-gw,RCD_seed1,full,backend,backend;order,0.0,0.0,0.0,0.0,0.0,0.0,0.0,0.0,0.0,0.0,0.0,0.0,0.0,0.0
mr1_single_net-net_delay_single-k8s-v2-formal-r1-20260819052340,s01,single,1,catalog-gw,RCD_seed2,full,inventory,inventory;review-query,0.0,0.0,0.0,0.0,0.0,0.0,0.0,0.0,0.0,0.0,0.0,0.0,0.0,0.0
mr1_single_net-net_delay_single-k8s-v2-formal-r1-20260819052340,s01,single,1,catalog-gw,RCD_seed3,full,checkout,checkout,0.0,0.0,0.0,0.0,0.0,0.0,0.0,0.0,0.0,0.0,0.0,0.0,0.0,0.0
mr1_single_net-net_delay_single-k8s-v2-formal-r1-20260819052340,s01,single,1,catalog-gw,RCD_seed4,full,backend,backend;inventory,0.0,0.0,0.0,0.0,0.0,0.0,0.0,0.0,0.0,0.0,0.0,0.0,0.0,0.0
mr1_single_net-net_delay_single-k8s-v2-formal-r1-20260819052340,s01,single,1,catalog-gw,delta_ratio,full,pricing,pricing;checkout;catalog-gw;cart;user,0.0,1.0,1.0,0.0,0.0,1.0,1.0,0.0,0.5,0.5,0.0,1.0,1.0,0.3333333333333333
mr1_single_net-net_delay_single-k8s-v2-formal-r1-20260819052340,s01,single,1,catalog-gw,delta_z,full,order,order;search;sasrec;cart;host,0.0,0.0,0.0,0.0,0.0,0.0,0.0,0.0,0.0,0.0,0.0,0.0,0.0,0.09090909090909091
mr1_single_net-net_delay_single-k8s-v2-formal-r1-20260819052340,s01,single,1,catalog-gw,BARO,resource,review-query,review-query;search;user;inventory;backend,0.0,0.0,0.0,0.0,0.0,0.0,0.0,0.0,0.0,0.0,0.0,0.0,0.0,0.16666666666666666
mr1_single_net-net_delay_single-k8s-v2-formal-r1-20260819052340,s01,single,1,catalog-gw,RCD_seed0,resource,catalog-gw,catalog-gw;inventory;backend,1.0,1.0,1.0,1.0,1.0,1.0,1.0,1.0,1.0,1.0,1.0,1.0,1.0,1.0
mr1_single_net-net_delay_single-k8s-v2-formal-r1-20260819052340,s01,single,1,catalog-gw,RCD_seed1,resource,order,order;checkout,0.0,0.0,0.0,0.0,0.0,0.0,0.0,0.0,0.0,0.0,0.0,0.0,0.0,0.0
mr1_single_net-net_delay_single-k8s-v2-formal-r1-20260819052340,s01,single,1,catalog-gw,RCD_seed2,resource,catalog-gw,catalog-gw,1.0,1.0,1.0,1.0,1.0,1.0,1.0,1.0,1.0,1.0,1.0,1.0,1.0,1.0
mr1_single_net-net_delay_single-k8s-v2-formal-r1-20260819052340,s01,single,1,catalog-gw,RCD_seed3,resource,order,order;inventory,0.0,0.0,0.0,0.0,0.0,0.0,0.0,0.0,0.0,0.0,0.0,0.0,0.0,0.0
mr1_single_net-net_delay_single-k8s-v2-formal-r1-20260819052340,s01,single,1,catalog-gw,RCD_seed4,resource,inventory,inventory;checkout,0.0,0.0,0.0,0.0,0.0,0.0,0.0,0.0,0.0,0.0,0.0,0.0,0.0,0.0
mr1_single_net-net_delay_single-k8s-v2-formal-r1-20260819052340,s01,single,1,catalog-gw,delta_ratio,resource,catalog-gw,catalog-gw;order;checkout;review-query;user,1.0,1.0,1.0,1.0,1.0,1.0,1.0,1.0,1.0,1.0,1.0,1.0,1.0,1.0
mr1_single_net-net_delay_single-k8s-v2-formal-r1-20260819052340,s01,single,1,catalog-gw,delta_z,resource,order,order;search;sasrec;cart;host,0.0,0.0,0.0,0.0,0.0,0.0,0.0,0.0,0.0,0.0,0.0,0.0,0.0,0.1111111111111111
mr2_intra_lif-dual_podfail_staggered-k8s-v2-formal-r1-20260819052702,d04,dual,2,catalog;user,BARO,full,pricing,pricing;checkout;catalog;review-query;user,0.0,1.0,1.0,0.0,0.0,0.0,1.0,0.0,0.3065735963827292,0.5437713091520254,0.0,0.5,1.0,0.26666666666666666
mr2_intra_lif-dual_podfail_staggered-k8s-v2-formal-r1-20260819052702,d04,dual,2,catalog;user,RCD_seed0,full,user,user;catalog;search,1.0,1.0,1.0,1.0,0.0,1.0,1.0,1.0,1.0,1.0,0.5,1.0,1.0,0.75
mr2_intra_lif-dual_podfail_staggered-k8s-v2-formal-r1-20260819052702,d04,dual,2,catalog;user,RCD_seed1,full,review-query,review-query;search;catalog-gw;order,0.0,0.0,0.0,0.0,0.0,0.0,0.0,0.0,0.0,0.0,0.0,0.0,0.0,0.0
mr2_intra_lif-dual_podfail_staggered-k8s-v2-formal-r1-20260819052702,d04,dual,2,catalog;user,RCD_seed2,full,cart,cart;search;backend,0.0,0.0,0.0,0.0,0.0,0.0,0.0,0.0,0.0,0.0,0.0,0.0,0.0,0.0
mr2_intra_lif-dual_podfail_staggered-k8s-v2-formal-r1-20260819052702,d04,dual,2,catalog;user,RCD_seed3,full,catalog-gw,catalog-gw;search,0.0,0.0,0.0,0.0,0.0,0.0,0.0,0.0,0.0,0.0,0.0,0.0,0.0,0.0
mr2_intra_lif-dual_podfail_staggered-k8s-v2-formal-r1-20260819052702,d04,dual,2,catalog;user,RCD_seed4,full,user,user;catalog-gw;pricing,1.0,1.0,1.0,0.5,0.0,0.0,0.0,1.0,0.6131471927654584,0.6131471927654584,0.5,0.5,0.5,0.5
mr2_intra_lif-dual_podfail_staggered-k8s-v2-formal-r1-20260819052702,d04,dual,2,catalog;user,delta_ratio,full,pricing,pricing;catalog;checkout;review-query;search,0.0,1.0,1.0,0.5,0.0,0.0,0.0,0.0,0.38685280723454163,0.38685280723454163,0.0,0.5,0.5,0.3055555555555556
mr2_intra_lif-dual_podfail_staggered-k8s-v2-formal-r1-20260819052702,d04,dual,2,catalog;user,delta_z,full,catalog,catalog;pricing;search;checkout;cart,1.0,1.0,1.0,0.5,0.0,0.0,0.0,1.0,0.6131471927654584,0.6131471927654584,0.5,0.5,0.5,0.5625
mr2_intra_lif-dual_podfail_staggered-k8s-v2-formal-r1-20260819052702,d04,dual,2,catalog;user,BARO,resource,catalog,catalog;review-query;pricing;user;backend,1.0,1.0,1.0,0.5,0.0,0.0,1.0,1.0,0.6131471927654584,0.8772153153380493,0.5,0.5,1.0,0.625
mr2_intra_lif-dual_podfail_staggered-k8s-v2-formal-r1-20260819052702,d04,dual,2,catalog;user,RCD_seed0,resource,inventory,inventory;catalog-gw,0.0,0.0,0.0,0.0,0.0,0.0,0.0,0.0,0.0,0.0,0.0,0.0,0.0,0.0
mr2_intra_lif-dual_podfail_staggered-k8s-v2-formal-r1-20260819052702,d04,dual,2,catalog;user,RCD_seed1,resource,user,user;search;catalog,1.0,1.0,1.0,0.5,0.0,1.0,1.0,1.0,0.9197207891481876,0.9197207891481876,0.5,1.0,1.0,0.6666666666666666
mr2_intra_lif-dual_podfail_staggered-k8s-v2-formal-r1-20260819052702,d04,dual,2,catalog;user,RCD_seed2,resource,catalog,catalog;cart,1.0,1.0,1.0,0.5,0.0,0.0,0.0,1.0,0.6131471927654584,0.6131471927654584,0.5,0.5,0.5,0.5
mr2_intra_lif-dual_podfail_staggered-k8s-v2-formal-r1-20260819052702,d04,dual,2,catalog;user,RCD_seed3,resource,backend,backend;pricing;user;search,0.0,1.0,1.0,0.0,0.0,0.0,0.0,0.0,0.3065735963827292,0.3065735963827292,0.0,0.5,0.5,0.16666666666666666
mr2_intra_lif-dual_podfail_staggered-k8s-v2-formal-r1-20260819052702,d04,dual,2,catalog;user,RCD_seed4,resource,order,order,0.0,0.0,0.0,0.0,0.0,0.0,0.0,0.0,0.0,0.0,0.0,0.0,0.0,0.0
mr2_intra_lif-dual_podfail_staggered-k8s-v2-formal-r1-20260819052702,d04,dual,2,catalog;user,delta_ratio,resource,catalog,catalog;search;checkout;order;host,1.0,1.0,1.0,0.5,0.0,0.0,0.0,1.0,0.6131471927654584,0.6131471927654584,0.5,0.5,0.5,0.5714285714285714
mr2_intra_lif-dual_podfail_staggered-k8s-v2-formal-r1-20260819052702,d04,dual,2,catalog;user,delta_z,resource,catalog,catalog;search;cart;backend;checkout,1.0,1.0,1.0,0.5,0.0,0.0,0.0,1.0,0.6131471927654584,0.6131471927654584,0.5,0.5,0.5,0.55
mr2_cross_dependency-catalog_latency_x_net_loss-k8s-v2-formal-r1-20260819054333,d13,dual,2,catalog;catalog-gw,BARO,full,checkout,checkout;pricing;review-query;search;catalog,0.0,0.0,1.0,0.0,0.0,0.0,0.0,0.0,0.0,0.23719771276929622,0.0,0.0,0.5,0.18333333333333335
mr2_cross_dependency-catalog_latency_x_net_loss-k8s-v2-formal-r1-20260819054333,d13,dual,2,catalog;catalog-gw,RCD_seed0,full,checkout,checkout;catalog;user;review-query,0.0,1.0,1.0,0.5,0.0,0.0,0.0,0.0,0.38685280723454163,0.38685280723454163,0.0,0.5,0.5,0.25
mr2_cross_dependency-catalog_latency_x_net_loss-k8s-v2-formal-r1-20260819054333,d13,dual,2,catalog;catalog-gw,RCD_seed1,full,checkout,checkout;catalog;inventory;search;review-query,0.0,1.0,1.0,0.5,0.0,0.0,0.0,0.0,0.38685280723454163,0.38685280723454163,0.0,0.5,0.5,0.25
mr2_cross_dependency-catalog_latency_x_net_loss-k8s-v2-formal-r1-20260819054333,d13,dual,2,catalog;catalog-gw,RCD_seed2,full,checkout,checkout;catalog;inventory,0.0,1.0,1.0,0.5,0.0,0.0,0.0,0.0,0.38685280723454163,0.38685280723454163,0.0,0.5,0.5,0.25
mr2_cross_dependency-catalog_latency_x_net_loss-k8s-v2-formal-r1-20260819054333,d13,dual,2,catalog;catalog-gw,RCD_seed3,full,checkout,checkout;catalog;inventory;review-query,0.0,1.0,1.0,0.5,0.0,0.0,0.0,0.0,0.38685280723454163,0.38685280723454163,0.0,0.5,0.5,0.25
mr2_cross_dependency-catalog_latency_x_net_loss-k8s-v2-formal-r1-20260819054333,d13,dual,2,catalog;catalog-gw,RCD_seed4,full,checkout,checkout;catalog;inventory;review-query,0.0,1.0,1.0,0.5,0.0,0.0,0.0,0.0,0.38685280723454163,0.38685280723454163,0.0,0.5,0.5,0.25
mr2_cross_dependency-catalog_latency_x_net_loss-k8s-v2-formal-r1-20260819054333,d13,dual,2,catalog;catalog-gw,delta_ratio,full,user,user;catalog;pricing;catalog-gw;order,0.0,1.0,1.0,0.5,0.0,0.0,1.0,0.0,0.38685280723454163,0.6509209298071326,0.0,0.5,1.0,0.375
mr2_cross_dependency-catalog_latency_x_net_loss-k8s-v2-formal-r1-20260819054333,d13,dual,2,catalog;catalog-gw,delta_z,full,catalog,catalog;inventory;user;host;order,1.0,1.0,1.0,0.5,0.0,0.0,0.0,1.0,0.6131471927654584,0.6131471927654584,0.5,0.5,0.5,0.5555555555555556
mr2_cross_dependency-catalog_latency_x_net_loss-k8s-v2-formal-r1-20260819054333,d13,dual,2,catalog;catalog-gw,BARO,resource,catalog-gw,catalog-gw;pricing;checkout;catalog;search,1.0,1.0,1.0,0.5,0.0,0.0,1.0,1.0,0.6131471927654584,0.8772153153380493,0.5,0.5,1.0,0.625
mr2_cross_dependency-catalog_latency_x_net_loss-k8s-v2-formal-r1-20260819054333,d13,dual,2,catalog;catalog-gw,RCD_seed0,resource,checkout,checkout;catalog;inventory;review-query,0.0,1.0,1.0,0.5,0.0,0.0,0.0,0.0,0.38685280723454163,0.38685280723454163,0.0,0.5,0.5,0.25
mr2_cross_dependency-catalog_latency_x_net_loss-k8s-v2-formal-r1-20260819054333,d13,dual,2,catalog;catalog-gw,RCD_seed1,resource,checkout,checkout;catalog;sasrec;review-query,0.0,1.0,1.0,0.5,0.0,0.0,0.0,0.0,0.38685280723454163,0.38685280723454163,0.0,0.5,0.5,0.25
mr2_cross_dependency-catalog_latency_x_net_loss-k8s-v2-formal-r1-20260819054333,d13,dual,2,catalog;catalog-gw,RCD_seed2,resource,catalog,catalog;user;checkout,1.0,1.0,1.0,0.5,0.0,0.0,0.0,1.0,0.6131471927654584,0.6131471927654584,0.5,0.5,0.5,0.5
mr2_cross_dependency-catalog_latency_x_net_loss-k8s-v2-formal-r1-20260819054333,d13,dual,2,catalog;catalog-gw,RCD_seed3,resource,catalog,catalog;user;inventory;review-query,1.0,1.0,1.0,0.5,0.0,0.0,0.0,1.0,0.6131471927654584,0.6131471927654584,0.5,0.5,0.5,0.5
mr2_cross_dependency-catalog_latency_x_net_loss-k8s-v2-formal-r1-20260819054333,d13,dual,2,catalog;catalog-gw,RCD_seed4,resource,checkout,checkout;catalog;sasrec;inventory;user,0.0,1.0,1.0,0.5,0.0,0.0,0.0,0.0,0.38685280723454163,0.38685280723454163,0.0,0.5,0.5,0.25
mr2_cross_dependency-catalog_latency_x_net_loss-k8s-v2-formal-r1-20260819054333,d13,dual,2,catalog;catalog-gw,delta_ratio,resource,user,user;catalog;catalog-gw;host;checkout,0.0,1.0,1.0,0.5,0.0,1.0,1.0,0.0,0.6934264036172708,0.6934264036172708,0.0,1.0,1.0,0.41666666666666663
mr2_cross_dependency-catalog_latency_x_net_loss-k8s-v2-formal-r1-20260819054333,d13,dual,2,catalog;catalog-gw,delta_z,resource,catalog,catalog;user;host;pricing;checkout,1.0,1.0,1.0,0.5,0.0,0.0,0.0,1.0,0.6131471927654584,0.6131471927654584,0.5,0.5,0.5,0.5714285714285714
mr3_cross_res-backend_cpu_x_sasrec_cpu_x_gw_netdelay-k8s-v2-formal-r1-20260819055610,t06,triple,3,backend;sasrec;catalog-gw,BARO,full,sasrec,sasrec;pricing;checkout;backend;host,1.0,1.0,1.0,0.3333333333333333,0.0,0.0,0.0,1.0,0.46927872602275644,0.6713860725233041,0.3333333333333333,0.3333333333333333,0.6666666666666666,0.46428571428571425
mr3_cross_res-backend_cpu_x_sasrec_cpu_x_gw_netdelay-k8s-v2-formal-r1-20260819055610,t06,triple,3,backend;sasrec;catalog-gw,RCD_seed0,full,backend,backend,1.0,1.0,1.0,0.3333333333333333,0.0,0.0,0.0,1.0,0.46927872602275644,0.46927872602275644,0.3333333333333333,0.3333333333333333,0.3333333333333333,0.3333333333333333
mr3_cross_res-backend_cpu_x_sasrec_cpu_x_gw_netdelay-k8s-v2-formal-r1-20260819055610,t06,triple,3,backend;sasrec;catalog-gw,RCD_seed1,full,pricing,pricing,0.0,0.0,0.0,0.0,0.0,0.0,0.0,0.0,0.0,0.0,0.0,0.0,0.0,0.0
mr3_cross_res-backend_cpu_x_sasrec_cpu_x_gw_netdelay-k8s-v2-formal-r1-20260819055610,t06,triple,3,backend;sasrec;catalog-gw,RCD_seed2,full,backend,backend;checkout,1.0,1.0,1.0,0.3333333333333333,0.0,0.0,0.0,1.0,0.46927872602275644,0.46927872602275644,0.3333333333333333,0.3333333333333333,0.3333333333333333,0.3333333333333333
mr3_cross_res-backend_cpu_x_sasrec_cpu_x_gw_netdelay-k8s-v2-formal-r1-20260819055610,t06,triple,3,backend;sasrec;catalog-gw,RCD_seed3,full,backend,backend,1.0,1.0,1.0,0.3333333333333333,0.0,0.0,0.0,1.0,0.46927872602275644,0.46927872602275644,0.3333333333333333,0.3333333333333333,0.3333333333333333,0.3333333333333333
mr3_cross_res-backend_cpu_x_sasrec_cpu_x_gw_netdelay-k8s-v2-formal-r1-20260819055610,t06,triple,3,backend;sasrec;catalog-gw,RCD_seed4,full,backend,backend,1.0,1.0,1.0,0.3333333333333333,0.0,0.0,0.0,1.0,0.46927872602275644,0.46927872602275644,0.3333333333333333,0.3333333333333333,0.3333333333333333,0.3333333333333333
mr3_cross_res-backend_cpu_x_sasrec_cpu_x_gw_netdelay-k8s-v2-formal-r1-20260819055610,t06,triple,3,backend;sasrec;catalog-gw,delta_ratio,full,backend,backend;sasrec;host;mysql;pricing,1.0,1.0,1.0,0.6666666666666666,0.0,0.0,0.0,1.0,0.7653606369886217,0.7653606369886217,0.3333333333333333,0.6666666666666666,0.6666666666666666,0.5333333333333333
mr3_cross_res-backend_cpu_x_sasrec_cpu_x_gw_netdelay-k8s-v2-formal-r1-20260819055610,t06,triple,3,backend;sasrec;catalog-gw,delta_z,full,sasrec,sasrec;backend;host;mysql;pricing,1.0,1.0,1.0,0.6666666666666666,0.0,0.0,0.0,1.0,0.7653606369886217,0.7653606369886217,0.3333333333333333,0.6666666666666666,0.6666666666666666,0.5303030303030303
mr3_cross_res-backend_cpu_x_sasrec_cpu_x_gw_netdelay-k8s-v2-formal-r1-20260819055610,t06,triple,3,backend;sasrec;catalog-gw,BARO,resource,backend,backend;sasrec;host;catalog-gw;catalog,1.0,1.0,1.0,0.6666666666666666,0.0,0.0,1.0,1.0,0.7653606369886217,0.9674679834891693,0.3333333333333333,0.6666666666666666,1.0,0.5833333333333334
mr3_cross_res-backend_cpu_x_sasrec_cpu_x_gw_netdelay-k8s-v2-formal-r1-20260819055610,t06,triple,3,backend;sasrec;catalog-gw,RCD_seed0,resource,backend,backend,1.0,1.0,1.0,0.3333333333333333,0.0,0.0,0.0,1.0,0.46927872602275644,0.46927872602275644,0.3333333333333333,0.3333333333333333,0.3333333333333333,0.3333333333333333
mr3_cross_res-backend_cpu_x_sasrec_cpu_x_gw_netdelay-k8s-v2-formal-r1-20260819055610,t06,triple,3,backend;sasrec;catalog-gw,RCD_seed1,resource,backend,backend,1.0,1.0,1.0,0.3333333333333333,0.0,0.0,0.0,1.0,0.46927872602275644,0.46927872602275644,0.3333333333333333,0.3333333333333333,0.3333333333333333,0.3333333333333333
mr3_cross_res-backend_cpu_x_sasrec_cpu_x_gw_netdelay-k8s-v2-formal-r1-20260819055610,t06,triple,3,backend;sasrec;catalog-gw,RCD_seed2,resource,backend,backend,1.0,1.0,1.0,0.3333333333333333,0.0,0.0,0.0,1.0,0.46927872602275644,0.46927872602275644,0.3333333333333333,0.3333333333333333,0.3333333333333333,0.3333333333333333
mr3_cross_res-backend_cpu_x_sasrec_cpu_x_gw_netdelay-k8s-v2-formal-r1-20260819055610,t06,triple,3,backend;sasrec;catalog-gw,RCD_seed3,resource,backend,backend,1.0,1.0,1.0,0.3333333333333333,0.0,0.0,0.0,1.0,0.46927872602275644,0.46927872602275644,0.3333333333333333,0.3333333333333333,0.3333333333333333,0.3333333333333333
mr3_cross_res-backend_cpu_x_sasrec_cpu_x_gw_netdelay-k8s-v2-formal-r1-20260819055610,t06,triple,3,backend;sasrec;catalog-gw,RCD_seed4,resource,backend,backend,1.0,1.0,1.0,0.3333333333333333,0.0,0.0,0.0,1.0,0.46927872602275644,0.46927872602275644,0.3333333333333333,0.3333333333333333,0.3333333333333333,0.3333333333333333
mr3_cross_res-backend_cpu_x_sasrec_cpu_x_gw_netdelay-k8s-v2-formal-r1-20260819055610,t06,triple,3,backend;sasrec;catalog-gw,delta_ratio,resource,backend,backend;sasrec;host;mysql;checkout,1.0,1.0,1.0,0.6666666666666666,0.0,0.0,0.0,1.0,0.7653606369886217,0.7653606369886217,0.3333333333333333,0.6666666666666666,0.6666666666666666,0.5303030303030303
mr3_cross_res-backend_cpu_x_sasrec_cpu_x_gw_netdelay-k8s-v2-formal-r1-20260819055610,t06,triple,3,backend;sasrec;catalog-gw,delta_z,resource,backend,backend;sasrec;host;mysql;catalog,1.0,1.0,1.0,0.6666666666666666,0.0,0.0,0.0,1.0,0.7653606369886217,0.7653606369886217,0.3333333333333333,0.6666666666666666,0.6666666666666666,0.5555555555555556
mr2_intra_res-cart_cpu_x_order_cpu-k8s-v2-formal-r1-20260819060845,d18,dual,2,cart;order,BARO,full,order,order;cart;checkout;host;catalog-gw,1.0,1.0,1.0,1.0,0.0,1.0,1.0,1.0,1.0,1.0,0.5,1.0,1.0,0.75
mr2_intra_res-cart_cpu_x_order_cpu-k8s-v2-formal-r1-20260819060845,d18,dual,2,cart;order,RCD_seed0,full,cart,cart,1.0,1.0,1.0,0.5,0.0,0.0,0.0,1.0,0.6131471927654584,0.6131471927654584,0.5,0.5,0.5,0.5
mr2_intra_res-cart_cpu_x_order_cpu-k8s-v2-formal-r1-20260819060845,d18,dual,2,cart;order,RCD_seed1,full,cart,cart,1.0,1.0,1.0,0.5,0.0,0.0,0.0,1.0,0.6131471927654584,0.6131471927654584,0.5,0.5,0.5,0.5
mr2_intra_res-cart_cpu_x_order_cpu-k8s-v2-formal-r1-20260819060845,d18,dual,2,cart;order,RCD_seed2,full,cart,cart,1.0,1.0,1.0,0.5,0.0,0.0,0.0,1.0,0.6131471927654584,0.6131471927654584,0.5,0.5,0.5,0.5
mr2_intra_res-cart_cpu_x_order_cpu-k8s-v2-formal-r1-20260819060845,d18,dual,2,cart;order,RCD_seed3,full,cart,cart,1.0,1.0,1.0,0.5,0.0,0.0,0.0,1.0,0.6131471927654584,0.6131471927654584,0.5,0.5,0.5,0.5
mr2_intra_res-cart_cpu_x_order_cpu-k8s-v2-formal-r1-20260819060845,d18,dual,2,cart;order,RCD_seed4,full,cart,cart,1.0,1.0,1.0,0.5,0.0,0.0,0.0,1.0,0.6131471927654584,0.6131471927654584,0.5,0.5,0.5,0.5
mr2_intra_res-cart_cpu_x_order_cpu-k8s-v2-formal-r1-20260819060845,d18,dual,2,cart;order,delta_ratio,full,order,order;cart;host;checkout;review-query,1.0,1.0,1.0,1.0,0.0,1.0,1.0,1.0,1.0,1.0,0.5,1.0,1.0,0.75
mr2_intra_res-cart_cpu_x_order_cpu-k8s-v2-formal-r1-20260819060845,d18,dual,2,cart;order,delta_z,full,order,order;cart;host;review-query;checkout,1.0,1.0,1.0,1.0,0.0,1.0,1.0,1.0,1.0,1.0,0.5,1.0,1.0,0.75
mr2_intra_res-cart_cpu_x_order_cpu-k8s-v2-formal-r1-20260819060845,d18,dual,2,cart;order,BARO,resource,order,order;cart;host;catalog-gw;catalog,1.0,1.0,1.0,1.0,0.0,1.0,1.0,1.0,1.0,1.0,0.5,1.0,1.0,0.75
mr2_intra_res-cart_cpu_x_order_cpu-k8s-v2-formal-r1-20260819060845,d18,dual,2,cart;order,RCD_seed0,resource,cart,cart,1.0,1.0,1.0,0.5,0.0,0.0,0.0,1.0,0.6131471927654584,0.6131471927654584,0.5,0.5,0.5,0.5
mr2_intra_res-cart_cpu_x_order_cpu-k8s-v2-formal-r1-20260819060845,d18,dual,2,cart;order,RCD_seed1,resource,cart,cart,1.0,1.0,1.0,0.5,0.0,0.0,0.0,1.0,0.6131471927654584,0.6131471927654584,0.5,0.5,0.5,0.5
mr2_intra_res-cart_cpu_x_order_cpu-k8s-v2-formal-r1-20260819060845,d18,dual,2,cart;order,RCD_seed2,resource,cart,cart,1.0,1.0,1.0,0.5,0.0,0.0,0.0,1.0,0.6131471927654584,0.6131471927654584,0.5,0.5,0.5,0.5
mr2_intra_res-cart_cpu_x_order_cpu-k8s-v2-formal-r1-20260819060845,d18,dual,2,cart;order,RCD_seed3,resource,cart,cart,1.0,1.0,1.0,0.5,0.0,0.0,0.0,1.0,0.6131471927654584,0.6131471927654584,0.5,0.5,0.5,0.5
mr2_intra_res-cart_cpu_x_order_cpu-k8s-v2-formal-r1-20260819060845,d18,dual,2,cart;order,RCD_seed4,resource,cart,cart,1.0,1.0,1.0,0.5,0.0,0.0,0.0,1.0,0.6131471927654584,0.6131471927654584,0.5,0.5,0.5,0.5
mr2_intra_res-cart_cpu_x_order_cpu-k8s-v2-formal-r1-20260819060845,d18,dual,2,cart;order,delta_ratio,resource,order,order;cart;host;sasrec;backend,1.0,1.0,1.0,1.0,0.0,1.0,1.0,1.0,1.0,1.0,0.5,1.0,1.0,0.75
mr2_intra_res-cart_cpu_x_order_cpu-k8s-v2-formal-r1-20260819060845,d18,dual,2,cart;order,delta_z,resource,order,order;cart;host;catalog-gw;inventory,1.0,1.0,1.0,1.0,0.0,1.0,1.0,1.0,1.0,1.0,0.5,1.0,1.0,0.75
mr3_mixed_class_dependency-inv_latency_x_cfg_timeout_x_retry-k8s-v2-formal-r1-20260819061711,t02,dual,2,inventory;catalog-gw,BARO,full,checkout,checkout;inventory;cart;pricing;catalog-gw,0.0,1.0,1.0,0.5,0.0,0.0,1.0,0.0,0.38685280723454163,0.6240505200038379,0.0,0.5,1.0,0.35
mr3_mixed_class_dependency-inv_latency_x_cfg_timeout_x_retry-k8s-v2-formal-r1-20260819061711,t02,dual,2,inventory;catalog-gw,RCD_seed0,full,search,search;inventory,0.0,1.0,1.0,0.5,0.0,0.0,0.0,0.0,0.38685280723454163,0.38685280723454163,0.0,0.5,0.5,0.25
mr3_mixed_class_dependency-inv_latency_x_cfg_timeout_x_retry-k8s-v2-formal-r1-20260819061711,t02,dual,2,inventory;catalog-gw,RCD_seed1,full,inventory,inventory,1.0,1.0,1.0,0.5,0.0,0.0,0.0,1.0,0.6131471927654584,0.6131471927654584,0.5,0.5,0.5,0.5
mr3_mixed_class_dependency-inv_latency_x_cfg_timeout_x_retry-k8s-v2-formal-r1-20260819061711,t02,dual,2,inventory;catalog-gw,RCD_seed2,full,order,order;inventory,0.0,1.0,1.0,0.5,0.0,0.0,0.0,0.0,0.38685280723454163,0.38685280723454163,0.0,0.5,0.5,0.25
mr3_mixed_class_dependency-inv_latency_x_cfg_timeout_x_retry-k8s-v2-formal-r1-20260819061711,t02,dual,2,inventory;catalog-gw,RCD_seed3,full,search,search;inventory,0.0,1.0,1.0,0.5,0.0,0.0,0.0,0.0,0.38685280723454163,0.38685280723454163,0.0,0.5,0.5,0.25
mr3_mixed_class_dependency-inv_latency_x_cfg_timeout_x_retry-k8s-v2-formal-r1-20260819061711,t02,dual,2,inventory;catalog-gw,RCD_seed4,full,checkout,checkout;search;inventory,0.0,1.0,1.0,0.0,0.0,0.0,0.0,0.0,0.3065735963827292,0.3065735963827292,0.0,0.5,0.5,0.16666666666666666
mr3_mixed_class_dependency-inv_latency_x_cfg_timeout_x_retry-k8s-v2-formal-r1-20260819061711,t02,dual,2,inventory;catalog-gw,delta_ratio,full,pricing,pricing;checkout;inventory;user;catalog,0.0,1.0,1.0,0.0,0.0,0.0,0.0,0.0,0.3065735963827292,0.3065735963827292,0.0,0.5,0.5,0.21666666666666667
mr3_mixed_class_dependency-inv_latency_x_cfg_timeout_x_retry-k8s-v2-formal-r1-20260819061711,t02,dual,2,inventory;catalog-gw,delta_z,full,inventory,inventory;pricing;checkout;backend;order,1.0,1.0,1.0,0.5,0.0,0.0,0.0,1.0,0.6131471927654584,0.6131471927654584,0.5,0.5,0.5,0.5384615384615384
mr3_mixed_class_dependency-inv_latency_x_cfg_timeout_x_retry-k8s-v2-formal-r1-20260819061711,t02,dual,2,inventory;catalog-gw,BARO,resource,inventory,inventory;catalog-gw;order;catalog;host,1.0,1.0,1.0,1.0,0.0,1.0,1.0,1.0,1.0,1.0,0.5,1.0,1.0,0.75
mr3_mixed_class_dependency-inv_latency_x_cfg_timeout_x_retry-k8s-v2-formal-r1-20260819061711,t02,dual,2,inventory;catalog-gw,RCD_seed0,resource,inventory,inventory,1.0,1.0,1.0,0.5,0.0,0.0,0.0,1.0,0.6131471927654584,0.6131471927654584,0.5,0.5,0.5,0.5
mr3_mixed_class_dependency-inv_latency_x_cfg_timeout_x_retry-k8s-v2-formal-r1-20260819061711,t02,dual,2,inventory;catalog-gw,RCD_seed1,resource,inventory,inventory;order,1.0,1.0,1.0,0.5,0.0,0.0,0.0,1.0,0.6131471927654584,0.6131471927654584,0.5,0.5,0.5,0.5
mr3_mixed_class_dependency-inv_latency_x_cfg_timeout_x_retry-k8s-v2-formal-r1-20260819061711,t02,dual,2,inventory;catalog-gw,RCD_seed2,resource,pricing,pricing;inventory,0.0,1.0,1.0,0.5,0.0,0.0,0.0,0.0,0.38685280723454163,0.38685280723454163,0.0,0.5,0.5,0.25
mr3_mixed_class_dependency-inv_latency_x_cfg_timeout_x_retry-k8s-v2-formal-r1-20260819061711,t02,dual,2,inventory;catalog-gw,RCD_seed3,resource,inventory,inventory,1.0,1.0,1.0,0.5,0.0,0.0,0.0,1.0,0.6131471927654584,0.6131471927654584,0.5,0.5,0.5,0.5
mr3_mixed_class_dependency-inv_latency_x_cfg_timeout_x_retry-k8s-v2-formal-r1-20260819061711,t02,dual,2,inventory;catalog-gw,RCD_seed4,resource,inventory,inventory,1.0,1.0,1.0,0.5,0.0,0.0,0.0,1.0,0.6131471927654584,0.6131471927654584,0.5,0.5,0.5,0.5
mr3_mixed_class_dependency-inv_latency_x_cfg_timeout_x_retry-k8s-v2-formal-r1-20260819061711,t02,dual,2,inventory;catalog-gw,delta_ratio,resource,inventory,inventory;checkout;catalog;pricing;cart,1.0,1.0,1.0,0.5,0.0,0.0,0.0,1.0,0.6131471927654584,0.6131471927654584,0.5,0.5,0.5,0.5714285714285714
mr3_mixed_class_dependency-inv_latency_x_cfg_timeout_x_retry-k8s-v2-formal-r1-20260819061711,t02,dual,2,inventory;catalog-gw,delta_z,resource,inventory,inventory;order;host;cart;checkout,1.0,1.0,1.0,0.5,0.0,0.0,0.0,1.0,0.6131471927654584,0.6131471927654584,0.5,0.5,0.5,0.5416666666666666
mr2_cross_lif-checkout_podfail_x_inv_latency-k8s-v2-formal-r1-20260819063334,d17,dual,2,checkout;inventory,BARO,full,checkout,checkout;inventory;catalog-gw;pricing;sasrec,1.0,1.0,1.0,1.0,0.0,1.0,1.0,1.0,1.0,1.0,0.5,1.0,1.0,0.75
mr2_cross_lif-checkout_podfail_x_inv_latency-k8s-v2-formal-r1-20260819063334,d17,dual,2,checkout;inventory,RCD_seed0,full,user,user,0.0,0.0,0.0,0.0,0.0,0.0,0.0,0.0,0.0,0.0,0.0,0.0,0.0,0.0
mr2_cross_lif-checkout_podfail_x_inv_latency-k8s-v2-formal-r1-20260819063334,d17,dual,2,checkout;inventory,RCD_seed1,full,user,user,0.0,0.0,0.0,0.0,0.0,0.0,0.0,0.0,0.0,0.0,0.0,0.0,0.0,0.0
mr2_cross_lif-checkout_podfail_x_inv_latency-k8s-v2-formal-r1-20260819063334,d17,dual,2,checkout;inventory,RCD_seed2,full,user,user,0.0,0.0,0.0,0.0,0.0,0.0,0.0,0.0,0.0,0.0,0.0,0.0,0.0,0.0
mr2_cross_lif-checkout_podfail_x_inv_latency-k8s-v2-formal-r1-20260819063334,d17,dual,2,checkout;inventory,RCD_seed3,full,user,user,0.0,0.0,0.0,0.0,0.0,0.0,0.0,0.0,0.0,0.0,0.0,0.0,0.0,0.0
mr2_cross_lif-checkout_podfail_x_inv_latency-k8s-v2-formal-r1-20260819063334,d17,dual,2,checkout;inventory,RCD_seed4,full,user,user,0.0,0.0,0.0,0.0,0.0,0.0,0.0,0.0,0.0,0.0,0.0,0.0,0.0,0.0
mr2_cross_lif-checkout_podfail_x_inv_latency-k8s-v2-formal-r1-20260819063334,d17,dual,2,checkout;inventory,delta_ratio,full,inventory,inventory;checkout;catalog;user;pricing,1.0,1.0,1.0,1.0,0.0,1.0,1.0,1.0,1.0,1.0,0.5,1.0,1.0,0.75
mr2_cross_lif-checkout_podfail_x_inv_latency-k8s-v2-formal-r1-20260819063334,d17,dual,2,checkout;inventory,delta_z,full,checkout,checkout;inventory;sasrec;catalog;host,1.0,1.0,1.0,1.0,0.0,1.0,1.0,1.0,1.0,1.0,0.5,1.0,1.0,0.75
mr2_cross_lif-checkout_podfail_x_inv_latency-k8s-v2-formal-r1-20260819063334,d17,dual,2,checkout;inventory,BARO,resource,checkout,checkout;catalog-gw;inventory;search;catalog,1.0,1.0,1.0,0.5,0.0,1.0,1.0,1.0,0.9197207891481876,0.9197207891481876,0.5,1.0,1.0,0.6666666666666666
mr2_cross_lif-checkout_podfail_x_inv_latency-k8s-v2-formal-r1-20260819063334,d17,dual,2,checkout;inventory,RCD_seed0,resource,user,user,0.0,0.0,0.0,0.0,0.0,0.0,0.0,0.0,0.0,0.0,0.0,0.0,0.0,0.0
mr2_cross_lif-checkout_podfail_x_inv_latency-k8s-v2-formal-r1-20260819063334,d17,dual,2,checkout;inventory,RCD_seed1,resource,user,user,0.0,0.0,0.0,0.0,0.0,0.0,0.0,0.0,0.0,0.0,0.0,0.0,0.0,0.0
mr2_cross_lif-checkout_podfail_x_inv_latency-k8s-v2-formal-r1-20260819063334,d17,dual,2,checkout;inventory,RCD_seed2,resource,user,user,0.0,0.0,0.0,0.0,0.0,0.0,0.0,0.0,0.0,0.0,0.0,0.0,0.0,0.0
mr2_cross_lif-checkout_podfail_x_inv_latency-k8s-v2-formal-r1-20260819063334,d17,dual,2,checkout;inventory,RCD_seed3,resource,user,user,0.0,0.0,0.0,0.0,0.0,0.0,0.0,0.0,0.0,0.0,0.0,0.0,0.0,0.0
mr2_cross_lif-checkout_podfail_x_inv_latency-k8s-v2-formal-r1-20260819063334,d17,dual,2,checkout;inventory,RCD_seed4,resource,user,user,0.0,0.0,0.0,0.0,0.0,0.0,0.0,0.0,0.0,0.0,0.0,0.0,0.0,0.0
mr2_cross_lif-checkout_podfail_x_inv_latency-k8s-v2-formal-r1-20260819063334,d17,dual,2,checkout;inventory,delta_ratio,resource,inventory,inventory;checkout;catalog;review-query;backend,1.0,1.0,1.0,1.0,0.0,1.0,1.0,1.0,1.0,1.0,0.5,1.0,1.0,0.75
mr2_cross_lif-checkout_podfail_x_inv_latency-k8s-v2-formal-r1-20260819063334,d17,dual,2,checkout;inventory,delta_z,resource,checkout,checkout;inventory;sasrec;catalog;host,1.0,1.0,1.0,1.0,0.0,1.0,1.0,1.0,1.0,1.0,0.5,1.0,1.0,0.75
mr2_intra_net-net_delay_x_net_loss-k8s-v2-formal-r1-20260819063709,d02,single,1,catalog-gw,BARO,full,checkout,checkout;pricing;catalog;order;catalog-gw,0.0,0.0,1.0,0.0,0.0,0.0,1.0,0.0,0.0,0.38685280723454163,0.0,0.0,1.0,0.2
mr2_intra_net-net_delay_x_net_loss-k8s-v2-formal-r1-20260819063709,d02,single,1,catalog-gw,RCD_seed0,full,inventory,inventory,0.0,0.0,0.0,0.0,0.0,0.0,0.0,0.0,0.0,0.0,0.0,0.0,0.0,0.0
mr2_intra_net-net_delay_x_net_loss-k8s-v2-formal-r1-20260819063709,d02,single,1,catalog-gw,RCD_seed1,full,cart,cart,0.0,0.0,0.0,0.0,0.0,0.0,0.0,0.0,0.0,0.0,0.0,0.0,0.0,0.0
mr2_intra_net-net_delay_x_net_loss-k8s-v2-formal-r1-20260819063709,d02,single,1,catalog-gw,RCD_seed2,full,inventory,inventory;pricing,0.0,0.0,0.0,0.0,0.0,0.0,0.0,0.0,0.0,0.0,0.0,0.0,0.0,0.0
mr2_intra_net-net_delay_x_net_loss-k8s-v2-formal-r1-20260819063709,d02,single,1,catalog-gw,RCD_seed3,full,cart,cart;inventory,0.0,0.0,0.0,0.0,0.0,0.0,0.0,0.0,0.0,0.0,0.0,0.0,0.0,0.0
mr2_intra_net-net_delay_x_net_loss-k8s-v2-formal-r1-20260819063709,d02,single,1,catalog-gw,RCD_seed4,full,pricing,pricing;inventory,0.0,0.0,0.0,0.0,0.0,0.0,0.0,0.0,0.0,0.0,0.0,0.0,0.0,0.0
mr2_intra_net-net_delay_x_net_loss-k8s-v2-formal-r1-20260819063709,d02,single,1,catalog-gw,delta_ratio,full,pricing,pricing;checkout;catalog;catalog-gw;cart,0.0,0.0,1.0,0.0,0.0,0.0,1.0,0.0,0.0,0.43067655807339306,0.0,0.0,1.0,0.25
mr2_intra_net-net_delay_x_net_loss-k8s-v2-formal-r1-20260819063709,d02,single,1,catalog-gw,delta_z,full,pricing,pricing;checkout;sasrec;user;host,0.0,0.0,0.0,0.0,0.0,0.0,0.0,0.0,0.0,0.0,0.0,0.0,0.0,0.09090909090909091
mr2_intra_net-net_delay_x_net_loss-k8s-v2-formal-r1-20260819063709,d02,single,1,catalog-gw,BARO,resource,checkout,checkout;pricing;catalog;catalog-gw;search,0.0,0.0,1.0,0.0,0.0,0.0,1.0,0.0,0.0,0.43067655807339306,0.0,0.0,1.0,0.25
mr2_intra_net-net_delay_x_net_loss-k8s-v2-formal-r1-20260819063709,d02,single,1,catalog-gw,RCD_seed0,resource,inventory,inventory;pricing,0.0,0.0,0.0,0.0,0.0,0.0,0.0,0.0,0.0,0.0,0.0,0.0,0.0,0.0
mr2_intra_net-net_delay_x_net_loss-k8s-v2-formal-r1-20260819063709,d02,single,1,catalog-gw,RCD_seed1,resource,cart,cart,0.0,0.0,0.0,0.0,0.0,0.0,0.0,0.0,0.0,0.0,0.0,0.0,0.0,0.0
mr2_intra_net-net_delay_x_net_loss-k8s-v2-formal-r1-20260819063709,d02,single,1,catalog-gw,RCD_seed2,resource,cart,cart;user,0.0,0.0,0.0,0.0,0.0,0.0,0.0,0.0,0.0,0.0,0.0,0.0,0.0,0.0
mr2_intra_net-net_delay_x_net_loss-k8s-v2-formal-r1-20260819063709,d02,single,1,catalog-gw,RCD_seed3,resource,inventory,inventory;user,0.0,0.0,0.0,0.0,0.0,0.0,0.0,0.0,0.0,0.0,0.0,0.0,0.0,0.0
mr2_intra_net-net_delay_x_net_loss-k8s-v2-formal-r1-20260819063709,d02,single,1,catalog-gw,RCD_seed4,resource,inventory,inventory;user,0.0,0.0,0.0,0.0,0.0,0.0,0.0,0.0,0.0,0.0,0.0,0.0,0.0,0.0
mr2_intra_net-net_delay_x_net_loss-k8s-v2-formal-r1-20260819063709,d02,single,1,catalog-gw,delta_ratio,resource,catalog-gw,catalog-gw;catalog;user;pricing;host,1.0,1.0,1.0,1.0,1.0,1.0,1.0,1.0,1.0,1.0,1.0,1.0,1.0,1.0
mr2_intra_net-net_delay_x_net_loss-k8s-v2-formal-r1-20260819063709,d02,single,1,catalog-gw,delta_z,resource,sasrec,sasrec;user;host;order;checkout,0.0,0.0,0.0,0.0,0.0,0.0,0.0,0.0,0.0,0.0,0.0,0.0,0.0,0.09090909090909091
mr2_cross_dependency-catalog_latency_x_cfg_timeout-k8s-v2-formal-r1-20260819064218,d12,dual,2,catalog;catalog-gw,BARO,full,review-query,review-query;catalog;pricing;checkout;search,0.0,1.0,1.0,0.5,0.0,0.0,0.0,0.0,0.38685280723454163,0.38685280723454163,0.0,0.5,0.5,0.2916666666666667
mr2_cross_dependency-catalog_latency_x_cfg_timeout-k8s-v2-formal-r1-20260819064218,d12,dual,2,catalog;catalog-gw,RCD_seed0,full,review-query,review-query;search;catalog,0.0,1.0,1.0,0.0,0.0,0.0,0.0,0.0,0.3065735963827292,0.3065735963827292,0.0,0.5,0.5,0.16666666666666666
mr2_cross_dependency-catalog_latency_x_cfg_timeout-k8s-v2-formal-r1-20260819064218,d12,dual,2,catalog;catalog-gw,RCD_seed1,full,pricing,pricing;review-query;catalog,0.0,1.0,1.0,0.0,0.0,0.0,0.0,0.0,0.3065735963827292,0.3065735963827292,0.0,0.5,0.5,0.16666666666666666
mr2_cross_dependency-catalog_latency_x_cfg_timeout-k8s-v2-formal-r1-20260819064218,d12,dual,2,catalog;catalog-gw,RCD_seed2,full,pricing,pricing;checkout,0.0,0.0,0.0,0.0,0.0,0.0,0.0,0.0,0.0,0.0,0.0,0.0,0.0,0.0
mr2_cross_dependency-catalog_latency_x_cfg_timeout-k8s-v2-formal-r1-20260819064218,d12,dual,2,catalog;catalog-gw,RCD_seed3,full,catalog,catalog;checkout;pricing,1.0,1.0,1.0,0.5,0.0,0.0,0.0,1.0,0.6131471927654584,0.6131471927654584,0.5,0.5,0.5,0.5
mr2_cross_dependency-catalog_latency_x_cfg_timeout-k8s-v2-formal-r1-20260819064218,d12,dual,2,catalog;catalog-gw,RCD_seed4,full,checkout,checkout;order;catalog,0.0,1.0,1.0,0.0,0.0,0.0,0.0,0.0,0.3065735963827292,0.3065735963827292,0.0,0.5,0.5,0.16666666666666666
mr2_cross_dependency-catalog_latency_x_cfg_timeout-k8s-v2-formal-r1-20260819064218,d12,dual,2,catalog;catalog-gw,delta_ratio,full,pricing,pricing;search;catalog;review-query;checkout,0.0,1.0,1.0,0.0,0.0,0.0,0.0,0.0,0.3065735963827292,0.3065735963827292,0.0,0.5,0.5,0.21666666666666667
mr2_cross_dependency-catalog_latency_x_cfg_timeout-k8s-v2-formal-r1-20260819064218,d12,dual,2,catalog;catalog-gw,delta_z,full,catalog,catalog;pricing;search;cart;sasrec,1.0,1.0,1.0,0.5,0.0,0.0,0.0,1.0,0.6131471927654584,0.6131471927654584,0.5,0.5,0.5,0.5416666666666666
mr2_cross_dependency-catalog_latency_x_cfg_timeout-k8s-v2-formal-r1-20260819064218,d12,dual,2,catalog;catalog-gw,BARO,resource,catalog,catalog;checkout;pricing;review-query;user,1.0,1.0,1.0,0.5,0.0,0.0,0.0,1.0,0.6131471927654584,0.6131471927654584,0.5,0.5,0.5,0.5625
mr2_cross_dependency-catalog_latency_x_cfg_timeout-k8s-v2-formal-r1-20260819064218,d12,dual,2,catalog;catalog-gw,RCD_seed0,resource,checkout,checkout;order;inventory,0.0,0.0,0.0,0.0,0.0,0.0,0.0,0.0,0.0,0.0,0.0,0.0,0.0,0.0
mr2_cross_dependency-catalog_latency_x_cfg_timeout-k8s-v2-formal-r1-20260819064218,d12,dual,2,catalog;catalog-gw,RCD_seed1,resource,catalog,catalog,1.0,1.0,1.0,0.5,0.0,0.0,0.0,1.0,0.6131471927654584,0.6131471927654584,0.5,0.5,0.5,0.5
mr2_cross_dependency-catalog_latency_x_cfg_timeout-k8s-v2-formal-r1-20260819064218,d12,dual,2,catalog;catalog-gw,RCD_seed2,resource,catalog,catalog;inventory,1.0,1.0,1.0,0.5,0.0,0.0,0.0,1.0,0.6131471927654584,0.6131471927654584,0.5,0.5,0.5,0.5
mr2_cross_dependency-catalog_latency_x_cfg_timeout-k8s-v2-formal-r1-20260819064218,d12,dual,2,catalog;catalog-gw,RCD_seed3,resource,review-query,review-query;order,0.0,0.0,0.0,0.0,0.0,0.0,0.0,0.0,0.0,0.0,0.0,0.0,0.0,0.0
mr2_cross_dependency-catalog_latency_x_cfg_timeout-k8s-v2-formal-r1-20260819064218,d12,dual,2,catalog;catalog-gw,RCD_seed4,resource,review-query,review-query;catalog,0.0,1.0,1.0,0.5,0.0,0.0,0.0,0.0,0.38685280723454163,0.38685280723454163,0.0,0.5,0.5,0.25
mr2_cross_dependency-catalog_latency_x_cfg_timeout-k8s-v2-formal-r1-20260819064218,d12,dual,2,catalog;catalog-gw,delta_ratio,resource,catalog,catalog;review-query;pricing;search;cart,1.0,1.0,1.0,0.5,0.0,0.0,0.0,1.0,0.6131471927654584,0.6131471927654584,0.5,0.5,0.5,0.5416666666666666
mr2_cross_dependency-catalog_latency_x_cfg_timeout-k8s-v2-formal-r1-20260819064218,d12,dual,2,catalog;catalog-gw,delta_z,resource,catalog,catalog;cart;sasrec;host;search,1.0,1.0,1.0,0.5,0.0,0.0,0.0,1.0,0.6131471927654584,0.6131471927654584,0.5,0.5,0.5,0.5384615384615384
mr1_single_lif-pod_failure_single-k8s-v2-formal-r1-20260819064453,s14,single,1,order,BARO,full,review-query,review-query;order;backend;search;pricing,0.0,1.0,1.0,0.0,0.0,1.0,1.0,0.0,0.6309297535714575,0.6309297535714575,0.0,1.0,1.0,0.5
mr1_single_lif-pod_failure_single-k8s-v2-formal-r1-20260819064453,s14,single,1,order,RCD_seed0,full,checkout,checkout;order,0.0,1.0,1.0,0.0,0.0,1.0,1.0,0.0,0.6309297535714575,0.6309297535714575,0.0,1.0,1.0,0.5
mr1_single_lif-pod_failure_single-k8s-v2-formal-r1-20260819064453,s14,single,1,order,RCD_seed1,full,backend,backend;pricing,0.0,0.0,0.0,0.0,0.0,0.0,0.0,0.0,0.0,0.0,0.0,0.0,0.0,0.0
mr1_single_lif-pod_failure_single-k8s-v2-formal-r1-20260819064453,s14,single,1,order,RCD_seed2,full,order,order,1.0,1.0,1.0,1.0,1.0,1.0,1.0,1.0,1.0,1.0,1.0,1.0,1.0,1.0
mr1_single_lif-pod_failure_single-k8s-v2-formal-r1-20260819064453,s14,single,1,order,RCD_seed3,full,inventory,inventory;order,0.0,1.0,1.0,0.0,0.0,1.0,1.0,0.0,0.6309297535714575,0.6309297535714575,0.0,1.0,1.0,0.5
mr1_single_lif-pod_failure_single-k8s-v2-formal-r1-20260819064453,s14,single,1,order,RCD_seed4,full,inventory,inventory;pricing,0.0,0.0,0.0,0.0,0.0,0.0,0.0,0.0,0.0,0.0,0.0,0.0,0.0,0.0
mr1_single_lif-pod_failure_single-k8s-v2-formal-r1-20260819064453,s14,single,1,order,delta_ratio,full,order,order;mysql;catalog-gw;catalog;checkout,1.0,1.0,1.0,1.0,1.0,1.0,1.0,1.0,1.0,1.0,1.0,1.0,1.0,1.0
mr1_single_lif-pod_failure_single-k8s-v2-formal-r1-20260819064453,s14,single,1,order,delta_z,full,order,order;catalog-gw;review-query;mysql;sasrec,1.0,1.0,1.0,1.0,1.0,1.0,1.0,1.0,1.0,1.0,1.0,1.0,1.0,1.0
mr1_single_lif-pod_failure_single-k8s-v2-formal-r1-20260819064453,s14,single,1,order,BARO,resource,order,order;backend;review-query;pricing;inventory,1.0,1.0,1.0,1.0,1.0,1.0,1.0,1.0,1.0,1.0,1.0,1.0,1.0,1.0
mr1_single_lif-pod_failure_single-k8s-v2-formal-r1-20260819064453,s14,single,1,order,RCD_seed0,resource,order,order;catalog-gw,1.0,1.0,1.0,1.0,1.0,1.0,1.0,1.0,1.0,1.0,1.0,1.0,1.0,1.0
mr1_single_lif-pod_failure_single-k8s-v2-formal-r1-20260819064453,s14,single,1,order,RCD_seed1,resource,checkout,checkout,0.0,0.0,0.0,0.0,0.0,0.0,0.0,0.0,0.0,0.0,0.0,0.0,0.0,0.0
mr1_single_lif-pod_failure_single-k8s-v2-formal-r1-20260819064453,s14,single,1,order,RCD_seed2,resource,catalog-gw,catalog-gw,0.0,0.0,0.0,0.0,0.0,0.0,0.0,0.0,0.0,0.0,0.0,0.0,0.0,0.0
mr1_single_lif-pod_failure_single-k8s-v2-formal-r1-20260819064453,s14,single,1,order,RCD_seed3,resource,catalog-gw,catalog-gw;order,0.0,1.0,1.0,0.0,0.0,1.0,1.0,0.0,0.6309297535714575,0.6309297535714575,0.0,1.0,1.0,0.5
mr1_single_lif-pod_failure_single-k8s-v2-formal-r1-20260819064453,s14,single,1,order,RCD_seed4,resource,order,order;pricing,1.0,1.0,1.0,1.0,1.0,1.0,1.0,1.0,1.0,1.0,1.0,1.0,1.0,1.0
mr1_single_lif-pod_failure_single-k8s-v2-formal-r1-20260819064453,s14,single,1,order,delta_ratio,resource,mysql,mysql;order;catalog-gw;catalog;host,0.0,1.0,1.0,0.0,0.0,1.0,1.0,0.0,0.6309297535714575,0.6309297535714575,0.0,1.0,1.0,0.5
mr1_single_lif-pod_failure_single-k8s-v2-formal-r1-20260819064453,s14,single,1,order,delta_z,resource,order,order;catalog-gw;mysql;sasrec;backend,1.0,1.0,1.0,1.0,1.0,1.0,1.0,1.0,1.0,1.0,1.0,1.0,1.0,1.0
mr1_single_net-net_delay_single-k8s-v2-formal-r1-20260819065219,s21,single,1,rec-agent,BARO,full,rec-agent,rec-agent;sasrec;catalog;catalog-gw;inventory,1.0,1.0,1.0,1.0,1.0,1.0,1.0,1.0,1.0,1.0,1.0,1.0,1.0,1.0
mr1_single_net-net_delay_single-k8s-v2-formal-r1-20260819065219,s21,single,1,rec-agent,RCD_seed0,full,rec-agent,rec-agent,1.0,1.0,1.0,1.0,1.0,1.0,1.0,1.0,1.0,1.0,1.0,1.0,1.0,1.0
mr1_single_net-net_delay_single-k8s-v2-formal-r1-20260819065219,s21,single,1,rec-agent,RCD_seed1,full,rec-agent,rec-agent,1.0,1.0,1.0,1.0,1.0,1.0,1.0,1.0,1.0,1.0,1.0,1.0,1.0,1.0
mr1_single_net-net_delay_single-k8s-v2-formal-r1-20260819065219,s21,single,1,rec-agent,RCD_seed2,full,rec-agent,rec-agent,1.0,1.0,1.0,1.0,1.0,1.0,1.0,1.0,1.0,1.0,1.0,1.0,1.0,1.0
mr1_single_net-net_delay_single-k8s-v2-formal-r1-20260819065219,s21,single,1,rec-agent,RCD_seed3,full,rec-agent,rec-agent,1.0,1.0,1.0,1.0,1.0,1.0,1.0,1.0,1.0,1.0,1.0,1.0,1.0,1.0
mr1_single_net-net_delay_single-k8s-v2-formal-r1-20260819065219,s21,single,1,rec-agent,RCD_seed4,full,rec-agent,rec-agent,1.0,1.0,1.0,1.0,1.0,1.0,1.0,1.0,1.0,1.0,1.0,1.0,1.0,1.0
mr1_single_net-net_delay_single-k8s-v2-formal-r1-20260819065219,s21,single,1,rec-agent,delta_ratio,full,rec-agent,rec-agent;order;user;cart;inventory,1.0,1.0,1.0,1.0,1.0,1.0,1.0,1.0,1.0,1.0,1.0,1.0,1.0,1.0
mr1_single_net-net_delay_single-k8s-v2-formal-r1-20260819065219,s21,single,1,rec-agent,delta_z,full,sasrec,sasrec;order;rec-agent;host;inventory,0.0,1.0,1.0,0.0,0.0,1.0,1.0,0.0,0.5,0.5,0.0,1.0,1.0,0.3333333333333333
mr1_single_net-net_delay_single-k8s-v2-formal-r1-20260819065219,s21,single,1,rec-agent,BARO,resource,catalog,catalog;catalog-gw;pricing;review-query;cart,0.0,0.0,0.0,0.0,0.0,0.0,0.0,0.0,0.0,0.0,0.0,0.0,0.0,0.09090909090909091
mr1_single_net-net_delay_single-k8s-v2-formal-r1-20260819065219,s21,single,1,rec-agent,RCD_seed0,resource,pricing,pricing;cart;review-query;catalog-gw,0.0,0.0,0.0,0.0,0.0,0.0,0.0,0.0,0.0,0.0,0.0,0.0,0.0,0.0
mr1_single_net-net_delay_single-k8s-v2-formal-r1-20260819065219,s21,single,1,rec-agent,RCD_seed1,resource,pricing,pricing;cart;review-query,0.0,0.0,0.0,0.0,0.0,0.0,0.0,0.0,0.0,0.0,0.0,0.0,0.0,0.0
mr1_single_net-net_delay_single-k8s-v2-formal-r1-20260819065219,s21,single,1,rec-agent,RCD_seed2,resource,pricing,pricing;cart;review-query;catalog-gw;order,0.0,0.0,0.0,0.0,0.0,0.0,0.0,0.0,0.0,0.0,0.0,0.0,0.0,0.0
mr1_single_net-net_delay_single-k8s-v2-formal-r1-20260819065219,s21,single,1,rec-agent,RCD_seed3,resource,cart,cart;pricing;catalog-gw,0.0,0.0,0.0,0.0,0.0,0.0,0.0,0.0,0.0,0.0,0.0,0.0,0.0,0.0
mr1_single_net-net_delay_single-k8s-v2-formal-r1-20260819065219,s21,single,1,rec-agent,RCD_seed4,resource,pricing,pricing;host;cart;catalog-gw,0.0,0.0,0.0,0.0,0.0,0.0,0.0,0.0,0.0,0.0,0.0,0.0,0.0,0.0
mr1_single_net-net_delay_single-k8s-v2-formal-r1-20260819065219,s21,single,1,rec-agent,delta_ratio,resource,rec-agent,rec-agent;order;host;inventory;search,1.0,1.0,1.0,1.0,1.0,1.0,1.0,1.0,1.0,1.0,1.0,1.0,1.0,1.0
mr1_single_net-net_delay_single-k8s-v2-formal-r1-20260819065219,s21,single,1,rec-agent,delta_z,resource,sasrec,sasrec;order;host;pricing;user,0.0,0.0,0.0,0.0,0.0,0.0,0.0,0.0,0.0,0.0,0.0,0.0,0.0,0.1111111111111111
mr3_cross_lif-order_podfail_x_reviewquery_cpu_x_catalog_cpu-k8s-v2-formal-r1-20260819070455,t08,triple,3,order;review-query;catalog,BARO,full,order,order;catalog;review-query;checkout;host,1.0,1.0,1.0,1.0,0.0,1.0,1.0,1.0,1.0,1.0,0.3333333333333333,1.0,1.0,0.611111111111111
mr3_cross_lif-order_podfail_x_reviewquery_cpu_x_catalog_cpu-k8s-v2-formal-r1-20260819070455,t08,triple,3,order;review-query;catalog,RCD_seed0,full,user,user;pricing;review-query,0.0,1.0,1.0,0.3333333333333333,0.0,0.0,0.0,0.0,0.23463936301137822,0.23463936301137822,0.0,0.3333333333333333,0.3333333333333333,0.1111111111111111
mr3_cross_lif-order_podfail_x_reviewquery_cpu_x_catalog_cpu-k8s-v2-formal-r1-20260819070455,t08,triple,3,order;review-query;catalog,RCD_seed1,full,sasrec,sasrec;user,0.0,0.0,0.0,0.0,0.0,0.0,0.0,0.0,0.0,0.0,0.0,0.0,0.0,0.0
mr3_cross_lif-order_podfail_x_reviewquery_cpu_x_catalog_cpu-k8s-v2-formal-r1-20260819070455,t08,triple,3,order;review-query;catalog,RCD_seed2,full,review-query,review-query,1.0,1.0,1.0,0.3333333333333333,0.0,0.0,0.0,1.0,0.46927872602275644,0.46927872602275644,0.3333333333333333,0.3333333333333333,0.3333333333333333,0.3333333333333333
mr3_cross_lif-order_podfail_x_reviewquery_cpu_x_catalog_cpu-k8s-v2-formal-r1-20260819070455,t08,triple,3,order;review-query;catalog,RCD_seed3,full,user,user,0.0,0.0,0.0,0.0,0.0,0.0,0.0,0.0,0.0,0.0,0.0,0.0,0.0,0.0
mr3_cross_lif-order_podfail_x_reviewquery_cpu_x_catalog_cpu-k8s-v2-formal-r1-20260819070455,t08,triple,3,order;review-query;catalog,RCD_seed4,full,sasrec,sasrec;review-query,0.0,1.0,1.0,0.3333333333333333,0.0,0.0,0.0,0.0,0.2960819109658652,0.2960819109658652,0.0,0.3333333333333333,0.3333333333333333,0.16666666666666666
mr3_cross_lif-order_podfail_x_reviewquery_cpu_x_catalog_cpu-k8s-v2-formal-r1-20260819070455,t08,triple,3,order;review-query;catalog,delta_ratio,full,catalog,catalog;review-query;host;checkout;pricing,1.0,1.0,1.0,0.6666666666666666,0.0,0.0,0.0,1.0,0.7653606369886217,0.7653606369886217,0.3333333333333333,0.6666666666666666,0.6666666666666666,0.5555555555555556
mr3_cross_lif-order_podfail_x_reviewquery_cpu_x_catalog_cpu-k8s-v2-formal-r1-20260819070455,t08,triple,3,order;review-query;catalog,delta_z,full,order,order;catalog;review-query;host;mysql,1.0,1.0,1.0,1.0,0.0,1.0,1.0,1.0,1.0,1.0,0.3333333333333333,1.0,1.0,0.611111111111111
mr3_cross_lif-order_podfail_x_reviewquery_cpu_x_catalog_cpu-k8s-v2-formal-r1-20260819070455,t08,triple,3,order;review-query;catalog,BARO,resource,catalog,catalog;order;review-query;host;catalog-gw,1.0,1.0,1.0,1.0,0.0,1.0,1.0,1.0,1.0,1.0,0.3333333333333333,1.0,1.0,0.611111111111111
mr3_cross_lif-order_podfail_x_reviewquery_cpu_x_catalog_cpu-k8s-v2-formal-r1-20260819070455,t08,triple,3,order;review-query;catalog,RCD_seed0,resource,user,user;pricing,0.0,0.0,0.0,0.0,0.0,0.0,0.0,0.0,0.0,0.0,0.0,0.0,0.0,0.0
mr3_cross_lif-order_podfail_x_reviewquery_cpu_x_catalog_cpu-k8s-v2-formal-r1-20260819070455,t08,triple,3,order;review-query;catalog,RCD_seed1,resource,user,user,0.0,0.0,0.0,0.0,0.0,0.0,0.0,0.0,0.0,0.0,0.0,0.0,0.0,0.0
mr3_cross_lif-order_podfail_x_reviewquery_cpu_x_catalog_cpu-k8s-v2-formal-r1-20260819070455,t08,triple,3,order;review-query;catalog,RCD_seed2,resource,user,user;pricing,0.0,0.0,0.0,0.0,0.0,0.0,0.0,0.0,0.0,0.0,0.0,0.0,0.0,0.0
mr3_cross_lif-order_podfail_x_reviewquery_cpu_x_catalog_cpu-k8s-v2-formal-r1-20260819070455,t08,triple,3,order;review-query;catalog,RCD_seed3,resource,pricing,pricing;user,0.0,0.0,0.0,0.0,0.0,0.0,0.0,0.0,0.0,0.0,0.0,0.0,0.0,0.0
mr3_cross_lif-order_podfail_x_reviewquery_cpu_x_catalog_cpu-k8s-v2-formal-r1-20260819070455,t08,triple,3,order;review-query;catalog,RCD_seed4,resource,user,user;sasrec,0.0,0.0,0.0,0.0,0.0,0.0,0.0,0.0,0.0,0.0,0.0,0.0,0.0,0.0
mr3_cross_lif-order_podfail_x_reviewquery_cpu_x_catalog_cpu-k8s-v2-formal-r1-20260819070455,t08,triple,3,order;review-query;catalog,delta_ratio,resource,catalog,catalog;review-query;host;order;mysql,1.0,1.0,1.0,0.6666666666666666,0.0,0.0,1.0,1.0,0.7653606369886217,0.9674679834891693,0.3333333333333333,0.6666666666666666,1.0,0.5833333333333334
mr3_cross_lif-order_podfail_x_reviewquery_cpu_x_catalog_cpu-k8s-v2-formal-r1-20260819070455,t08,triple,3,order;review-query;catalog,delta_z,resource,order,order;catalog;review-query;host;mysql,1.0,1.0,1.0,1.0,0.0,1.0,1.0,1.0,1.0,1.0,0.3333333333333333,1.0,1.0,0.611111111111111
mr2_cross_net-net_delay_x_podfail-k8s-v2-formal-r1-20260819071247,d08,dual,2,catalog-gw;user,BARO,full,checkout,checkout;pricing;catalog-gw;user;catalog,0.0,1.0,1.0,0.0,0.0,0.0,1.0,0.0,0.3065735963827292,0.5706417189553201,0.0,0.5,1.0,0.29166666666666663
mr2_cross_net-net_delay_x_podfail-k8s-v2-formal-r1-20260819071247,d08,dual,2,catalog-gw;user,RCD_seed0,full,cart,cart,0.0,0.0,0.0,0.0,0.0,0.0,0.0,0.0,0.0,0.0,0.0,0.0,0.0,0.0
mr2_cross_net-net_delay_x_podfail-k8s-v2-formal-r1-20260819071247,d08,dual,2,catalog-gw;user,RCD_seed1,full,cart,cart,0.0,0.0,0.0,0.0,0.0,0.0,0.0,0.0,0.0,0.0,0.0,0.0,0.0,0.0
mr2_cross_net-net_delay_x_podfail-k8s-v2-formal-r1-20260819071247,d08,dual,2,catalog-gw;user,RCD_seed2,full,cart,cart,0.0,0.0,0.0,0.0,0.0,0.0,0.0,0.0,0.0,0.0,0.0,0.0,0.0,0.0
mr2_cross_net-net_delay_x_podfail-k8s-v2-formal-r1-20260819071247,d08,dual,2,catalog-gw;user,RCD_seed3,full,cart,cart,0.0,0.0,0.0,0.0,0.0,0.0,0.0,0.0,0.0,0.0,0.0,0.0,0.0,0.0
mr2_cross_net-net_delay_x_podfail-k8s-v2-formal-r1-20260819071247,d08,dual,2,catalog-gw;user,RCD_seed4,full,cart,cart,0.0,0.0,0.0,0.0,0.0,0.0,0.0,0.0,0.0,0.0,0.0,0.0,0.0,0.0
mr2_cross_net-net_delay_x_podfail-k8s-v2-formal-r1-20260819071247,d08,dual,2,catalog-gw;user,delta_ratio,full,pricing,pricing;checkout;catalog;backend;cart,0.0,0.0,0.0,0.0,0.0,0.0,0.0,0.0,0.0,0.0,0.0,0.0,0.0,0.13333333333333333
mr2_cross_net-net_delay_x_podfail-k8s-v2-formal-r1-20260819071247,d08,dual,2,catalog-gw;user,delta_z,full,checkout,checkout;pricing;host;catalog;user,0.0,0.0,1.0,0.0,0.0,0.0,0.0,0.0,0.0,0.23719771276929622,0.0,0.0,0.5,0.17142857142857143
mr2_cross_net-net_delay_x_podfail-k8s-v2-formal-r1-20260819071247,d08,dual,2,catalog-gw;user,BARO,resource,catalog-gw,catalog-gw;user;catalog;review-query;pricing,1.0,1.0,1.0,1.0,0.0,1.0,1.0,1.0,1.0,1.0,0.5,1.0,1.0,0.75
mr2_cross_net-net_delay_x_podfail-k8s-v2-formal-r1-20260819071247,d08,dual,2,catalog-gw;user,RCD_seed0,resource,cart,cart,0.0,0.0,0.0,0.0,0.0,0.0,0.0,0.0,0.0,0.0,0.0,0.0,0.0,0.0
mr2_cross_net-net_delay_x_podfail-k8s-v2-formal-r1-20260819071247,d08,dual,2,catalog-gw;user,RCD_seed1,resource,cart,cart,0.0,0.0,0.0,0.0,0.0,0.0,0.0,0.0,0.0,0.0,0.0,0.0,0.0,0.0
mr2_cross_net-net_delay_x_podfail-k8s-v2-formal-r1-20260819071247,d08,dual,2,catalog-gw;user,RCD_seed2,resource,cart,cart,0.0,0.0,0.0,0.0,0.0,0.0,0.0,0.0,0.0,0.0,0.0,0.0,0.0,0.0
mr2_cross_net-net_delay_x_podfail-k8s-v2-formal-r1-20260819071247,d08,dual,2,catalog-gw;user,RCD_seed3,resource,cart,cart,0.0,0.0,0.0,0.0,0.0,0.0,0.0,0.0,0.0,0.0,0.0,0.0,0.0,0.0
mr2_cross_net-net_delay_x_podfail-k8s-v2-formal-r1-20260819071247,d08,dual,2,catalog-gw;user,RCD_seed4,resource,cart,cart,0.0,0.0,0.0,0.0,0.0,0.0,0.0,0.0,0.0,0.0,0.0,0.0,0.0,0.0
mr2_cross_net-net_delay_x_podfail-k8s-v2-formal-r1-20260819071247,d08,dual,2,catalog-gw;user,delta_ratio,resource,user,user;host;catalog;sasrec;order,1.0,1.0,1.0,0.5,0.0,0.0,0.0,1.0,0.6131471927654584,0.6131471927654584,0.5,0.5,0.5,0.5625
mr2_cross_net-net_delay_x_podfail-k8s-v2-formal-r1-20260819071247,d08,dual,2,catalog-gw;user,delta_z,resource,host,host;user;sasrec;catalog-gw;catalog,0.0,1.0,1.0,0.5,0.0,0.0,1.0,0.0,0.38685280723454163,0.6509209298071326,0.0,0.5,1.0,0.375
mr1_single_lif-pod_failure_single-k8s-v2-formal-r1-20260819071520,s15,single,1,cart,BARO,full,review-query,review-query;sasrec;inventory;cart;order,0.0,0.0,1.0,0.0,0.0,0.0,1.0,0.0,0.0,0.43067655807339306,0.0,0.0,1.0,0.25
mr1_single_lif-pod_failure_single-k8s-v2-formal-r1-20260819071520,s15,single,1,cart,RCD_seed0,full,order,order;search,0.0,0.0,0.0,0.0,0.0,0.0,0.0,0.0,0.0,0.0,0.0,0.0,0.0,0.0
mr1_single_lif-pod_failure_single-k8s-v2-formal-r1-20260819071520,s15,single,1,cart,RCD_seed1,full,catalog-gw,catalog-gw;checkout,0.0,0.0,0.0,0.0,0.0,0.0,0.0,0.0,0.0,0.0,0.0,0.0,0.0,0.0
mr1_single_lif-pod_failure_single-k8s-v2-formal-r1-20260819071520,s15,single,1,cart,RCD_seed2,full,search,search;cart,0.0,1.0,1.0,0.0,0.0,1.0,1.0,0.0,0.6309297535714575,0.6309297535714575,0.0,1.0,1.0,0.5
mr1_single_lif-pod_failure_single-k8s-v2-formal-r1-20260819071520,s15,single,1,cart,RCD_seed3,full,inventory,inventory;catalog,0.0,0.0,0.0,0.0,0.0,0.0,0.0,0.0,0.0,0.0,0.0,0.0,0.0,0.0
mr1_single_lif-pod_failure_single-k8s-v2-formal-r1-20260819071520,s15,single,1,cart,RCD_seed4,full,catalog-gw,catalog-gw;search,0.0,0.0,0.0,0.0,0.0,0.0,0.0,0.0,0.0,0.0,0.0,0.0,0.0,0.0
mr1_single_lif-pod_failure_single-k8s-v2-formal-r1-20260819071520,s15,single,1,cart,delta_ratio,full,cart,cart;mysql;inventory;checkout;catalog-gw,1.0,1.0,1.0,1.0,1.0,1.0,1.0,1.0,1.0,1.0,1.0,1.0,1.0,1.0
mr1_single_lif-pod_failure_single-k8s-v2-formal-r1-20260819071520,s15,single,1,cart,delta_z,full,cart,cart;backend;mysql;catalog-gw;pricing,1.0,1.0,1.0,1.0,1.0,1.0,1.0,1.0,1.0,1.0,1.0,1.0,1.0,1.0
mr1_single_lif-pod_failure_single-k8s-v2-formal-r1-20260819071520,s15,single,1,cart,BARO,resource,cart,cart;pricing;catalog-gw;catalog;backend,1.0,1.0,1.0,1.0,1.0,1.0,1.0,1.0,1.0,1.0,1.0,1.0,1.0,1.0
mr1_single_lif-pod_failure_single-k8s-v2-formal-r1-20260819071520,s15,single,1,cart,RCD_seed0,resource,order,order;search,0.0,0.0,0.0,0.0,0.0,0.0,0.0,0.0,0.0,0.0,0.0,0.0,0.0,0.0
mr1_single_lif-pod_failure_single-k8s-v2-formal-r1-20260819071520,s15,single,1,cart,RCD_seed1,resource,pricing,pricing;checkout;order,0.0,0.0,0.0,0.0,0.0,0.0,0.0,0.0,0.0,0.0,0.0,0.0,0.0,0.0
mr1_single_lif-pod_failure_single-k8s-v2-formal-r1-20260819071520,s15,single,1,cart,RCD_seed2,resource,checkout,checkout;cart,0.0,1.0,1.0,0.0,0.0,1.0,1.0,0.0,0.6309297535714575,0.6309297535714575,0.0,1.0,1.0,0.5
mr1_single_lif-pod_failure_single-k8s-v2-formal-r1-20260819071520,s15,single,1,cart,RCD_seed3,resource,search,search;checkout,0.0,0.0,0.0,0.0,0.0,0.0,0.0,0.0,0.0,0.0,0.0,0.0,0.0,0.0
mr1_single_lif-pod_failure_single-k8s-v2-formal-r1-20260819071520,s15,single,1,cart,RCD_seed4,resource,checkout,checkout;backend,0.0,0.0,0.0,0.0,0.0,0.0,0.0,0.0,0.0,0.0,0.0,0.0,0.0,0.0
mr1_single_lif-pod_failure_single-k8s-v2-formal-r1-20260819071520,s15,single,1,cart,delta_ratio,resource,mysql,mysql;cart;checkout;catalog-gw;catalog,0.0,1.0,1.0,0.0,0.0,1.0,1.0,0.0,0.6309297535714575,0.6309297535714575,0.0,1.0,1.0,0.5
mr1_single_lif-pod_failure_single-k8s-v2-formal-r1-20260819071520,s15,single,1,cart,delta_z,resource,cart,cart;mysql;catalog-gw;pricing;order,1.0,1.0,1.0,1.0,1.0,1.0,1.0,1.0,1.0,1.0,1.0,1.0,1.0,1.0
mr1_single_dependency-catalog_latency_single-k8s-v2-formal-r1-20260819071851,s08,single,1,catalog,BARO,full,catalog,catalog;pricing;checkout;review-query;search,1.0,1.0,1.0,1.0,1.0,1.0,1.0,1.0,1.0,1.0,1.0,1.0,1.0,1.0
mr1_single_dependency-catalog_latency_single-k8s-v2-formal-r1-20260819071851,s08,single,1,catalog,RCD_seed0,full,catalog,catalog;pricing,1.0,1.0,1.0,1.0,1.0,1.0,1.0,1.0,1.0,1.0,1.0,1.0,1.0,1.0
mr1_single_dependency-catalog_latency_single-k8s-v2-formal-r1-20260819071851,s08,single,1,catalog,RCD_seed1,full,catalog,catalog;checkout,1.0,1.0,1.0,1.0,1.0,1.0,1.0,1.0,1.0,1.0,1.0,1.0,1.0,1.0
mr1_single_dependency-catalog_latency_single-k8s-v2-formal-r1-20260819071851,s08,single,1,catalog,RCD_seed2,full,catalog,catalog,1.0,1.0,1.0,1.0,1.0,1.0,1.0,1.0,1.0,1.0,1.0,1.0,1.0,1.0
mr1_single_dependency-catalog_latency_single-k8s-v2-formal-r1-20260819071851,s08,single,1,catalog,RCD_seed3,full,catalog,catalog;checkout,1.0,1.0,1.0,1.0,1.0,1.0,1.0,1.0,1.0,1.0,1.0,1.0,1.0,1.0
mr1_single_dependency-catalog_latency_single-k8s-v2-formal-r1-20260819071851,s08,single,1,catalog,RCD_seed4,full,pricing,pricing;search,0.0,0.0,0.0,0.0,0.0,0.0,0.0,0.0,0.0,0.0,0.0,0.0,0.0,0.0
mr1_single_dependency-catalog_latency_single-k8s-v2-formal-r1-20260819071851,s08,single,1,catalog,delta_ratio,full,search,search;catalog;pricing;review-query;checkout,0.0,1.0,1.0,0.0,0.0,1.0,1.0,0.0,0.6309297535714575,0.6309297535714575,0.0,1.0,1.0,0.5
mr1_single_dependency-catalog_latency_single-k8s-v2-formal-r1-20260819071851,s08,single,1,catalog,delta_z,full,catalog,catalog;search;pricing;host;checkout,1.0,1.0,1.0,1.0,1.0,1.0,1.0,1.0,1.0,1.0,1.0,1.0,1.0,1.0
mr1_single_dependency-catalog_latency_single-k8s-v2-formal-r1-20260819071851,s08,single,1,catalog,BARO,resource,catalog,catalog;pricing;mysql;catalog-gw;host,1.0,1.0,1.0,1.0,1.0,1.0,1.0,1.0,1.0,1.0,1.0,1.0,1.0,1.0
mr1_single_dependency-catalog_latency_single-k8s-v2-formal-r1-20260819071851,s08,single,1,catalog,RCD_seed0,resource,catalog,catalog;catalog-gw,1.0,1.0,1.0,1.0,1.0,1.0,1.0,1.0,1.0,1.0,1.0,1.0,1.0,1.0
mr1_single_dependency-catalog_latency_single-k8s-v2-formal-r1-20260819071851,s08,single,1,catalog,RCD_seed1,resource,catalog-gw,catalog-gw;pricing;catalog,0.0,1.0,1.0,0.0,0.0,1.0,1.0,0.0,0.5,0.5,0.0,1.0,1.0,0.3333333333333333
mr1_single_dependency-catalog_latency_single-k8s-v2-formal-r1-20260819071851,s08,single,1,catalog,RCD_seed2,resource,catalog,catalog,1.0,1.0,1.0,1.0,1.0,1.0,1.0,1.0,1.0,1.0,1.0,1.0,1.0,1.0
mr1_single_dependency-catalog_latency_single-k8s-v2-formal-r1-20260819071851,s08,single,1,catalog,RCD_seed3,resource,pricing,pricing;catalog,0.0,1.0,1.0,0.0,0.0,1.0,1.0,0.0,0.6309297535714575,0.6309297535714575,0.0,1.0,1.0,0.5
mr1_single_dependency-catalog_latency_single-k8s-v2-formal-r1-20260819071851,s08,single,1,catalog,RCD_seed4,resource,pricing,pricing;catalog,0.0,1.0,1.0,0.0,0.0,1.0,1.0,0.0,0.6309297535714575,0.6309297535714575,0.0,1.0,1.0,0.5
mr1_single_dependency-catalog_latency_single-k8s-v2-formal-r1-20260819071851,s08,single,1,catalog,delta_ratio,resource,catalog-gw,catalog-gw;catalog;host;pricing;mysql,0.0,1.0,1.0,0.0,0.0,1.0,1.0,0.0,0.6309297535714575,0.6309297535714575,0.0,1.0,1.0,0.5
mr1_single_dependency-catalog_latency_single-k8s-v2-formal-r1-20260819071851,s08,single,1,catalog,delta_z,resource,catalog,catalog;pricing;host;catalog-gw;mysql,1.0,1.0,1.0,1.0,1.0,1.0,1.0,1.0,1.0,1.0,1.0,1.0,1.0,1.0
mr1_single_res-db_lock_single-k8s-v2-formal-r1-20260819072051,s06,single,1,mysql,BARO,full,order,order;checkout;cart;catalog;pricing,0.0,0.0,0.0,0.0,0.0,0.0,0.0,0.0,0.0,0.0,0.0,0.0,0.0,0.06666666666666667
mr1_single_res-db_lock_single-k8s-v2-formal-r1-20260819072051,s06,single,1,mysql,RCD_seed0,full,user,user,0.0,0.0,0.0,0.0,0.0,0.0,0.0,0.0,0.0,0.0,0.0,0.0,0.0,0.0
mr1_single_res-db_lock_single-k8s-v2-formal-r1-20260819072051,s06,single,1,mysql,RCD_seed1,full,backend,backend;pricing,0.0,0.0,0.0,0.0,0.0,0.0,0.0,0.0,0.0,0.0,0.0,0.0,0.0,0.0
mr1_single_res-db_lock_single-k8s-v2-formal-r1-20260819072051,s06,single,1,mysql,RCD_seed2,full,catalog-gw,catalog-gw;user;checkout,0.0,0.0,0.0,0.0,0.0,0.0,0.0,0.0,0.0,0.0,0.0,0.0,0.0,0.0
mr1_single_res-db_lock_single-k8s-v2-formal-r1-20260819072051,s06,single,1,mysql,RCD_seed3,full,pricing,pricing;review-query,0.0,0.0,0.0,0.0,0.0,0.0,0.0,0.0,0.0,0.0,0.0,0.0,0.0,0.0
mr1_single_res-db_lock_single-k8s-v2-formal-r1-20260819072051,s06,single,1,mysql,RCD_seed4,full,pricing,pricing;catalog-gw,0.0,0.0,0.0,0.0,0.0,0.0,0.0,0.0,0.0,0.0,0.0,0.0,0.0,0.0
mr1_single_res-db_lock_single-k8s-v2-formal-r1-20260819072051,s06,single,1,mysql,delta_ratio,full,pricing,pricing;cart;catalog;checkout;order,0.0,0.0,0.0,0.0,0.0,0.0,0.0,0.0,0.0,0.0,0.0,0.0,0.0,0.1
mr1_single_res-db_lock_single-k8s-v2-formal-r1-20260819072051,s06,single,1,mysql,delta_z,full,search,search;pricing;mysql;cart;catalog,0.0,1.0,1.0,0.0,0.0,1.0,1.0,0.0,0.5,0.5,0.0,1.0,1.0,0.3333333333333333
mr1_single_res-db_lock_single-k8s-v2-formal-r1-20260819072051,s06,single,1,mysql,BARO,resource,search,search;checkout;cart;order;catalog,0.0,0.0,0.0,0.0,0.0,0.0,0.0,0.0,0.0,0.0,0.0,0.0,0.0,0.07142857142857142
mr1_single_res-db_lock_single-k8s-v2-formal-r1-20260819072051,s06,single,1,mysql,RCD_seed0,resource,user,user,0.0,0.0,0.0,0.0,0.0,0.0,0.0,0.0,0.0,0.0,0.0,0.0,0.0,0.0
mr1_single_res-db_lock_single-k8s-v2-formal-r1-20260819072051,s06,single,1,mysql,RCD_seed1,resource,pricing,pricing;inventory,0.0,0.0,0.0,0.0,0.0,0.0,0.0,0.0,0.0,0.0,0.0,0.0,0.0,0.0
mr1_single_res-db_lock_single-k8s-v2-formal-r1-20260819072051,s06,single,1,mysql,RCD_seed2,resource,review-query,review-query;user,0.0,0.0,0.0,0.0,0.0,0.0,0.0,0.0,0.0,0.0,0.0,0.0,0.0,0.0
mr1_single_res-db_lock_single-k8s-v2-formal-r1-20260819072051,s06,single,1,mysql,RCD_seed3,resource,review-query,review-query,0.0,0.0,0.0,0.0,0.0,0.0,0.0,0.0,0.0,0.0,0.0,0.0,0.0,0.0
mr1_single_res-db_lock_single-k8s-v2-formal-r1-20260819072051,s06,single,1,mysql,RCD_seed4,resource,review-query,review-query;user,0.0,0.0,0.0,0.0,0.0,0.0,0.0,0.0,0.0,0.0,0.0,0.0,0.0,0.0
mr1_single_res-db_lock_single-k8s-v2-formal-r1-20260819072051,s06,single,1,mysql,delta_ratio,resource,mysql,mysql;user;catalog;pricing;host,1.0,1.0,1.0,1.0,1.0,1.0,1.0,1.0,1.0,1.0,1.0,1.0,1.0,1.0
mr1_single_res-db_lock_single-k8s-v2-formal-r1-20260819072051,s06,single,1,mysql,delta_z,resource,mysql,mysql;pricing;user;review-query;backend,1.0,1.0,1.0,1.0,1.0,1.0,1.0,1.0,1.0,1.0,1.0,1.0,1.0,1.0
mr1_single_res-service_cpu_single-k8s-v2-formal-r1-20260819072244,s04,single,1,catalog,BARO,full,order,order;cart;catalog;checkout;review-query,0.0,1.0,1.0,0.0,0.0,1.0,1.0,0.0,0.5,0.5,0.0,1.0,1.0,0.3333333333333333
mr1_single_res-service_cpu_single-k8s-v2-formal-r1-20260819072244,s04,single,1,catalog,RCD_seed0,full,review-query,review-query;order,0.0,0.0,0.0,0.0,0.0,0.0,0.0,0.0,0.0,0.0,0.0,0.0,0.0,0.0
mr1_single_res-service_cpu_single-k8s-v2-formal-r1-20260819072244,s04,single,1,catalog,RCD_seed1,full,inventory,inventory;catalog,0.0,1.0,1.0,0.0,0.0,1.0,1.0,0.0,0.6309297535714575,0.6309297535714575,0.0,1.0,1.0,0.5
mr1_single_res-service_cpu_single-k8s-v2-formal-r1-20260819072244,s04,single,1,catalog,RCD_seed2,full,sasrec,sasrec;order,0.0,0.0,0.0,0.0,0.0,0.0,0.0,0.0,0.0,0.0,0.0,0.0,0.0,0.0
mr1_single_res-service_cpu_single-k8s-v2-formal-r1-20260819072244,s04,single,1,catalog,RCD_seed3,full,inventory,inventory;review-query,0.0,0.0,0.0,0.0,0.0,0.0,0.0,0.0,0.0,0.0,0.0,0.0,0.0,0.0
mr1_single_res-service_cpu_single-k8s-v2-formal-r1-20260819072244,s04,single,1,catalog,RCD_seed4,full,order,order;catalog,0.0,1.0,1.0,0.0,0.0,1.0,1.0,0.0,0.6309297535714575,0.6309297535714575,0.0,1.0,1.0,0.5
mr1_single_res-service_cpu_single-k8s-v2-formal-r1-20260819072244,s04,single,1,catalog,delta_ratio,full,catalog,catalog;pricing;host;review-query;inventory,1.0,1.0,1.0,1.0,1.0,1.0,1.0,1.0,1.0,1.0,1.0,1.0,1.0,1.0
mr1_single_res-service_cpu_single-k8s-v2-formal-r1-20260819072244,s04,single,1,catalog,delta_z,full,catalog,catalog;pricing;catalog-gw;mysql;search,1.0,1.0,1.0,1.0,1.0,1.0,1.0,1.0,1.0,1.0,1.0,1.0,1.0,1.0
mr1_single_res-service_cpu_single-k8s-v2-formal-r1-20260819072244,s04,single,1,catalog,BARO,resource,catalog,catalog;host;review-query;catalog-gw;inventory,1.0,1.0,1.0,1.0,1.0,1.0,1.0,1.0,1.0,1.0,1.0,1.0,1.0,1.0
mr1_single_res-service_cpu_single-k8s-v2-formal-r1-20260819072244,s04,single,1,catalog,RCD_seed0,resource,catalog,catalog,1.0,1.0,1.0,1.0,1.0,1.0,1.0,1.0,1.0,1.0,1.0,1.0,1.0,1.0
mr1_single_res-service_cpu_single-k8s-v2-formal-r1-20260819072244,s04,single,1,catalog,RCD_seed1,resource,catalog,catalog,1.0,1.0,1.0,1.0,1.0,1.0,1.0,1.0,1.0,1.0,1.0,1.0,1.0,1.0
mr1_single_res-service_cpu_single-k8s-v2-formal-r1-20260819072244,s04,single,1,catalog,RCD_seed2,resource,sasrec,sasrec;review-query,0.0,0.0,0.0,0.0,0.0,0.0,0.0,0.0,0.0,0.0,0.0,0.0,0.0,0.0
mr1_single_res-service_cpu_single-k8s-v2-formal-r1-20260819072244,s04,single,1,catalog,RCD_seed3,resource,inventory,inventory;catalog,0.0,1.0,1.0,0.0,0.0,1.0,1.0,0.0,0.6309297535714575,0.6309297535714575,0.0,1.0,1.0,0.5
mr1_single_res-service_cpu_single-k8s-v2-formal-r1-20260819072244,s04,single,1,catalog,RCD_seed4,resource,search,search;catalog-gw,0.0,0.0,0.0,0.0,0.0,0.0,0.0,0.0,0.0,0.0,0.0,0.0,0.0,0.0
mr1_single_res-service_cpu_single-k8s-v2-formal-r1-20260819072244,s04,single,1,catalog,delta_ratio,resource,catalog,catalog;host;inventory;catalog-gw;cart,1.0,1.0,1.0,1.0,1.0,1.0,1.0,1.0,1.0,1.0,1.0,1.0,1.0,1.0
mr1_single_res-service_cpu_single-k8s-v2-formal-r1-20260819072244,s04,single,1,catalog,delta_z,resource,catalog,catalog;catalog-gw;mysql;search;host,1.0,1.0,1.0,1.0,1.0,1.0,1.0,1.0,1.0,1.0,1.0,1.0,1.0,1.0
mr1_single_net-net_loss_single-k8s-v2-formal-r1-20260819072800,s02,single,1,catalog-gw,BARO,full,checkout,checkout;pricing;sasrec;catalog;rec-agent,0.0,0.0,0.0,0.0,0.0,0.0,0.0,0.0,0.0,0.0,0.0,0.0,0.0,0.07692307692307693
mr1_single_net-net_loss_single-k8s-v2-formal-r1-20260819072800,s02,single,1,catalog-gw,RCD_seed0,full,pricing,pricing,0.0,0.0,0.0,0.0,0.0,0.0,0.0,0.0,0.0,0.0,0.0,0.0,0.0,0.0
mr1_single_net-net_loss_single-k8s-v2-formal-r1-20260819072800,s02,single,1,catalog-gw,RCD_seed1,full,pricing,pricing,0.0,0.0,0.0,0.0,0.0,0.0,0.0,0.0,0.0,0.0,0.0,0.0,0.0,0.0
mr1_single_net-net_loss_single-k8s-v2-formal-r1-20260819072800,s02,single,1,catalog-gw,RCD_seed2,full,pricing,pricing,0.0,0.0,0.0,0.0,0.0,0.0,0.0,0.0,0.0,0.0,0.0,0.0,0.0,0.0
mr1_single_net-net_loss_single-k8s-v2-formal-r1-20260819072800,s02,single,1,catalog-gw,RCD_seed3,full,pricing,pricing,0.0,0.0,0.0,0.0,0.0,0.0,0.0,0.0,0.0,0.0,0.0,0.0,0.0,0.0
mr1_single_net-net_loss_single-k8s-v2-formal-r1-20260819072800,s02,single,1,catalog-gw,RCD_seed4,full,pricing,pricing,0.0,0.0,0.0,0.0,0.0,0.0,0.0,0.0,0.0,0.0,0.0,0.0,0.0,0.0
mr1_single_net-net_loss_single-k8s-v2-formal-r1-20260819072800,s02,single,1,catalog-gw,delta_ratio,full,pricing,pricing;checkout;catalog-gw;catalog;review-query,0.0,1.0,1.0,0.0,0.0,1.0,1.0,0.0,0.5,0.5,0.0,1.0,1.0,0.3333333333333333
mr1_single_net-net_loss_single-k8s-v2-formal-r1-20260819072800,s02,single,1,catalog-gw,delta_z,full,pricing,pricing;checkout;host;backend;catalog-gw,0.0,0.0,1.0,0.0,0.0,0.0,1.0,0.0,0.0,0.38685280723454163,0.0,0.0,1.0,0.2
mr1_single_net-net_loss_single-k8s-v2-formal-r1-20260819072800,s02,single,1,catalog-gw,BARO,resource,sasrec,sasrec;catalog;review-query;checkout;order,0.0,0.0,0.0,0.0,0.0,0.0,0.0,0.0,0.0,0.0,0.0,0.0,0.0,0.08333333333333333
mr1_single_net-net_loss_single-k8s-v2-formal-r1-20260819072800,s02,single,1,catalog-gw,RCD_seed0,resource,pricing,pricing,0.0,0.0,0.0,0.0,0.0,0.0,0.0,0.0,0.0,0.0,0.0,0.0,0.0,0.0
mr1_single_net-net_loss_single-k8s-v2-formal-r1-20260819072800,s02,single,1,catalog-gw,RCD_seed1,resource,pricing,pricing,0.0,0.0,0.0,0.0,0.0,0.0,0.0,0.0,0.0,0.0,0.0,0.0,0.0,0.0
mr1_single_net-net_loss_single-k8s-v2-formal-r1-20260819072800,s02,single,1,catalog-gw,RCD_seed2,resource,pricing,pricing,0.0,0.0,0.0,0.0,0.0,0.0,0.0,0.0,0.0,0.0,0.0,0.0,0.0,0.0
mr1_single_net-net_loss_single-k8s-v2-formal-r1-20260819072800,s02,single,1,catalog-gw,RCD_seed3,resource,pricing,pricing,0.0,0.0,0.0,0.0,0.0,0.0,0.0,0.0,0.0,0.0,0.0,0.0,0.0,0.0
mr1_single_net-net_loss_single-k8s-v2-formal-r1-20260819072800,s02,single,1,catalog-gw,RCD_seed4,resource,pricing,pricing,0.0,0.0,0.0,0.0,0.0,0.0,0.0,0.0,0.0,0.0,0.0,0.0,0.0,0.0
mr1_single_net-net_loss_single-k8s-v2-formal-r1-20260819072800,s02,single,1,catalog-gw,delta_ratio,resource,catalog-gw,catalog-gw;catalog;pricing;host;checkout,1.0,1.0,1.0,1.0,1.0,1.0,1.0,1.0,1.0,1.0,1.0,1.0,1.0,1.0
mr1_single_net-net_loss_single-k8s-v2-formal-r1-20260819072800,s02,single,1,catalog-gw,delta_z,resource,checkout,checkout;host;catalog-gw;sasrec;catalog,0.0,1.0,1.0,0.0,0.0,1.0,1.0,0.0,0.5,0.5,0.0,1.0,1.0,0.3333333333333333
mr2_intra_config-dual_timeout_retry-k8s-v2-formal-r1-20260819073135,d01,single,1,catalog-gw,BARO,full,checkout,checkout;pricing;search;catalog-gw;user,0.0,0.0,1.0,0.0,0.0,0.0,1.0,0.0,0.0,0.43067655807339306,0.0,0.0,1.0,0.25
mr2_intra_config-dual_timeout_retry-k8s-v2-formal-r1-20260819073135,d01,single,1,catalog-gw,RCD_seed0,full,search,search,0.0,0.0,0.0,0.0,0.0,0.0,0.0,0.0,0.0,0.0,0.0,0.0,0.0,0.0
mr2_intra_config-dual_timeout_retry-k8s-v2-formal-r1-20260819073135,d01,single,1,catalog-gw,RCD_seed1,full,search,search,0.0,0.0,0.0,0.0,0.0,0.0,0.0,0.0,0.0,0.0,0.0,0.0,0.0,0.0
mr2_intra_config-dual_timeout_retry-k8s-v2-formal-r1-20260819073135,d01,single,1,catalog-gw,RCD_seed2,full,search,search,0.0,0.0,0.0,0.0,0.0,0.0,0.0,0.0,0.0,0.0,0.0,0.0,0.0,0.0
mr2_intra_config-dual_timeout_retry-k8s-v2-formal-r1-20260819073135,d01,single,1,catalog-gw,RCD_seed3,full,search,search,0.0,0.0,0.0,0.0,0.0,0.0,0.0,0.0,0.0,0.0,0.0,0.0,0.0,0.0
mr2_intra_config-dual_timeout_retry-k8s-v2-formal-r1-20260819073135,d01,single,1,catalog-gw,RCD_seed4,full,search,search,0.0,0.0,0.0,0.0,0.0,0.0,0.0,0.0,0.0,0.0,0.0,0.0,0.0,0.0
mr2_intra_config-dual_timeout_retry-k8s-v2-formal-r1-20260819073135,d01,single,1,catalog-gw,delta_ratio,full,pricing,pricing;checkout;catalog-gw;catalog;order,0.0,1.0,1.0,0.0,0.0,1.0,1.0,0.0,0.5,0.5,0.0,1.0,1.0,0.3333333333333333
mr2_intra_config-dual_timeout_retry-k8s-v2-formal-r1-20260819073135,d01,single,1,catalog-gw,delta_z,full,mysql,mysql;pricing;inventory;checkout;host,0.0,0.0,0.0,0.0,0.0,0.0,0.0,0.0,0.0,0.0,0.0,0.0,0.0,0.1111111111111111
mr2_intra_config-dual_timeout_retry-k8s-v2-formal-r1-20260819073135,d01,single,1,catalog-gw,BARO,resource,search,search;pricing;catalog-gw;cart;inventory,0.0,1.0,1.0,0.0,0.0,1.0,1.0,0.0,0.5,0.5,0.0,1.0,1.0,0.3333333333333333
mr2_intra_config-dual_timeout_retry-k8s-v2-formal-r1-20260819073135,d01,single,1,catalog-gw,RCD_seed0,resource,search,search,0.0,0.0,0.0,0.0,0.0,0.0,0.0,0.0,0.0,0.0,0.0,0.0,0.0,0.0
mr2_intra_config-dual_timeout_retry-k8s-v2-formal-r1-20260819073135,d01,single,1,catalog-gw,RCD_seed1,resource,search,search,0.0,0.0,0.0,0.0,0.0,0.0,0.0,0.0,0.0,0.0,0.0,0.0,0.0,0.0
mr2_intra_config-dual_timeout_retry-k8s-v2-formal-r1-20260819073135,d01,single,1,catalog-gw,RCD_seed2,resource,search,search,0.0,0.0,0.0,0.0,0.0,0.0,0.0,0.0,0.0,0.0,0.0,0.0,0.0,0.0
mr2_intra_config-dual_timeout_retry-k8s-v2-formal-r1-20260819073135,d01,single,1,catalog-gw,RCD_seed3,resource,search,search,0.0,0.0,0.0,0.0,0.0,0.0,0.0,0.0,0.0,0.0,0.0,0.0,0.0,0.0
mr2_intra_config-dual_timeout_retry-k8s-v2-formal-r1-20260819073135,d01,single,1,catalog-gw,RCD_seed4,resource,search,search,0.0,0.0,0.0,0.0,0.0,0.0,0.0,0.0,0.0,0.0,0.0,0.0,0.0,0.0
mr2_intra_config-dual_timeout_retry-k8s-v2-formal-r1-20260819073135,d01,single,1,catalog-gw,delta_ratio,resource,catalog-gw,catalog-gw;catalog;mysql;host;order,1.0,1.0,1.0,1.0,1.0,1.0,1.0,1.0,1.0,1.0,1.0,1.0,1.0,1.0
mr2_intra_config-dual_timeout_retry-k8s-v2-formal-r1-20260819073135,d01,single,1,catalog-gw,delta_z,resource,mysql,mysql;inventory;host;search;pricing,0.0,0.0,0.0,0.0,0.0,0.0,0.0,0.0,0.0,0.0,0.0,0.0,0.0,0.125
mr1_single_lif-pod_failure_single-k8s-v2-formal-r1-20260819073416,s03,single,1,catalog,BARO,full,checkout,checkout;order;pricing;sasrec;user,0.0,0.0,0.0,0.0,0.0,0.0,0.0,0.0,0.0,0.0,0.0,0.0,0.0,0.08333333333333333
mr1_single_lif-pod_failure_single-k8s-v2-formal-r1-20260819073416,s03,single,1,catalog,RCD_seed0,full,pricing,pricing;search,0.0,0.0,0.0,0.0,0.0,0.0,0.0,0.0,0.0,0.0,0.0,0.0,0.0,0.0
mr1_single_lif-pod_failure_single-k8s-v2-formal-r1-20260819073416,s03,single,1,catalog,RCD_seed1,full,sasrec,sasrec;checkout,0.0,0.0,0.0,0.0,0.0,0.0,0.0,0.0,0.0,0.0,0.0,0.0,0.0,0.0
mr1_single_lif-pod_failure_single-k8s-v2-formal-r1-20260819073416,s03,single,1,catalog,RCD_seed2,full,catalog,catalog,1.0,1.0,1.0,1.0,1.0,1.0,1.0,1.0,1.0,1.0,1.0,1.0,1.0,1.0
mr1_single_lif-pod_failure_single-k8s-v2-formal-r1-20260819073416,s03,single,1,catalog,RCD_seed3,full,order,order;backend,0.0,0.0,0.0,0.0,0.0,0.0,0.0,0.0,0.0,0.0,0.0,0.0,0.0,0.0
mr1_single_lif-pod_failure_single-k8s-v2-formal-r1-20260819073416,s03,single,1,catalog,RCD_seed4,full,checkout,checkout;search,0.0,0.0,0.0,0.0,0.0,0.0,0.0,0.0,0.0,0.0,0.0,0.0,0.0,0.0
mr1_single_lif-pod_failure_single-k8s-v2-formal-r1-20260819073416,s03,single,1,catalog,delta_ratio,full,pricing,pricing;catalog;checkout;catalog-gw;cart,0.0,1.0,1.0,0.0,0.0,1.0,1.0,0.0,0.6309297535714575,0.6309297535714575,0.0,1.0,1.0,0.5
mr1_single_lif-pod_failure_single-k8s-v2-formal-r1-20260819073416,s03,single,1,catalog,delta_z,full,checkout,checkout;catalog;pricing;inventory;mysql,0.0,1.0,1.0,0.0,0.0,1.0,1.0,0.0,0.6309297535714575,0.6309297535714575,0.0,1.0,1.0,0.5
mr1_single_lif-pod_failure_single-k8s-v2-formal-r1-20260819073416,s03,single,1,catalog,BARO,resource,sasrec,sasrec;checkout;pricing;user;search,0.0,0.0,0.0,0.0,0.0,0.0,0.0,0.0,0.0,0.0,0.0,0.0,0.0,0.09090909090909091
mr1_single_lif-pod_failure_single-k8s-v2-formal-r1-20260819073416,s03,single,1,catalog,RCD_seed0,resource,pricing,pricing;user,0.0,0.0,0.0,0.0,0.0,0.0,0.0,0.0,0.0,0.0,0.0,0.0,0.0,0.0
mr1_single_lif-pod_failure_single-k8s-v2-formal-r1-20260819073416,s03,single,1,catalog,RCD_seed1,resource,pricing,pricing,0.0,0.0,0.0,0.0,0.0,0.0,0.0,0.0,0.0,0.0,0.0,0.0,0.0,0.0
mr1_single_lif-pod_failure_single-k8s-v2-formal-r1-20260819073416,s03,single,1,catalog,RCD_seed2,resource,inventory,inventory;user,0.0,0.0,0.0,0.0,0.0,0.0,0.0,0.0,0.0,0.0,0.0,0.0,0.0,0.0
mr1_single_lif-pod_failure_single-k8s-v2-formal-r1-20260819073416,s03,single,1,catalog,RCD_seed3,resource,cart,cart;checkout,0.0,0.0,0.0,0.0,0.0,0.0,0.0,0.0,0.0,0.0,0.0,0.0,0.0,0.0
mr1_single_lif-pod_failure_single-k8s-v2-formal-r1-20260819073416,s03,single,1,catalog,RCD_seed4,resource,search,search;pricing,0.0,0.0,0.0,0.0,0.0,0.0,0.0,0.0,0.0,0.0,0.0,0.0,0.0,0.0
mr1_single_lif-pod_failure_single-k8s-v2-formal-r1-20260819073416,s03,single,1,catalog,delta_ratio,resource,catalog,catalog;catalog-gw;host;pricing;mysql,1.0,1.0,1.0,1.0,1.0,1.0,1.0,1.0,1.0,1.0,1.0,1.0,1.0,1.0
mr1_single_lif-pod_failure_single-k8s-v2-formal-r1-20260819073416,s03,single,1,catalog,delta_z,resource,catalog,catalog;mysql;catalog-gw;checkout;user,1.0,1.0,1.0,1.0,1.0,1.0,1.0,1.0,1.0,1.0,1.0,1.0,1.0,1.0
mr1_single_res-service_cpu_single-k8s-v2-formal-r1-20260819073642,s10,single,1,cart,BARO,full,pricing,pricing;cart;inventory;catalog;catalog-gw,0.0,1.0,1.0,0.0,0.0,1.0,1.0,0.0,0.6309297535714575,0.6309297535714575,0.0,1.0,1.0,0.5
mr1_single_res-service_cpu_single-k8s-v2-formal-r1-20260819073642,s10,single,1,cart,RCD_seed0,full,catalog,catalog;inventory,0.0,0.0,0.0,0.0,0.0,0.0,0.0,0.0,0.0,0.0,0.0,0.0,0.0,0.0
mr1_single_res-service_cpu_single-k8s-v2-formal-r1-20260819073642,s10,single,1,cart,RCD_seed1,full,review-query,review-query;user,0.0,0.0,0.0,0.0,0.0,0.0,0.0,0.0,0.0,0.0,0.0,0.0,0.0,0.0
mr1_single_res-service_cpu_single-k8s-v2-formal-r1-20260819073642,s10,single,1,cart,RCD_seed2,full,cart,cart;order,1.0,1.0,1.0,1.0,1.0,1.0,1.0,1.0,1.0,1.0,1.0,1.0,1.0,1.0
mr1_single_res-service_cpu_single-k8s-v2-formal-r1-20260819073642,s10,single,1,cart,RCD_seed3,full,catalog,catalog;inventory,0.0,0.0,0.0,0.0,0.0,0.0,0.0,0.0,0.0,0.0,0.0,0.0,0.0,0.0
mr1_single_res-service_cpu_single-k8s-v2-formal-r1-20260819073642,s10,single,1,cart,RCD_seed4,full,user,user,0.0,0.0,0.0,0.0,0.0,0.0,0.0,0.0,0.0,0.0,0.0,0.0,0.0,0.0
mr1_single_res-service_cpu_single-k8s-v2-formal-r1-20260819073642,s10,single,1,cart,delta_ratio,full,catalog-gw,catalog-gw;cart;order;search;checkout,0.0,1.0,1.0,0.0,0.0,1.0,1.0,0.0,0.6309297535714575,0.6309297535714575,0.0,1.0,1.0,0.5
mr1_single_res-service_cpu_single-k8s-v2-formal-r1-20260819073642,s10,single,1,cart,delta_z,full,search,search;order;checkout;host;pricing,0.0,0.0,0.0,0.0,0.0,0.0,0.0,0.0,0.0,0.0,0.0,0.0,0.0,0.16666666666666666
mr1_single_res-service_cpu_single-k8s-v2-formal-r1-20260819073642,s10,single,1,cart,BARO,resource,cart,cart;catalog;catalog-gw;host;backend,1.0,1.0,1.0,1.0,1.0,1.0,1.0,1.0,1.0,1.0,1.0,1.0,1.0,1.0
mr1_single_res-service_cpu_single-k8s-v2-formal-r1-20260819073642,s10,single,1,cart,RCD_seed0,resource,review-query,review-query;catalog-gw,0.0,0.0,0.0,0.0,0.0,0.0,0.0,0.0,0.0,0.0,0.0,0.0,0.0,0.0
mr1_single_res-service_cpu_single-k8s-v2-formal-r1-20260819073642,s10,single,1,cart,RCD_seed1,resource,backend,backend;catalog,0.0,0.0,0.0,0.0,0.0,0.0,0.0,0.0,0.0,0.0,0.0,0.0,0.0,0.0
mr1_single_res-service_cpu_single-k8s-v2-formal-r1-20260819073642,s10,single,1,cart,RCD_seed2,resource,user,user,0.0,0.0,0.0,0.0,0.0,0.0,0.0,0.0,0.0,0.0,0.0,0.0,0.0,0.0
mr1_single_res-service_cpu_single-k8s-v2-formal-r1-20260819073642,s10,single,1,cart,RCD_seed3,resource,order,order;catalog-gw,0.0,0.0,0.0,0.0,0.0,0.0,0.0,0.0,0.0,0.0,0.0,0.0,0.0,0.0
mr1_single_res-service_cpu_single-k8s-v2-formal-r1-20260819073642,s10,single,1,cart,RCD_seed4,resource,inventory,inventory,0.0,0.0,0.0,0.0,0.0,0.0,0.0,0.0,0.0,0.0,0.0,0.0,0.0,0.0
mr1_single_res-service_cpu_single-k8s-v2-formal-r1-20260819073642,s10,single,1,cart,delta_ratio,resource,catalog-gw,catalog-gw;review-query;checkout;host;catalog,0.0,0.0,0.0,0.0,0.0,0.0,0.0,0.0,0.0,0.0,0.0,0.0,0.0,0.16666666666666666
mr1_single_res-service_cpu_single-k8s-v2-formal-r1-20260819073642,s10,single,1,cart,delta_z,resource,search,search;order;checkout;host;cart,0.0,0.0,1.0,0.0,0.0,0.0,1.0,0.0,0.0,0.38685280723454163,0.0,0.0,1.0,0.2
mr1_single_lif-pod_failure_single-k8s-v2-formal-r1-20260819073924,s22,single,1,rec-agent,BARO,full,review-query,review-query;rec-agent;user;cart;pricing,0.0,1.0,1.0,0.0,0.0,1.0,1.0,0.0,0.6309297535714575,0.6309297535714575,0.0,1.0,1.0,0.5
mr1_single_lif-pod_failure_single-k8s-v2-formal-r1-20260819073924,s22,single,1,rec-agent,RCD_seed0,full,order,order;sasrec,0.0,0.0,0.0,0.0,0.0,0.0,0.0,0.0,0.0,0.0,0.0,0.0,0.0,0.0
mr1_single_lif-pod_failure_single-k8s-v2-formal-r1-20260819073924,s22,single,1,rec-agent,RCD_seed1,full,checkout,checkout,0.0,0.0,0.0,0.0,0.0,0.0,0.0,0.0,0.0,0.0,0.0,0.0,0.0,0.0
mr1_single_lif-pod_failure_single-k8s-v2-formal-r1-20260819073924,s22,single,1,rec-agent,RCD_seed2,full,sasrec,sasrec;order,0.0,0.0,0.0,0.0,0.0,0.0,0.0,0.0,0.0,0.0,0.0,0.0,0.0,0.0
mr1_single_lif-pod_failure_single-k8s-v2-formal-r1-20260819073924,s22,single,1,rec-agent,RCD_seed3,full,order,order;sasrec,0.0,0.0,0.0,0.0,0.0,0.0,0.0,0.0,0.0,0.0,0.0,0.0,0.0,0.0
mr1_single_lif-pod_failure_single-k8s-v2-formal-r1-20260819073924,s22,single,1,rec-agent,RCD_seed4,full,catalog,catalog;cart,0.0,0.0,0.0,0.0,0.0,0.0,0.0,0.0,0.0,0.0,0.0,0.0,0.0,0.0
mr1_single_lif-pod_failure_single-k8s-v2-formal-r1-20260819073924,s22,single,1,rec-agent,delta_ratio,full,rec-agent,rec-agent;catalog-gw;catalog;cart;host,1.0,1.0,1.0,1.0,1.0,1.0,1.0,1.0,1.0,1.0,1.0,1.0,1.0,1.0
mr1_single_lif-pod_failure_single-k8s-v2-formal-r1-20260819073924,s22,single,1,rec-agent,delta_z,full,rec-agent,rec-agent;sasrec;cart;backend;inventory,1.0,1.0,1.0,1.0,1.0,1.0,1.0,1.0,1.0,1.0,1.0,1.0,1.0,1.0
mr1_single_lif-pod_failure_single-k8s-v2-formal-r1-20260819073924,s22,single,1,rec-agent,BARO,resource,review-query,review-query;rec-agent;user;cart;pricing,0.0,1.0,1.0,0.0,0.0,1.0,1.0,0.0,0.6309297535714575,0.6309297535714575,0.0,1.0,1.0,0.5
mr1_single_lif-pod_failure_single-k8s-v2-formal-r1-20260819073924,s22,single,1,rec-agent,RCD_seed0,resource,search,search;user;pricing,0.0,0.0,0.0,0.0,0.0,0.0,0.0,0.0,0.0,0.0,0.0,0.0,0.0,0.0
mr1_single_lif-pod_failure_single-k8s-v2-formal-r1-20260819073924,s22,single,1,rec-agent,RCD_seed1,resource,catalog,catalog;pricing,0.0,0.0,0.0,0.0,0.0,0.0,0.0,0.0,0.0,0.0,0.0,0.0,0.0,0.0
mr1_single_lif-pod_failure_single-k8s-v2-formal-r1-20260819073924,s22,single,1,rec-agent,RCD_seed2,resource,order,order;catalog,0.0,0.0,0.0,0.0,0.0,0.0,0.0,0.0,0.0,0.0,0.0,0.0,0.0,0.0
mr1_single_lif-pod_failure_single-k8s-v2-formal-r1-20260819073924,s22,single,1,rec-agent,RCD_seed3,resource,user,user;sasrec;catalog,0.0,0.0,0.0,0.0,0.0,0.0,0.0,0.0,0.0,0.0,0.0,0.0,0.0,0.0
mr1_single_lif-pod_failure_single-k8s-v2-formal-r1-20260819073924,s22,single,1,rec-agent,RCD_seed4,resource,sasrec,sasrec;review-query,0.0,0.0,0.0,0.0,0.0,0.0,0.0,0.0,0.0,0.0,0.0,0.0,0.0,0.0
mr1_single_lif-pod_failure_single-k8s-v2-formal-r1-20260819073924,s22,single,1,rec-agent,delta_ratio,resource,rec-agent,rec-agent;catalog-gw;catalog;host;order,1.0,1.0,1.0,1.0,1.0,1.0,1.0,1.0,1.0,1.0,1.0,1.0,1.0,1.0
mr1_single_lif-pod_failure_single-k8s-v2-formal-r1-20260819073924,s22,single,1,rec-agent,delta_z,resource,rec-agent,rec-agent;sasrec;inventory;search;cart,1.0,1.0,1.0,1.0,1.0,1.0,1.0,1.0,1.0,1.0,1.0,1.0,1.0,1.0
mr1_single_lif-pod_failure_single-k8s-v2-formal-r1-20260819074158,s17,single,1,backend,BARO,full,backend,backend;pricing;catalog;user;cart,1.0,1.0,1.0,1.0,1.0,1.0,1.0,1.0,1.0,1.0,1.0,1.0,1.0,1.0
mr1_single_lif-pod_failure_single-k8s-v2-formal-r1-20260819074158,s17,single,1,backend,RCD_seed0,full,backend,backend,1.0,1.0,1.0,1.0,1.0,1.0,1.0,1.0,1.0,1.0,1.0,1.0,1.0,1.0
mr1_single_lif-pod_failure_single-k8s-v2-formal-r1-20260819074158,s17,single,1,backend,RCD_seed1,full,inventory,inventory,0.0,0.0,0.0,0.0,0.0,0.0,0.0,0.0,0.0,0.0,0.0,0.0,0.0,0.0
mr1_single_lif-pod_failure_single-k8s-v2-formal-r1-20260819074158,s17,single,1,backend,RCD_seed2,full,inventory,inventory;catalog-gw,0.0,0.0,0.0,0.0,0.0,0.0,0.0,0.0,0.0,0.0,0.0,0.0,0.0,0.0
mr1_single_lif-pod_failure_single-k8s-v2-formal-r1-20260819074158,s17,single,1,backend,RCD_seed3,full,inventory,inventory;backend,0.0,1.0,1.0,0.0,0.0,1.0,1.0,0.0,0.6309297535714575,0.6309297535714575,0.0,1.0,1.0,0.5
mr1_single_lif-pod_failure_single-k8s-v2-formal-r1-20260819074158,s17,single,1,backend,RCD_seed4,full,backend,backend,1.0,1.0,1.0,1.0,1.0,1.0,1.0,1.0,1.0,1.0,1.0,1.0,1.0,1.0
mr1_single_lif-pod_failure_single-k8s-v2-formal-r1-20260819074158,s17,single,1,backend,delta_ratio,full,backend,backend;order;search;catalog-gw;inventory,1.0,1.0,1.0,1.0,1.0,1.0,1.0,1.0,1.0,1.0,1.0,1.0,1.0,1.0
mr1_single_lif-pod_failure_single-k8s-v2-formal-r1-20260819074158,s17,single,1,backend,delta_z,full,backend,backend;pricing;sasrec;catalog-gw;cart,1.0,1.0,1.0,1.0,1.0,1.0,1.0,1.0,1.0,1.0,1.0,1.0,1.0,1.0
mr1_single_lif-pod_failure_single-k8s-v2-formal-r1-20260819074158,s17,single,1,backend,BARO,resource,backend,backend;pricing;user;inventory;order,1.0,1.0,1.0,1.0,1.0,1.0,1.0,1.0,1.0,1.0,1.0,1.0,1.0,1.0
mr1_single_lif-pod_failure_single-k8s-v2-formal-r1-20260819074158,s17,single,1,backend,RCD_seed0,resource,sasrec,sasrec;inventory;backend,0.0,1.0,1.0,0.0,0.0,1.0,1.0,0.0,0.5,0.5,0.0,1.0,1.0,0.3333333333333333
mr1_single_lif-pod_failure_single-k8s-v2-formal-r1-20260819074158,s17,single,1,backend,RCD_seed1,resource,backend,backend;checkout,1.0,1.0,1.0,1.0,1.0,1.0,1.0,1.0,1.0,1.0,1.0,1.0,1.0,1.0
mr1_single_lif-pod_failure_single-k8s-v2-formal-r1-20260819074158,s17,single,1,backend,RCD_seed2,resource,user,user;backend,0.0,1.0,1.0,0.0,0.0,1.0,1.0,0.0,0.6309297535714575,0.6309297535714575,0.0,1.0,1.0,0.5
mr1_single_lif-pod_failure_single-k8s-v2-formal-r1-20260819074158,s17,single,1,backend,RCD_seed3,resource,backend,backend;checkout,1.0,1.0,1.0,1.0,1.0,1.0,1.0,1.0,1.0,1.0,1.0,1.0,1.0,1.0
mr1_single_lif-pod_failure_single-k8s-v2-formal-r1-20260819074158,s17,single,1,backend,RCD_seed4,resource,checkout,checkout;inventory;backend,0.0,1.0,1.0,0.0,0.0,1.0,1.0,0.0,0.5,0.5,0.0,1.0,1.0,0.3333333333333333
mr1_single_lif-pod_failure_single-k8s-v2-formal-r1-20260819074158,s17,single,1,backend,delta_ratio,resource,backend,backend;catalog-gw;catalog;checkout;inventory,1.0,1.0,1.0,1.0,1.0,1.0,1.0,1.0,1.0,1.0,1.0,1.0,1.0,1.0
mr1_single_lif-pod_failure_single-k8s-v2-formal-r1-20260819074158,s17,single,1,backend,delta_z,resource,backend,backend;sasrec;catalog-gw;cart;user,1.0,1.0,1.0,1.0,1.0,1.0,1.0,1.0,1.0,1.0,1.0,1.0,1.0,1.0
mr1_single_lif-pod_failure_single-k8s-v2-formal-r1-20260819074432,s16,single,1,review-query,BARO,full,pricing,pricing;sasrec;search;review-query;rec-agent,0.0,0.0,1.0,0.0,0.0,0.0,1.0,0.0,0.0,0.43067655807339306,0.0,0.0,1.0,0.25
mr1_single_lif-pod_failure_single-k8s-v2-formal-r1-20260819074432,s16,single,1,review-query,RCD_seed0,full,review-query,review-query,1.0,1.0,1.0,1.0,1.0,1.0,1.0,1.0,1.0,1.0,1.0,1.0,1.0,1.0
mr1_single_lif-pod_failure_single-k8s-v2-formal-r1-20260819074432,s16,single,1,review-query,RCD_seed1,full,search,search;inventory,0.0,0.0,0.0,0.0,0.0,0.0,0.0,0.0,0.0,0.0,0.0,0.0,0.0,0.0
mr1_single_lif-pod_failure_single-k8s-v2-formal-r1-20260819074432,s16,single,1,review-query,RCD_seed2,full,catalog-gw,catalog-gw;user,0.0,0.0,0.0,0.0,0.0,0.0,0.0,0.0,0.0,0.0,0.0,0.0,0.0,0.0
mr1_single_lif-pod_failure_single-k8s-v2-formal-r1-20260819074432,s16,single,1,review-query,RCD_seed3,full,checkout,checkout;search,0.0,0.0,0.0,0.0,0.0,0.0,0.0,0.0,0.0,0.0,0.0,0.0,0.0,0.0
mr1_single_lif-pod_failure_single-k8s-v2-formal-r1-20260819074432,s16,single,1,review-query,RCD_seed4,full,inventory,inventory,0.0,0.0,0.0,0.0,0.0,0.0,0.0,0.0,0.0,0.0,0.0,0.0,0.0,0.0
mr1_single_lif-pod_failure_single-k8s-v2-formal-r1-20260819074432,s16,single,1,review-query,delta_ratio,full,review-query,review-query;catalog;catalog-gw;user;search,1.0,1.0,1.0,1.0,1.0,1.0,1.0,1.0,1.0,1.0,1.0,1.0,1.0,1.0
mr1_single_lif-pod_failure_single-k8s-v2-formal-r1-20260819074432,s16,single,1,review-query,delta_z,full,review-query,review-query;search;user;pricing;checkout,1.0,1.0,1.0,1.0,1.0,1.0,1.0,1.0,1.0,1.0,1.0,1.0,1.0,1.0
mr1_single_lif-pod_failure_single-k8s-v2-formal-r1-20260819074432,s16,single,1,review-query,BARO,resource,review-query,review-query;user;search;cart;catalog-gw,1.0,1.0,1.0,1.0,1.0,1.0,1.0,1.0,1.0,1.0,1.0,1.0,1.0,1.0
mr1_single_lif-pod_failure_single-k8s-v2-formal-r1-20260819074432,s16,single,1,review-query,RCD_seed0,resource,pricing,pricing;user,0.0,0.0,0.0,0.0,0.0,0.0,0.0,0.0,0.0,0.0,0.0,0.0,0.0,0.0
mr1_single_lif-pod_failure_single-k8s-v2-formal-r1-20260819074432,s16,single,1,review-query,RCD_seed1,resource,pricing,pricing,0.0,0.0,0.0,0.0,0.0,0.0,0.0,0.0,0.0,0.0,0.0,0.0,0.0,0.0
mr1_single_lif-pod_failure_single-k8s-v2-formal-r1-20260819074432,s16,single,1,review-query,RCD_seed2,resource,review-query,review-query;checkout,1.0,1.0,1.0,1.0,1.0,1.0,1.0,1.0,1.0,1.0,1.0,1.0,1.0,1.0
mr1_single_lif-pod_failure_single-k8s-v2-formal-r1-20260819074432,s16,single,1,review-query,RCD_seed3,resource,pricing,pricing;checkout,0.0,0.0,0.0,0.0,0.0,0.0,0.0,0.0,0.0,0.0,0.0,0.0,0.0,0.0
mr1_single_lif-pod_failure_single-k8s-v2-formal-r1-20260819074432,s16,single,1,review-query,RCD_seed4,resource,backend,backend;catalog-gw,0.0,0.0,0.0,0.0,0.0,0.0,0.0,0.0,0.0,0.0,0.0,0.0,0.0,0.0
mr1_single_lif-pod_failure_single-k8s-v2-formal-r1-20260819074432,s16,single,1,review-query,delta_ratio,resource,review-query,review-query;catalog-gw;user;catalog;host,1.0,1.0,1.0,1.0,1.0,1.0,1.0,1.0,1.0,1.0,1.0,1.0,1.0,1.0
mr1_single_lif-pod_failure_single-k8s-v2-formal-r1-20260819074432,s16,single,1,review-query,delta_z,resource,review-query,review-query;user;pricing;checkout;inventory,1.0,1.0,1.0,1.0,1.0,1.0,1.0,1.0,1.0,1.0,1.0,1.0,1.0,1.0
mr2_cross_dependency-inv_latency_x_runtime_exc-k8s-v2-formal-r1-20260819075257,d11,dual,2,inventory;catalog,BARO,full,checkout,checkout;inventory;sasrec;catalog;pricing,0.0,1.0,1.0,0.5,0.0,0.0,1.0,0.0,0.38685280723454163,0.6509209298071326,0.0,0.5,1.0,0.375
mr2_cross_dependency-inv_latency_x_runtime_exc-k8s-v2-formal-r1-20260819075257,d11,dual,2,inventory;catalog,RCD_seed0,full,review-query,review-query,0.0,0.0,0.0,0.0,0.0,0.0,0.0,0.0,0.0,0.0,0.0,0.0,0.0,0.0
mr2_cross_dependency-inv_latency_x_runtime_exc-k8s-v2-formal-r1-20260819075257,d11,dual,2,inventory;catalog,RCD_seed1,full,review-query,review-query;catalog,0.0,1.0,1.0,0.5,0.0,0.0,0.0,0.0,0.38685280723454163,0.38685280723454163,0.0,0.5,0.5,0.25
mr2_cross_dependency-inv_latency_x_runtime_exc-k8s-v2-formal-r1-20260819075257,d11,dual,2,inventory;catalog,RCD_seed2,full,inventory,inventory,1.0,1.0,1.0,0.5,0.0,0.0,0.0,1.0,0.6131471927654584,0.6131471927654584,0.5,0.5,0.5,0.5
mr2_cross_dependency-inv_latency_x_runtime_exc-k8s-v2-formal-r1-20260819075257,d11,dual,2,inventory;catalog,RCD_seed3,full,inventory,inventory;review-query;cart,1.0,1.0,1.0,0.5,0.0,0.0,0.0,1.0,0.6131471927654584,0.6131471927654584,0.5,0.5,0.5,0.5
mr2_cross_dependency-inv_latency_x_runtime_exc-k8s-v2-formal-r1-20260819075257,d11,dual,2,inventory;catalog,RCD_seed4,full,inventory,inventory;checkout,1.0,1.0,1.0,0.5,0.0,0.0,0.0,1.0,0.6131471927654584,0.6131471927654584,0.5,0.5,0.5,0.5
mr2_cross_dependency-inv_latency_x_runtime_exc-k8s-v2-formal-r1-20260819075257,d11,dual,2,inventory;catalog,delta_ratio,full,pricing,pricing;catalog;inventory;checkout;review-query,0.0,1.0,1.0,0.5,0.0,1.0,1.0,0.0,0.6934264036172708,0.6934264036172708,0.0,1.0,1.0,0.41666666666666663
mr2_cross_dependency-inv_latency_x_runtime_exc-k8s-v2-formal-r1-20260819075257,d11,dual,2,inventory;catalog,delta_z,full,inventory,inventory;catalog;pricing;checkout;sasrec,1.0,1.0,1.0,1.0,0.0,1.0,1.0,1.0,1.0,1.0,0.5,1.0,1.0,0.75
mr2_cross_dependency-inv_latency_x_runtime_exc-k8s-v2-formal-r1-20260819075257,d11,dual,2,inventory;catalog,BARO,resource,inventory,inventory;sasrec;catalog;pricing;cart,1.0,1.0,1.0,0.5,0.0,1.0,1.0,1.0,0.9197207891481876,0.9197207891481876,0.5,1.0,1.0,0.6666666666666666
mr2_cross_dependency-inv_latency_x_runtime_exc-k8s-v2-formal-r1-20260819075257,d11,dual,2,inventory;catalog,RCD_seed0,resource,catalog,catalog;inventory;user,1.0,1.0,1.0,1.0,0.0,1.0,1.0,1.0,1.0,1.0,0.5,1.0,1.0,0.75
mr2_cross_dependency-inv_latency_x_runtime_exc-k8s-v2-formal-r1-20260819075257,d11,dual,2,inventory;catalog,RCD_seed1,resource,user,user;catalog,0.0,1.0,1.0,0.5,0.0,0.0,0.0,0.0,0.38685280723454163,0.38685280723454163,0.0,0.5,0.5,0.25
mr2_cross_dependency-inv_latency_x_runtime_exc-k8s-v2-formal-r1-20260819075257,d11,dual,2,inventory;catalog,RCD_seed2,resource,inventory,inventory;review-query;catalog,1.0,1.0,1.0,0.5,0.0,1.0,1.0,1.0,0.9197207891481876,0.9197207891481876,0.5,1.0,1.0,0.6666666666666666
mr2_cross_dependency-inv_latency_x_runtime_exc-k8s-v2-formal-r1-20260819075257,d11,dual,2,inventory;catalog,RCD_seed3,resource,catalog,catalog;inventory;review-query,1.0,1.0,1.0,1.0,0.0,1.0,1.0,1.0,1.0,1.0,0.5,1.0,1.0,0.75
mr2_cross_dependency-inv_latency_x_runtime_exc-k8s-v2-formal-r1-20260819075257,d11,dual,2,inventory;catalog,RCD_seed4,resource,catalog,catalog;review-query,1.0,1.0,1.0,0.5,0.0,0.0,0.0,1.0,0.6131471927654584,0.6131471927654584,0.5,0.5,0.5,0.5
mr2_cross_dependency-inv_latency_x_runtime_exc-k8s-v2-formal-r1-20260819075257,d11,dual,2,inventory;catalog,delta_ratio,resource,inventory,inventory;catalog;review-query;host;pricing,1.0,1.0,1.0,1.0,0.0,1.0,1.0,1.0,1.0,1.0,0.5,1.0,1.0,0.75
mr2_cross_dependency-inv_latency_x_runtime_exc-k8s-v2-formal-r1-20260819075257,d11,dual,2,inventory;catalog,delta_z,resource,inventory,inventory;catalog;checkout;review-query;host,1.0,1.0,1.0,1.0,0.0,1.0,1.0,1.0,1.0,1.0,0.5,1.0,1.0,0.75
mr1_single_res-host_cpu_single-k8s-v2-formal-r1-20260819075453,s05,single,1,host,BARO,full,review-query,review-query;checkout;pricing;order;cart,0.0,0.0,0.0,0.0,0.0,0.0,0.0,0.0,0.0,0.0,0.0,0.0,0.0,0.06666666666666667
mr1_single_res-host_cpu_single-k8s-v2-formal-r1-20260819075453,s05,single,1,host,RCD_seed0,full,search,search;review-query,0.0,0.0,0.0,0.0,0.0,0.0,0.0,0.0,0.0,0.0,0.0,0.0,0.0,0.0
mr1_single_res-host_cpu_single-k8s-v2-formal-r1-20260819075453,s05,single,1,host,RCD_seed1,full,backend,backend;catalog-gw,0.0,0.0,0.0,0.0,0.0,0.0,0.0,0.0,0.0,0.0,0.0,0.0,0.0,0.0
mr1_single_res-host_cpu_single-k8s-v2-formal-r1-20260819075453,s05,single,1,host,RCD_seed2,full,catalog-gw,catalog-gw;cart;rec-agent,0.0,0.0,0.0,0.0,0.0,0.0,0.0,0.0,0.0,0.0,0.0,0.0,0.0,0.0
mr1_single_res-host_cpu_single-k8s-v2-formal-r1-20260819075453,s05,single,1,host,RCD_seed3,full,search,search,0.0,0.0,0.0,0.0,0.0,0.0,0.0,0.0,0.0,0.0,0.0,0.0,0.0,0.0
mr1_single_res-host_cpu_single-k8s-v2-formal-r1-20260819075453,s05,single,1,host,RCD_seed4,full,catalog-gw,catalog-gw;checkout,0.0,0.0,0.0,0.0,0.0,0.0,0.0,0.0,0.0,0.0,0.0,0.0,0.0,0.0
mr1_single_res-host_cpu_single-k8s-v2-formal-r1-20260819075453,s05,single,1,host,delta_ratio,full,pricing,pricing;host;review-query;checkout;inventory,0.0,1.0,1.0,0.0,0.0,1.0,1.0,0.0,0.6309297535714575,0.6309297535714575,0.0,1.0,1.0,0.5
mr1_single_res-host_cpu_single-k8s-v2-formal-r1-20260819075453,s05,single,1,host,delta_z,full,order,order;user;backend;pricing;host,0.0,0.0,1.0,0.0,0.0,0.0,1.0,0.0,0.0,0.38685280723454163,0.0,0.0,1.0,0.2
mr1_single_res-host_cpu_single-k8s-v2-formal-r1-20260819075453,s05,single,1,host,BARO,resource,checkout,checkout;order;cart;backend;pricing,0.0,0.0,0.0,0.0,0.0,0.0,0.0,0.0,0.0,0.0,0.0,0.0,0.0,0.07142857142857142
mr1_single_res-host_cpu_single-k8s-v2-formal-r1-20260819075453,s05,single,1,host,RCD_seed0,resource,review-query,review-query;pricing;catalog-gw,0.0,0.0,0.0,0.0,0.0,0.0,0.0,0.0,0.0,0.0,0.0,0.0,0.0,0.0
mr1_single_res-host_cpu_single-k8s-v2-formal-r1-20260819075453,s05,single,1,host,RCD_seed1,resource,pricing,pricing,0.0,0.0,0.0,0.0,0.0,0.0,0.0,0.0,0.0,0.0,0.0,0.0,0.0,0.0
mr1_single_res-host_cpu_single-k8s-v2-formal-r1-20260819075453,s05,single,1,host,RCD_seed2,resource,review-query,review-query;search,0.0,0.0,0.0,0.0,0.0,0.0,0.0,0.0,0.0,0.0,0.0,0.0,0.0,0.0
mr1_single_res-host_cpu_single-k8s-v2-formal-r1-20260819075453,s05,single,1,host,RCD_seed3,resource,catalog,catalog;checkout;review-query,0.0,0.0,0.0,0.0,0.0,0.0,0.0,0.0,0.0,0.0,0.0,0.0,0.0,0.0
mr1_single_res-host_cpu_single-k8s-v2-formal-r1-20260819075453,s05,single,1,host,RCD_seed4,resource,search,search;catalog-gw,0.0,0.0,0.0,0.0,0.0,0.0,0.0,0.0,0.0,0.0,0.0,0.0,0.0,0.0
mr1_single_res-host_cpu_single-k8s-v2-formal-r1-20260819075453,s05,single,1,host,delta_ratio,resource,host,host;catalog-gw;user;catalog;review-query,1.0,1.0,1.0,1.0,1.0,1.0,1.0,1.0,1.0,1.0,1.0,1.0,1.0,1.0
mr1_single_res-host_cpu_single-k8s-v2-formal-r1-20260819075453,s05,single,1,host,delta_z,resource,order,order;user;backend;host;cart,0.0,0.0,1.0,0.0,0.0,0.0,1.0,0.0,0.0,0.43067655807339306,0.0,0.0,1.0,0.25
mr2_cross_net-pod_failure_x_net_delay-k8s-v2-formal-r1-20260819080534,d16,dual,2,catalog-gw;catalog,BARO,full,checkout,checkout;pricing;catalog-gw;review-query;search,0.0,1.0,1.0,0.0,0.0,0.0,0.0,0.0,0.3065735963827292,0.3065735963827292,0.0,0.5,0.5,0.2121212121212121
mr2_cross_net-pod_failure_x_net_delay-k8s-v2-formal-r1-20260819080534,d16,dual,2,catalog-gw;catalog,RCD_seed0,full,pricing,pricing,0.0,0.0,0.0,0.0,0.0,0.0,0.0,0.0,0.0,0.0,0.0,0.0,0.0,0.0
mr2_cross_net-pod_failure_x_net_delay-k8s-v2-formal-r1-20260819080534,d16,dual,2,catalog-gw;catalog,RCD_seed1,full,pricing,pricing;inventory,0.0,0.0,0.0,0.0,0.0,0.0,0.0,0.0,0.0,0.0,0.0,0.0,0.0,0.0
mr2_cross_net-pod_failure_x_net_delay-k8s-v2-formal-r1-20260819080534,d16,dual,2,catalog-gw;catalog,RCD_seed2,full,checkout,checkout,0.0,0.0,0.0,0.0,0.0,0.0,0.0,0.0,0.0,0.0,0.0,0.0,0.0,0.0
mr2_cross_net-pod_failure_x_net_delay-k8s-v2-formal-r1-20260819080534,d16,dual,2,catalog-gw;catalog,RCD_seed3,full,pricing,pricing;checkout,0.0,0.0,0.0,0.0,0.0,0.0,0.0,0.0,0.0,0.0,0.0,0.0,0.0,0.0
mr2_cross_net-pod_failure_x_net_delay-k8s-v2-formal-r1-20260819080534,d16,dual,2,catalog-gw;catalog,RCD_seed4,full,pricing,pricing;inventory,0.0,0.0,0.0,0.0,0.0,0.0,0.0,0.0,0.0,0.0,0.0,0.0,0.0,0.0
mr2_cross_net-pod_failure_x_net_delay-k8s-v2-formal-r1-20260819080534,d16,dual,2,catalog-gw;catalog,delta_ratio,full,pricing,pricing;checkout;catalog;mysql;host,0.0,1.0,1.0,0.0,0.0,0.0,0.0,0.0,0.3065735963827292,0.3065735963827292,0.0,0.5,0.5,0.2222222222222222
mr2_cross_net-pod_failure_x_net_delay-k8s-v2-formal-r1-20260819080534,d16,dual,2,catalog-gw;catalog,delta_z,full,catalog,catalog;mysql;host;checkout;pricing,1.0,1.0,1.0,0.5,0.0,0.0,0.0,1.0,0.6131471927654584,0.6131471927654584,0.5,0.5,0.5,0.5555555555555556
mr2_cross_net-pod_failure_x_net_delay-k8s-v2-formal-r1-20260819080534,d16,dual,2,catalog-gw;catalog,BARO,resource,catalog-gw,catalog-gw;review-query;search;pricing;catalog,1.0,1.0,1.0,0.5,0.0,0.0,1.0,1.0,0.6131471927654584,0.8503449055347546,0.5,0.5,1.0,0.6
mr2_cross_net-pod_failure_x_net_delay-k8s-v2-formal-r1-20260819080534,d16,dual,2,catalog-gw;catalog,RCD_seed0,resource,pricing,pricing;inventory,0.0,0.0,0.0,0.0,0.0,0.0,0.0,0.0,0.0,0.0,0.0,0.0,0.0,0.0
mr2_cross_net-pod_failure_x_net_delay-k8s-v2-formal-r1-20260819080534,d16,dual,2,catalog-gw;catalog,RCD_seed1,resource,inventory,inventory;pricing,0.0,0.0,0.0,0.0,0.0,0.0,0.0,0.0,0.0,0.0,0.0,0.0,0.0,0.0
mr2_cross_net-pod_failure_x_net_delay-k8s-v2-formal-r1-20260819080534,d16,dual,2,catalog-gw;catalog,RCD_seed2,resource,inventory,inventory;pricing,0.0,0.0,0.0,0.0,0.0,0.0,0.0,0.0,0.0,0.0,0.0,0.0,0.0,0.0
mr2_cross_net-pod_failure_x_net_delay-k8s-v2-formal-r1-20260819080534,d16,dual,2,catalog-gw;catalog,RCD_seed3,resource,pricing,pricing;inventory,0.0,0.0,0.0,0.0,0.0,0.0,0.0,0.0,0.0,0.0,0.0,0.0,0.0,0.0
mr2_cross_net-pod_failure_x_net_delay-k8s-v2-formal-r1-20260819080534,d16,dual,2,catalog-gw;catalog,RCD_seed4,resource,inventory,inventory,0.0,0.0,0.0,0.0,0.0,0.0,0.0,0.0,0.0,0.0,0.0,0.0,0.0,0.0
mr2_cross_net-pod_failure_x_net_delay-k8s-v2-formal-r1-20260819080534,d16,dual,2,catalog-gw;catalog,delta_ratio,resource,mysql,mysql;host;catalog;checkout;order,0.0,1.0,1.0,0.0,0.0,0.0,0.0,0.0,0.3065735963827292,0.3065735963827292,0.0,0.5,0.5,0.23809523809523808
mr2_cross_net-pod_failure_x_net_delay-k8s-v2-formal-r1-20260819080534,d16,dual,2,catalog-gw;catalog,delta_z,resource,catalog,catalog;mysql;host;review-query;search,1.0,1.0,1.0,0.5,0.0,0.0,0.0,1.0,0.6131471927654584,0.6131471927654584,0.5,0.5,0.5,0.5833333333333334
mr1_single_res-service_cpu_single-k8s-v2-formal-r1-20260819080729,s13,single,1,checkout,BARO,full,order,order;checkout;sasrec;pricing;inventory,0.0,1.0,1.0,0.0,0.0,1.0,1.0,0.0,0.6309297535714575,0.6309297535714575,0.0,1.0,1.0,0.5
mr1_single_res-service_cpu_single-k8s-v2-formal-r1-20260819080729,s13,single,1,checkout,RCD_seed0,full,checkout,checkout;pricing,1.0,1.0,1.0,1.0,1.0,1.0,1.0,1.0,1.0,1.0,1.0,1.0,1.0,1.0
mr1_single_res-service_cpu_single-k8s-v2-formal-r1-20260819080729,s13,single,1,checkout,RCD_seed1,full,checkout,checkout,1.0,1.0,1.0,1.0,1.0,1.0,1.0,1.0,1.0,1.0,1.0,1.0,1.0,1.0
mr1_single_res-service_cpu_single-k8s-v2-formal-r1-20260819080729,s13,single,1,checkout,RCD_seed2,full,review-query,review-query;pricing,0.0,0.0,0.0,0.0,0.0,0.0,0.0,0.0,0.0,0.0,0.0,0.0,0.0,0.0
mr1_single_res-service_cpu_single-k8s-v2-formal-r1-20260819080729,s13,single,1,checkout,RCD_seed3,full,review-query,review-query;user,0.0,0.0,0.0,0.0,0.0,0.0,0.0,0.0,0.0,0.0,0.0,0.0,0.0,0.0
mr1_single_res-service_cpu_single-k8s-v2-formal-r1-20260819080729,s13,single,1,checkout,RCD_seed4,full,pricing,pricing,0.0,0.0,0.0,0.0,0.0,0.0,0.0,0.0,0.0,0.0,0.0,0.0,0.0,0.0
mr1_single_res-service_cpu_single-k8s-v2-formal-r1-20260819080729,s13,single,1,checkout,delta_ratio,full,user,user;catalog;checkout;backend;pricing,0.0,1.0,1.0,0.0,0.0,1.0,1.0,0.0,0.5,0.5,0.0,1.0,1.0,0.3333333333333333
mr1_single_res-service_cpu_single-k8s-v2-formal-r1-20260819080729,s13,single,1,checkout,delta_z,full,pricing,pricing;review-query;search;inventory;user,0.0,0.0,0.0,0.0,0.0,0.0,0.0,0.0,0.0,0.0,0.0,0.0,0.0,0.1
mr1_single_res-service_cpu_single-k8s-v2-formal-r1-20260819080729,s13,single,1,checkout,BARO,resource,checkout,checkout;sasrec;inventory;mysql;host,1.0,1.0,1.0,1.0,1.0,1.0,1.0,1.0,1.0,1.0,1.0,1.0,1.0,1.0
mr1_single_res-service_cpu_single-k8s-v2-formal-r1-20260819080729,s13,single,1,checkout,RCD_seed0,resource,review-query,review-query;backend,0.0,0.0,0.0,0.0,0.0,0.0,0.0,0.0,0.0,0.0,0.0,0.0,0.0,0.0
mr1_single_res-service_cpu_single-k8s-v2-formal-r1-20260819080729,s13,single,1,checkout,RCD_seed1,resource,backend,backend;checkout,0.0,1.0,1.0,0.0,0.0,1.0,1.0,0.0,0.6309297535714575,0.6309297535714575,0.0,1.0,1.0,0.5
mr1_single_res-service_cpu_single-k8s-v2-formal-r1-20260819080729,s13,single,1,checkout,RCD_seed2,resource,pricing,pricing,0.0,0.0,0.0,0.0,0.0,0.0,0.0,0.0,0.0,0.0,0.0,0.0,0.0,0.0
mr1_single_res-service_cpu_single-k8s-v2-formal-r1-20260819080729,s13,single,1,checkout,RCD_seed3,resource,pricing,pricing,0.0,0.0,0.0,0.0,0.0,0.0,0.0,0.0,0.0,0.0,0.0,0.0,0.0,0.0
mr1_single_res-service_cpu_single-k8s-v2-formal-r1-20260819080729,s13,single,1,checkout,RCD_seed4,resource,review-query,review-query;order,0.0,0.0,0.0,0.0,0.0,0.0,0.0,0.0,0.0,0.0,0.0,0.0,0.0,0.0
mr1_single_res-service_cpu_single-k8s-v2-formal-r1-20260819080729,s13,single,1,checkout,delta_ratio,resource,user,user;catalog-gw;catalog;host;review-query,0.0,0.0,0.0,0.0,0.0,0.0,0.0,0.0,0.0,0.0,0.0,0.0,0.0,0.09090909090909091
mr1_single_res-service_cpu_single-k8s-v2-formal-r1-20260819080729,s13,single,1,checkout,delta_z,resource,pricing,pricing;review-query;search;inventory;user,0.0,0.0,0.0,0.0,0.0,0.0,0.0,0.0,0.0,0.0,0.0,0.0,0.0,0.1
mr3_cross_res-pricing_cpu_x_catalog_latency_x_cfg_timeout-k8s-v2-formal-r1-20260819081548,t01,triple,3,pricing;catalog;catalog-gw,BARO,full,catalog,catalog;pricing;checkout;review-query;search,1.0,1.0,1.0,0.6666666666666666,0.0,0.0,0.0,1.0,0.7653606369886217,0.7653606369886217,0.3333333333333333,0.6666666666666666,0.6666666666666666,0.5555555555555556
mr3_cross_res-pricing_cpu_x_catalog_latency_x_cfg_timeout-k8s-v2-formal-r1-20260819081548,t01,triple,3,pricing;catalog;catalog-gw,RCD_seed0,full,catalog,catalog;pricing;checkout,1.0,1.0,1.0,0.6666666666666666,0.0,0.0,0.0,1.0,0.7653606369886217,0.7653606369886217,0.3333333333333333,0.6666666666666666,0.6666666666666666,0.5
mr3_cross_res-pricing_cpu_x_catalog_latency_x_cfg_timeout-k8s-v2-formal-r1-20260819081548,t01,triple,3,pricing;catalog;catalog-gw,RCD_seed1,full,catalog,catalog;cart,1.0,1.0,1.0,0.3333333333333333,0.0,0.0,0.0,1.0,0.46927872602275644,0.46927872602275644,0.3333333333333333,0.3333333333333333,0.3333333333333333,0.3333333333333333
mr3_cross_res-pricing_cpu_x_catalog_latency_x_cfg_timeout-k8s-v2-formal-r1-20260819081548,t01,triple,3,pricing;catalog;catalog-gw,RCD_seed2,full,search,search;catalog,0.0,1.0,1.0,0.3333333333333333,0.0,0.0,0.0,0.0,0.2960819109658652,0.2960819109658652,0.0,0.3333333333333333,0.3333333333333333,0.16666666666666666
mr3_cross_res-pricing_cpu_x_catalog_latency_x_cfg_timeout-k8s-v2-formal-r1-20260819081548,t01,triple,3,pricing;catalog;catalog-gw,RCD_seed3,full,pricing,pricing;review-query,1.0,1.0,1.0,0.3333333333333333,0.0,0.0,0.0,1.0,0.46927872602275644,0.46927872602275644,0.3333333333333333,0.3333333333333333,0.3333333333333333,0.3333333333333333
mr3_cross_res-pricing_cpu_x_catalog_latency_x_cfg_timeout-k8s-v2-formal-r1-20260819081548,t01,triple,3,pricing;catalog;catalog-gw,RCD_seed4,full,review-query,review-query;pricing,0.0,1.0,1.0,0.3333333333333333,0.0,0.0,0.0,0.0,0.2960819109658652,0.2960819109658652,0.0,0.3333333333333333,0.3333333333333333,0.16666666666666666
mr3_cross_res-pricing_cpu_x_catalog_latency_x_cfg_timeout-k8s-v2-formal-r1-20260819081548,t01,triple,3,pricing;catalog;catalog-gw,delta_ratio,full,pricing,pricing;search;host;catalog;review-query,1.0,1.0,1.0,0.3333333333333333,0.0,0.0,0.0,1.0,0.46927872602275644,0.6713860725233041,0.3333333333333333,0.3333333333333333,0.6666666666666666,0.44696969696969696
mr3_cross_res-pricing_cpu_x_catalog_latency_x_cfg_timeout-k8s-v2-formal-r1-20260819081548,t01,triple,3,pricing;catalog;catalog-gw,delta_z,full,catalog,catalog;pricing;search;host;sasrec,1.0,1.0,1.0,0.6666666666666666,0.0,0.0,0.0,1.0,0.7653606369886217,0.7653606369886217,0.3333333333333333,0.6666666666666666,0.6666666666666666,0.5303030303030303
mr3_cross_res-pricing_cpu_x_catalog_latency_x_cfg_timeout-k8s-v2-formal-r1-20260819081548,t01,triple,3,pricing;catalog;catalog-gw,BARO,resource,catalog,catalog;pricing;catalog-gw;host;backend,1.0,1.0,1.0,1.0,0.0,1.0,1.0,1.0,1.0,1.0,0.3333333333333333,1.0,1.0,0.611111111111111
mr3_cross_res-pricing_cpu_x_catalog_latency_x_cfg_timeout-k8s-v2-formal-r1-20260819081548,t01,triple,3,pricing;catalog;catalog-gw,RCD_seed0,resource,catalog,catalog,1.0,1.0,1.0,0.3333333333333333,0.0,0.0,0.0,1.0,0.46927872602275644,0.46927872602275644,0.3333333333333333,0.3333333333333333,0.3333333333333333,0.3333333333333333
mr3_cross_res-pricing_cpu_x_catalog_latency_x_cfg_timeout-k8s-v2-formal-r1-20260819081548,t01,triple,3,pricing;catalog;catalog-gw,RCD_seed1,resource,cart,cart;catalog,0.0,1.0,1.0,0.3333333333333333,0.0,0.0,0.0,0.0,0.2960819109658652,0.2960819109658652,0.0,0.3333333333333333,0.3333333333333333,0.16666666666666666
mr3_cross_res-pricing_cpu_x_catalog_latency_x_cfg_timeout-k8s-v2-formal-r1-20260819081548,t01,triple,3,pricing;catalog;catalog-gw,RCD_seed2,resource,catalog,catalog;cart,1.0,1.0,1.0,0.3333333333333333,0.0,0.0,0.0,1.0,0.46927872602275644,0.46927872602275644,0.3333333333333333,0.3333333333333333,0.3333333333333333,0.3333333333333333
mr3_cross_res-pricing_cpu_x_catalog_latency_x_cfg_timeout-k8s-v2-formal-r1-20260819081548,t01,triple,3,pricing;catalog;catalog-gw,RCD_seed3,resource,catalog,catalog,1.0,1.0,1.0,0.3333333333333333,0.0,0.0,0.0,1.0,0.46927872602275644,0.46927872602275644,0.3333333333333333,0.3333333333333333,0.3333333333333333,0.3333333333333333
mr3_cross_res-pricing_cpu_x_catalog_latency_x_cfg_timeout-k8s-v2-formal-r1-20260819081548,t01,triple,3,pricing;catalog;catalog-gw,RCD_seed4,resource,catalog,catalog,1.0,1.0,1.0,0.3333333333333333,0.0,0.0,0.0,1.0,0.46927872602275644,0.46927872602275644,0.3333333333333333,0.3333333333333333,0.3333333333333333,0.3333333333333333
mr3_cross_res-pricing_cpu_x_catalog_latency_x_cfg_timeout-k8s-v2-formal-r1-20260819081548,t01,triple,3,pricing;catalog;catalog-gw,delta_ratio,resource,pricing,pricing;host;catalog;search;review-query,1.0,1.0,1.0,0.6666666666666666,0.0,0.0,0.0,1.0,0.7039180890341347,0.7039180890341347,0.3333333333333333,0.6666666666666666,0.6666666666666666,0.47008547008547
mr3_cross_res-pricing_cpu_x_catalog_latency_x_cfg_timeout-k8s-v2-formal-r1-20260819081548,t01,triple,3,pricing;catalog;catalog-gw,delta_z,resource,catalog,catalog;pricing;host;sasrec;search,1.0,1.0,1.0,0.6666666666666666,0.0,0.0,0.0,1.0,0.7653606369886217,0.7653606369886217,0.3333333333333333,0.6666666666666666,0.6666666666666666,0.5370370370370371
mr1_single_res-service_cpu_single-k8s-v2-formal-r1-20260819081741,s12,single,1,backend,BARO,full,inventory,inventory;sasrec;backend;order;checkout,0.0,1.0,1.0,0.0,0.0,1.0,1.0,0.0,0.5,0.5,0.0,1.0,1.0,0.3333333333333333
mr1_single_res-service_cpu_single-k8s-v2-formal-r1-20260819081741,s12,single,1,backend,RCD_seed0,full,checkout,checkout,0.0,0.0,0.0,0.0,0.0,0.0,0.0,0.0,0.0,0.0,0.0,0.0,0.0,0.0
mr1_single_res-service_cpu_single-k8s-v2-formal-r1-20260819081741,s12,single,1,backend,RCD_seed1,full,catalog-gw,catalog-gw;pricing,0.0,0.0,0.0,0.0,0.0,0.0,0.0,0.0,0.0,0.0,0.0,0.0,0.0,0.0
mr1_single_res-service_cpu_single-k8s-v2-formal-r1-20260819081741,s12,single,1,backend,RCD_seed2,full,pricing,pricing;checkout,0.0,0.0,0.0,0.0,0.0,0.0,0.0,0.0,0.0,0.0,0.0,0.0,0.0,0.0
mr1_single_res-service_cpu_single-k8s-v2-formal-r1-20260819081741,s12,single,1,backend,RCD_seed3,full,sasrec,sasrec;inventory,0.0,0.0,0.0,0.0,0.0,0.0,0.0,0.0,0.0,0.0,0.0,0.0,0.0,0.0
mr1_single_res-service_cpu_single-k8s-v2-formal-r1-20260819081741,s12,single,1,backend,RCD_seed4,full,checkout,checkout,0.0,0.0,0.0,0.0,0.0,0.0,0.0,0.0,0.0,0.0,0.0,0.0,0.0,0.0
mr1_single_res-service_cpu_single-k8s-v2-formal-r1-20260819081741,s12,single,1,backend,delta_ratio,full,backend,backend;host;order;catalog-gw;search,1.0,1.0,1.0,1.0,1.0,1.0,1.0,1.0,1.0,1.0,1.0,1.0,1.0,1.0
mr1_single_res-service_cpu_single-k8s-v2-formal-r1-20260819081741,s12,single,1,backend,delta_z,full,backend,backend;inventory;catalog-gw;mysql;host,1.0,1.0,1.0,1.0,1.0,1.0,1.0,1.0,1.0,1.0,1.0,1.0,1.0,1.0
mr1_single_res-service_cpu_single-k8s-v2-formal-r1-20260819081741,s12,single,1,backend,BARO,resource,backend,backend;order;checkout;inventory;host,1.0,1.0,1.0,1.0,1.0,1.0,1.0,1.0,1.0,1.0,1.0,1.0,1.0,1.0
mr1_single_res-service_cpu_single-k8s-v2-formal-r1-20260819081741,s12,single,1,backend,RCD_seed0,resource,sasrec,sasrec;backend;pricing,0.0,1.0,1.0,0.0,0.0,1.0,1.0,0.0,0.6309297535714575,0.6309297535714575,0.0,1.0,1.0,0.5
mr1_single_res-service_cpu_single-k8s-v2-formal-r1-20260819081741,s12,single,1,backend,RCD_seed1,resource,checkout,checkout;pricing,0.0,0.0,0.0,0.0,0.0,0.0,0.0,0.0,0.0,0.0,0.0,0.0,0.0,0.0
mr1_single_res-service_cpu_single-k8s-v2-formal-r1-20260819081741,s12,single,1,backend,RCD_seed2,resource,backend,backend;checkout,1.0,1.0,1.0,1.0,1.0,1.0,1.0,1.0,1.0,1.0,1.0,1.0,1.0,1.0
mr1_single_res-service_cpu_single-k8s-v2-formal-r1-20260819081741,s12,single,1,backend,RCD_seed3,resource,backend,backend;checkout,1.0,1.0,1.0,1.0,1.0,1.0,1.0,1.0,1.0,1.0,1.0,1.0,1.0,1.0
mr1_single_res-service_cpu_single-k8s-v2-formal-r1-20260819081741,s12,single,1,backend,RCD_seed4,resource,checkout,checkout;backend,0.0,1.0,1.0,0.0,0.0,1.0,1.0,0.0,0.6309297535714575,0.6309297535714575,0.0,1.0,1.0,0.5
mr1_single_res-service_cpu_single-k8s-v2-formal-r1-20260819081741,s12,single,1,backend,delta_ratio,resource,backend,backend;host;search;mysql;order,1.0,1.0,1.0,1.0,1.0,1.0,1.0,1.0,1.0,1.0,1.0,1.0,1.0,1.0
mr1_single_res-service_cpu_single-k8s-v2-formal-r1-20260819081741,s12,single,1,backend,delta_z,resource,backend,backend;inventory;catalog-gw;mysql;host,1.0,1.0,1.0,1.0,1.0,1.0,1.0,1.0,1.0,1.0,1.0,1.0,1.0,1.0
mr1_single_lif-pod_failure_single-k8s-v2-formal-r1-20260819082056,s19,single,1,search,BARO,full,pricing,pricing;search;backend;inventory;sasrec,0.0,1.0,1.0,0.0,0.0,1.0,1.0,0.0,0.6309297535714575,0.6309297535714575,0.0,1.0,1.0,0.5
mr1_single_lif-pod_failure_single-k8s-v2-formal-r1-20260819082056,s19,single,1,search,RCD_seed0,full,pricing,pricing;search,0.0,1.0,1.0,0.0,0.0,1.0,1.0,0.0,0.6309297535714575,0.6309297535714575,0.0,1.0,1.0,0.5
mr1_single_lif-pod_failure_single-k8s-v2-formal-r1-20260819082056,s19,single,1,search,RCD_seed1,full,review-query,review-query;catalog-gw,0.0,0.0,0.0,0.0,0.0,0.0,0.0,0.0,0.0,0.0,0.0,0.0,0.0,0.0
mr1_single_lif-pod_failure_single-k8s-v2-formal-r1-20260819082056,s19,single,1,search,RCD_seed2,full,review-query,review-query;mysql,0.0,0.0,0.0,0.0,0.0,0.0,0.0,0.0,0.0,0.0,0.0,0.0,0.0,0.0
mr1_single_lif-pod_failure_single-k8s-v2-formal-r1-20260819082056,s19,single,1,search,RCD_seed3,full,catalog-gw,catalog-gw;backend,0.0,0.0,0.0,0.0,0.0,0.0,0.0,0.0,0.0,0.0,0.0,0.0,0.0,0.0
mr1_single_lif-pod_failure_single-k8s-v2-formal-r1-20260819082056,s19,single,1,search,RCD_seed4,full,catalog-gw,catalog-gw,0.0,0.0,0.0,0.0,0.0,0.0,0.0,0.0,0.0,0.0,0.0,0.0,0.0,0.0
mr1_single_lif-pod_failure_single-k8s-v2-formal-r1-20260819082056,s19,single,1,search,delta_ratio,full,search,search;backend;catalog-gw;catalog;mysql,1.0,1.0,1.0,1.0,1.0,1.0,1.0,1.0,1.0,1.0,1.0,1.0,1.0,1.0
mr1_single_lif-pod_failure_single-k8s-v2-formal-r1-20260819082056,s19,single,1,search,delta_z,full,search,search;backend;mysql;inventory;sasrec,1.0,1.0,1.0,1.0,1.0,1.0,1.0,1.0,1.0,1.0,1.0,1.0,1.0,1.0
mr1_single_lif-pod_failure_single-k8s-v2-formal-r1-20260819082056,s19,single,1,search,BARO,resource,search,search;backend;inventory;pricing;review-query,1.0,1.0,1.0,1.0,1.0,1.0,1.0,1.0,1.0,1.0,1.0,1.0,1.0,1.0
mr1_single_lif-pod_failure_single-k8s-v2-formal-r1-20260819082056,s19,single,1,search,RCD_seed0,resource,inventory,inventory;backend;pricing,0.0,0.0,0.0,0.0,0.0,0.0,0.0,0.0,0.0,0.0,0.0,0.0,0.0,0.0
mr1_single_lif-pod_failure_single-k8s-v2-formal-r1-20260819082056,s19,single,1,search,RCD_seed1,resource,catalog-gw,catalog-gw;pricing,0.0,0.0,0.0,0.0,0.0,0.0,0.0,0.0,0.0,0.0,0.0,0.0,0.0,0.0
mr1_single_lif-pod_failure_single-k8s-v2-formal-r1-20260819082056,s19,single,1,search,RCD_seed2,resource,search,search;backend,1.0,1.0,1.0,1.0,1.0,1.0,1.0,1.0,1.0,1.0,1.0,1.0,1.0,1.0
mr1_single_lif-pod_failure_single-k8s-v2-formal-r1-20260819082056,s19,single,1,search,RCD_seed3,resource,inventory,inventory;sasrec,0.0,0.0,0.0,0.0,0.0,0.0,0.0,0.0,0.0,0.0,0.0,0.0,0.0,0.0
mr1_single_lif-pod_failure_single-k8s-v2-formal-r1-20260819082056,s19,single,1,search,RCD_seed4,resource,user,user,0.0,0.0,0.0,0.0,0.0,0.0,0.0,0.0,0.0,0.0,0.0,0.0,0.0,0.0
mr1_single_lif-pod_failure_single-k8s-v2-formal-r1-20260819082056,s19,single,1,search,delta_ratio,resource,search,search;catalog-gw;catalog;mysql;host,1.0,1.0,1.0,1.0,1.0,1.0,1.0,1.0,1.0,1.0,1.0,1.0,1.0,1.0
mr1_single_lif-pod_failure_single-k8s-v2-formal-r1-20260819082056,s19,single,1,search,delta_z,resource,search,search;mysql;inventory;sasrec;pricing,1.0,1.0,1.0,1.0,1.0,1.0,1.0,1.0,1.0,1.0,1.0,1.0,1.0,1.0
mr2_intra_res-recagent_cpu_x_backend_cpu-k8s-v2-formal-r1-20260819083350,d20,dual,2,rec-agent;backend,BARO,full,rec-agent,rec-agent;sasrec;backend;catalog-gw;host,1.0,1.0,1.0,0.5,0.0,1.0,1.0,1.0,0.9197207891481876,0.9197207891481876,0.5,1.0,1.0,0.6666666666666666
mr2_intra_res-recagent_cpu_x_backend_cpu-k8s-v2-formal-r1-20260819083350,d20,dual,2,rec-agent;backend,RCD_seed0,full,rec-agent,rec-agent,1.0,1.0,1.0,0.5,0.0,0.0,0.0,1.0,0.6131471927654584,0.6131471927654584,0.5,0.5,0.5,0.5
mr2_intra_res-recagent_cpu_x_backend_cpu-k8s-v2-formal-r1-20260819083350,d20,dual,2,rec-agent;backend,RCD_seed1,full,rec-agent,rec-agent,1.0,1.0,1.0,0.5,0.0,0.0,0.0,1.0,0.6131471927654584,0.6131471927654584,0.5,0.5,0.5,0.5
mr2_intra_res-recagent_cpu_x_backend_cpu-k8s-v2-formal-r1-20260819083350,d20,dual,2,rec-agent;backend,RCD_seed2,full,rec-agent,rec-agent,1.0,1.0,1.0,0.5,0.0,0.0,0.0,1.0,0.6131471927654584,0.6131471927654584,0.5,0.5,0.5,0.5
mr2_intra_res-recagent_cpu_x_backend_cpu-k8s-v2-formal-r1-20260819083350,d20,dual,2,rec-agent;backend,RCD_seed3,full,rec-agent,rec-agent,1.0,1.0,1.0,0.5,0.0,0.0,0.0,1.0,0.6131471927654584,0.6131471927654584,0.5,0.5,0.5,0.5
mr2_intra_res-recagent_cpu_x_backend_cpu-k8s-v2-formal-r1-20260819083350,d20,dual,2,rec-agent;backend,RCD_seed4,full,rec-agent,rec-agent,1.0,1.0,1.0,0.5,0.0,0.0,0.0,1.0,0.6131471927654584,0.6131471927654584,0.5,0.5,0.5,0.5
mr2_intra_res-recagent_cpu_x_backend_cpu-k8s-v2-formal-r1-20260819083350,d20,dual,2,rec-agent;backend,delta_ratio,full,rec-agent,rec-agent;backend;host;catalog;search,1.0,1.0,1.0,1.0,0.0,1.0,1.0,1.0,1.0,1.0,0.5,1.0,1.0,0.75
mr2_intra_res-recagent_cpu_x_backend_cpu-k8s-v2-formal-r1-20260819083350,d20,dual,2,rec-agent;backend,delta_z,full,rec-agent,rec-agent;backend;host;sasrec;search,1.0,1.0,1.0,1.0,0.0,1.0,1.0,1.0,1.0,1.0,0.5,1.0,1.0,0.75
mr2_intra_res-recagent_cpu_x_backend_cpu-k8s-v2-formal-r1-20260819083350,d20,dual,2,rec-agent;backend,BARO,resource,backend,backend;catalog-gw;host;rec-agent;catalog,1.0,1.0,1.0,0.5,0.0,0.0,1.0,1.0,0.6131471927654584,0.8772153153380493,0.5,0.5,1.0,0.625
mr2_intra_res-recagent_cpu_x_backend_cpu-k8s-v2-formal-r1-20260819083350,d20,dual,2,rec-agent;backend,RCD_seed0,resource,rec-agent,rec-agent,1.0,1.0,1.0,0.5,0.0,0.0,0.0,1.0,0.6131471927654584,0.6131471927654584,0.5,0.5,0.5,0.5
mr2_intra_res-recagent_cpu_x_backend_cpu-k8s-v2-formal-r1-20260819083350,d20,dual,2,rec-agent;backend,RCD_seed1,resource,rec-agent,rec-agent,1.0,1.0,1.0,0.5,0.0,0.0,0.0,1.0,0.6131471927654584,0.6131471927654584,0.5,0.5,0.5,0.5
mr2_intra_res-recagent_cpu_x_backend_cpu-k8s-v2-formal-r1-20260819083350,d20,dual,2,rec-agent;backend,RCD_seed2,resource,rec-agent,rec-agent,1.0,1.0,1.0,0.5,0.0,0.0,0.0,1.0,0.6131471927654584,0.6131471927654584,0.5,0.5,0.5,0.5
mr2_intra_res-recagent_cpu_x_backend_cpu-k8s-v2-formal-r1-20260819083350,d20,dual,2,rec-agent;backend,RCD_seed3,resource,rec-agent,rec-agent,1.0,1.0,1.0,0.5,0.0,0.0,0.0,1.0,0.6131471927654584,0.6131471927654584,0.5,0.5,0.5,0.5
mr2_intra_res-recagent_cpu_x_backend_cpu-k8s-v2-formal-r1-20260819083350,d20,dual,2,rec-agent;backend,RCD_seed4,resource,rec-agent,rec-agent,1.0,1.0,1.0,0.5,0.0,0.0,0.0,1.0,0.6131471927654584,0.6131471927654584,0.5,0.5,0.5,0.5
mr2_intra_res-recagent_cpu_x_backend_cpu-k8s-v2-formal-r1-20260819083350,d20,dual,2,rec-agent;backend,delta_ratio,resource,rec-agent,rec-agent;backend;host;search;checkout,1.0,1.0,1.0,1.0,0.0,1.0,1.0,1.0,1.0,1.0,0.5,1.0,1.0,0.75
mr2_intra_res-recagent_cpu_x_backend_cpu-k8s-v2-formal-r1-20260819083350,d20,dual,2,rec-agent;backend,delta_z,resource,rec-agent,rec-agent;backend;host;sasrec;search,1.0,1.0,1.0,1.0,0.0,1.0,1.0,1.0,1.0,1.0,0.5,1.0,1.0,0.75
mr2_cross_res-catalog_latency_x_svc_cpu-k8s-v2-formal-r1-20260819084036,d15,single,1,catalog,BARO,full,catalog,catalog;review-query;checkout;pricing;search,1.0,1.0,1.0,1.0,1.0,1.0,1.0,1.0,1.0,1.0,1.0,1.0,1.0,1.0
mr2_cross_res-catalog_latency_x_svc_cpu-k8s-v2-formal-r1-20260819084036,d15,single,1,catalog,RCD_seed0,full,review-query,review-query;sasrec;search,0.0,0.0,0.0,0.0,0.0,0.0,0.0,0.0,0.0,0.0,0.0,0.0,0.0,0.0
mr2_cross_res-catalog_latency_x_svc_cpu-k8s-v2-formal-r1-20260819084036,d15,single,1,catalog,RCD_seed1,full,search,search;catalog,0.0,1.0,1.0,0.0,0.0,1.0,1.0,0.0,0.6309297535714575,0.6309297535714575,0.0,1.0,1.0,0.5
mr2_cross_res-catalog_latency_x_svc_cpu-k8s-v2-formal-r1-20260819084036,d15,single,1,catalog,RCD_seed2,full,sasrec,sasrec;catalog,0.0,1.0,1.0,0.0,0.0,1.0,1.0,0.0,0.6309297535714575,0.6309297535714575,0.0,1.0,1.0,0.5
mr2_cross_res-catalog_latency_x_svc_cpu-k8s-v2-formal-r1-20260819084036,d15,single,1,catalog,RCD_seed3,full,checkout,checkout;user;catalog;search,0.0,1.0,1.0,0.0,0.0,1.0,1.0,0.0,0.5,0.5,0.0,1.0,1.0,0.3333333333333333
mr2_cross_res-catalog_latency_x_svc_cpu-k8s-v2-formal-r1-20260819084036,d15,single,1,catalog,RCD_seed4,full,search,search;catalog;sasrec;pricing,0.0,1.0,1.0,0.0,0.0,1.0,1.0,0.0,0.6309297535714575,0.6309297535714575,0.0,1.0,1.0,0.5
mr2_cross_res-catalog_latency_x_svc_cpu-k8s-v2-formal-r1-20260819084036,d15,single,1,catalog,delta_ratio,full,catalog,catalog;host;search;pricing;review-query,1.0,1.0,1.0,1.0,1.0,1.0,1.0,1.0,1.0,1.0,1.0,1.0,1.0,1.0
mr2_cross_res-catalog_latency_x_svc_cpu-k8s-v2-formal-r1-20260819084036,d15,single,1,catalog,delta_z,full,catalog,catalog;sasrec;backend;host;search,1.0,1.0,1.0,1.0,1.0,1.0,1.0,1.0,1.0,1.0,1.0,1.0,1.0,1.0
mr2_cross_res-catalog_latency_x_svc_cpu-k8s-v2-formal-r1-20260819084036,d15,single,1,catalog,BARO,resource,catalog,catalog;host;backend;search;pricing,1.0,1.0,1.0,1.0,1.0,1.0,1.0,1.0,1.0,1.0,1.0,1.0,1.0,1.0
mr2_cross_res-catalog_latency_x_svc_cpu-k8s-v2-formal-r1-20260819084036,d15,single,1,catalog,RCD_seed0,resource,catalog,catalog;sasrec,1.0,1.0,1.0,1.0,1.0,1.0,1.0,1.0,1.0,1.0,1.0,1.0,1.0,1.0
mr2_cross_res-catalog_latency_x_svc_cpu-k8s-v2-formal-r1-20260819084036,d15,single,1,catalog,RCD_seed1,resource,sasrec,sasrec;user;catalog,0.0,1.0,1.0,0.0,0.0,1.0,1.0,0.0,0.5,0.5,0.0,1.0,1.0,0.3333333333333333
mr2_cross_res-catalog_latency_x_svc_cpu-k8s-v2-formal-r1-20260819084036,d15,single,1,catalog,RCD_seed2,resource,sasrec,sasrec;catalog,0.0,1.0,1.0,0.0,0.0,1.0,1.0,0.0,0.6309297535714575,0.6309297535714575,0.0,1.0,1.0,0.5
mr2_cross_res-catalog_latency_x_svc_cpu-k8s-v2-formal-r1-20260819084036,d15,single,1,catalog,RCD_seed3,resource,catalog,catalog;user,1.0,1.0,1.0,1.0,1.0,1.0,1.0,1.0,1.0,1.0,1.0,1.0,1.0,1.0
mr2_cross_res-catalog_latency_x_svc_cpu-k8s-v2-formal-r1-20260819084036,d15,single,1,catalog,RCD_seed4,resource,catalog,catalog;sasrec,1.0,1.0,1.0,1.0,1.0,1.0,1.0,1.0,1.0,1.0,1.0,1.0,1.0,1.0
mr2_cross_res-catalog_latency_x_svc_cpu-k8s-v2-formal-r1-20260819084036,d15,single,1,catalog,delta_ratio,resource,catalog,catalog;host;search;checkout;order,1.0,1.0,1.0,1.0,1.0,1.0,1.0,1.0,1.0,1.0,1.0,1.0,1.0,1.0
mr2_cross_res-catalog_latency_x_svc_cpu-k8s-v2-formal-r1-20260819084036,d15,single,1,catalog,delta_z,resource,catalog,catalog;sasrec;host;search;catalog-gw,1.0,1.0,1.0,1.0,1.0,1.0,1.0,1.0,1.0,1.0,1.0,1.0,1.0,1.0
mr1_single_res-service_cpu_single-k8s-v2-formal-r1-20260819084600,s11,single,1,review-query,BARO,full,checkout,checkout;review-query;order;catalog-gw;catalog,0.0,1.0,1.0,0.0,0.0,1.0,1.0,0.0,0.6309297535714575,0.6309297535714575,0.0,1.0,1.0,0.5
mr1_single_res-service_cpu_single-k8s-v2-formal-r1-20260819084600,s11,single,1,review-query,RCD_seed0,full,checkout,checkout,0.0,0.0,0.0,0.0,0.0,0.0,0.0,0.0,0.0,0.0,0.0,0.0,0.0,0.0
mr1_single_res-service_cpu_single-k8s-v2-formal-r1-20260819084600,s11,single,1,review-query,RCD_seed1,full,checkout,checkout,0.0,0.0,0.0,0.0,0.0,0.0,0.0,0.0,0.0,0.0,0.0,0.0,0.0,0.0
mr1_single_res-service_cpu_single-k8s-v2-formal-r1-20260819084600,s11,single,1,review-query,RCD_seed2,full,checkout,checkout,0.0,0.0,0.0,0.0,0.0,0.0,0.0,0.0,0.0,0.0,0.0,0.0,0.0,0.0
mr1_single_res-service_cpu_single-k8s-v2-formal-r1-20260819084600,s11,single,1,review-query,RCD_seed3,full,order,order;checkout,0.0,0.0,0.0,0.0,0.0,0.0,0.0,0.0,0.0,0.0,0.0,0.0,0.0,0.0
mr1_single_res-service_cpu_single-k8s-v2-formal-r1-20260819084600,s11,single,1,review-query,RCD_seed4,full,order,order,0.0,0.0,0.0,0.0,0.0,0.0,0.0,0.0,0.0,0.0,0.0,0.0,0.0,0.0
mr1_single_res-service_cpu_single-k8s-v2-formal-r1-20260819084600,s11,single,1,review-query,delta_ratio,full,review-query,review-query;catalog;host;backend;order,1.0,1.0,1.0,1.0,1.0,1.0,1.0,1.0,1.0,1.0,1.0,1.0,1.0,1.0
mr1_single_res-service_cpu_single-k8s-v2-formal-r1-20260819084600,s11,single,1,review-query,delta_z,full,backend,backend;review-query;catalog-gw;catalog;mysql,0.0,1.0,1.0,0.0,0.0,1.0,1.0,0.0,0.6309297535714575,0.6309297535714575,0.0,1.0,1.0,0.5
mr1_single_res-service_cpu_single-k8s-v2-formal-r1-20260819084600,s11,single,1,review-query,BARO,resource,review-query,review-query;checkout;order;catalog-gw;catalog,1.0,1.0,1.0,1.0,1.0,1.0,1.0,1.0,1.0,1.0,1.0,1.0,1.0,1.0
mr1_single_res-service_cpu_single-k8s-v2-formal-r1-20260819084600,s11,single,1,review-query,RCD_seed0,resource,checkout,checkout,0.0,0.0,0.0,0.0,0.0,0.0,0.0,0.0,0.0,0.0,0.0,0.0,0.0,0.0
mr1_single_res-service_cpu_single-k8s-v2-formal-r1-20260819084600,s11,single,1,review-query,RCD_seed1,resource,inventory,inventory;backend,0.0,0.0,0.0,0.0,0.0,0.0,0.0,0.0,0.0,0.0,0.0,0.0,0.0,0.0
mr1_single_res-service_cpu_single-k8s-v2-formal-r1-20260819084600,s11,single,1,review-query,RCD_seed2,resource,backend,backend;order,0.0,0.0,0.0,0.0,0.0,0.0,0.0,0.0,0.0,0.0,0.0,0.0,0.0,0.0
mr1_single_res-service_cpu_single-k8s-v2-formal-r1-20260819084600,s11,single,1,review-query,RCD_seed3,resource,checkout,checkout;backend,0.0,0.0,0.0,0.0,0.0,0.0,0.0,0.0,0.0,0.0,0.0,0.0,0.0,0.0
mr1_single_res-service_cpu_single-k8s-v2-formal-r1-20260819084600,s11,single,1,review-query,RCD_seed4,resource,user,user;catalog,0.0,0.0,0.0,0.0,0.0,0.0,0.0,0.0,0.0,0.0,0.0,0.0,0.0,0.0
mr1_single_res-service_cpu_single-k8s-v2-formal-r1-20260819084600,s11,single,1,review-query,delta_ratio,resource,review-query,review-query;host;checkout;mysql;cart,1.0,1.0,1.0,1.0,1.0,1.0,1.0,1.0,1.0,1.0,1.0,1.0,1.0,1.0
mr1_single_res-service_cpu_single-k8s-v2-formal-r1-20260819084600,s11,single,1,review-query,delta_z,resource,review-query,review-query;catalog-gw;mysql;sasrec;checkout,1.0,1.0,1.0,1.0,1.0,1.0,1.0,1.0,1.0,1.0,1.0,1.0,1.0,1.0
mr2_cross_res-sasrec_cpu_x_catalog_netdelay-k8s-v2-formal-r1-20260819084927,d09,dual,2,sasrec;catalog-gw,BARO,full,pricing,pricing;checkout;sasrec;host;inventory,0.0,1.0,1.0,0.0,0.0,0.0,0.0,0.0,0.3065735963827292,0.3065735963827292,0.0,0.5,0.5,0.20238095238095238
mr2_cross_res-sasrec_cpu_x_catalog_netdelay-k8s-v2-formal-r1-20260819084927,d09,dual,2,sasrec;catalog-gw,RCD_seed0,full,inventory,inventory;pricing;checkout,0.0,0.0,0.0,0.0,0.0,0.0,0.0,0.0,0.0,0.0,0.0,0.0,0.0,0.0
mr2_cross_res-sasrec_cpu_x_catalog_netdelay-k8s-v2-formal-r1-20260819084927,d09,dual,2,sasrec;catalog-gw,RCD_seed1,full,search,search;inventory,0.0,0.0,0.0,0.0,0.0,0.0,0.0,0.0,0.0,0.0,0.0,0.0,0.0,0.0
mr2_cross_res-sasrec_cpu_x_catalog_netdelay-k8s-v2-formal-r1-20260819084927,d09,dual,2,sasrec;catalog-gw,RCD_seed2,full,search,search;pricing;inventory;cart,0.0,0.0,0.0,0.0,0.0,0.0,0.0,0.0,0.0,0.0,0.0,0.0,0.0,0.0
mr2_cross_res-sasrec_cpu_x_catalog_netdelay-k8s-v2-formal-r1-20260819084927,d09,dual,2,sasrec;catalog-gw,RCD_seed3,full,cart,cart;inventory;pricing,0.0,0.0,0.0,0.0,0.0,0.0,0.0,0.0,0.0,0.0,0.0,0.0,0.0,0.0
mr2_cross_res-sasrec_cpu_x_catalog_netdelay-k8s-v2-formal-r1-20260819084927,d09,dual,2,sasrec;catalog-gw,RCD_seed4,full,inventory,inventory;pricing,0.0,0.0,0.0,0.0,0.0,0.0,0.0,0.0,0.0,0.0,0.0,0.0,0.0,0.0
mr2_cross_res-sasrec_cpu_x_catalog_netdelay-k8s-v2-formal-r1-20260819084927,d09,dual,2,sasrec;catalog-gw,delta_ratio,full,mysql,mysql;sasrec;host;pricing;checkout,0.0,1.0,1.0,0.5,0.0,0.0,0.0,0.0,0.38685280723454163,0.38685280723454163,0.0,0.5,0.5,0.2833333333333333
mr2_cross_res-sasrec_cpu_x_catalog_netdelay-k8s-v2-formal-r1-20260819084927,d09,dual,2,sasrec;catalog-gw,delta_z,full,mysql,mysql;sasrec;host;inventory;review-query,0.0,1.0,1.0,0.5,0.0,0.0,0.0,0.0,0.38685280723454163,0.38685280723454163,0.0,0.5,0.5,0.2833333333333333
mr2_cross_res-sasrec_cpu_x_catalog_netdelay-k8s-v2-formal-r1-20260819084927,d09,dual,2,sasrec;catalog-gw,BARO,resource,sasrec,sasrec;host;inventory;pricing;search,1.0,1.0,1.0,0.5,0.0,0.0,0.0,1.0,0.6131471927654584,0.6131471927654584,0.5,0.5,0.5,0.5454545454545454
mr2_cross_res-sasrec_cpu_x_catalog_netdelay-k8s-v2-formal-r1-20260819084927,d09,dual,2,sasrec;catalog-gw,RCD_seed0,resource,search,search;checkout;cart;sasrec,0.0,0.0,1.0,0.0,0.0,0.0,0.0,0.0,0.0,0.2640681225725909,0.0,0.0,0.5,0.125
mr2_cross_res-sasrec_cpu_x_catalog_netdelay-k8s-v2-formal-r1-20260819084927,d09,dual,2,sasrec;catalog-gw,RCD_seed1,resource,inventory,inventory;pricing;cart;search,0.0,0.0,0.0,0.0,0.0,0.0,0.0,0.0,0.0,0.0,0.0,0.0,0.0,0.0
mr2_cross_res-sasrec_cpu_x_catalog_netdelay-k8s-v2-formal-r1-20260819084927,d09,dual,2,sasrec;catalog-gw,RCD_seed2,resource,checkout,checkout;inventory;cart,0.0,0.0,0.0,0.0,0.0,0.0,0.0,0.0,0.0,0.0,0.0,0.0,0.0,0.0
mr2_cross_res-sasrec_cpu_x_catalog_netdelay-k8s-v2-formal-r1-20260819084927,d09,dual,2,sasrec;catalog-gw,RCD_seed3,resource,checkout,checkout;pricing;cart,0.0,0.0,0.0,0.0,0.0,0.0,0.0,0.0,0.0,0.0,0.0,0.0,0.0,0.0
mr2_cross_res-sasrec_cpu_x_catalog_netdelay-k8s-v2-formal-r1-20260819084927,d09,dual,2,sasrec;catalog-gw,RCD_seed4,resource,inventory,inventory;search;pricing;checkout;user,0.0,0.0,0.0,0.0,0.0,0.0,0.0,0.0,0.0,0.0,0.0,0.0,0.0,0.0
mr2_cross_res-sasrec_cpu_x_catalog_netdelay-k8s-v2-formal-r1-20260819084927,d09,dual,2,sasrec;catalog-gw,delta_ratio,resource,mysql,mysql;sasrec;host;pricing;catalog,0.0,1.0,1.0,0.5,0.0,0.0,0.0,0.0,0.38685280723454163,0.38685280723454163,0.0,0.5,0.5,0.3
mr2_cross_res-sasrec_cpu_x_catalog_netdelay-k8s-v2-formal-r1-20260819084927,d09,dual,2,sasrec;catalog-gw,delta_z,resource,mysql,mysql;sasrec;host;inventory;review-query,0.0,1.0,1.0,0.5,0.0,0.0,0.0,0.0,0.38685280723454163,0.38685280723454163,0.0,0.5,0.5,0.2857142857142857
mr3_cross_net-recagent_netdelay_x_sasrec_cpu_x_catalog_podfail-k8s-v2-formal-r1-20260819090228,t07,triple,3,rec-agent;sasrec;catalog,BARO,full,search,search;sasrec;rec-agent;order;catalog,0.0,1.0,1.0,0.6666666666666666,0.0,0.0,1.0,0.0,0.5307212739772434,0.7122630665145961,0.0,0.6666666666666666,1.0,0.3444444444444444
mr3_cross_net-recagent_netdelay_x_sasrec_cpu_x_catalog_podfail-k8s-v2-formal-r1-20260819090228,t07,triple,3,rec-agent;sasrec;catalog,RCD_seed0,full,rec-agent,rec-agent,1.0,1.0,1.0,0.3333333333333333,0.0,0.0,0.0,1.0,0.46927872602275644,0.46927872602275644,0.3333333333333333,0.3333333333333333,0.3333333333333333,0.3333333333333333
mr3_cross_net-recagent_netdelay_x_sasrec_cpu_x_catalog_podfail-k8s-v2-formal-r1-20260819090228,t07,triple,3,rec-agent;sasrec;catalog,RCD_seed1,full,rec-agent,rec-agent,1.0,1.0,1.0,0.3333333333333333,0.0,0.0,0.0,1.0,0.46927872602275644,0.46927872602275644,0.3333333333333333,0.3333333333333333,0.3333333333333333,0.3333333333333333
mr3_cross_net-recagent_netdelay_x_sasrec_cpu_x_catalog_podfail-k8s-v2-formal-r1-20260819090228,t07,triple,3,rec-agent;sasrec;catalog,RCD_seed2,full,rec-agent,rec-agent,1.0,1.0,1.0,0.3333333333333333,0.0,0.0,0.0,1.0,0.46927872602275644,0.46927872602275644,0.3333333333333333,0.3333333333333333,0.3333333333333333,0.3333333333333333
mr3_cross_net-recagent_netdelay_x_sasrec_cpu_x_catalog_podfail-k8s-v2-formal-r1-20260819090228,t07,triple,3,rec-agent;sasrec;catalog,RCD_seed3,full,rec-agent,rec-agent,1.0,1.0,1.0,0.3333333333333333,0.0,0.0,0.0,1.0,0.46927872602275644,0.46927872602275644,0.3333333333333333,0.3333333333333333,0.3333333333333333,0.3333333333333333
mr3_cross_net-recagent_netdelay_x_sasrec_cpu_x_catalog_podfail-k8s-v2-formal-r1-20260819090228,t07,triple,3,rec-agent;sasrec;catalog,RCD_seed4,full,rec-agent,rec-agent,1.0,1.0,1.0,0.3333333333333333,0.0,0.0,0.0,1.0,0.46927872602275644,0.46927872602275644,0.3333333333333333,0.3333333333333333,0.3333333333333333,0.3333333333333333
mr3_cross_net-recagent_netdelay_x_sasrec_cpu_x_catalog_podfail-k8s-v2-formal-r1-20260819090228,t07,triple,3,rec-agent;sasrec;catalog,delta_ratio,full,sasrec,sasrec;host;rec-agent;backend;catalog,1.0,1.0,1.0,0.6666666666666666,0.0,0.0,1.0,1.0,0.7039180890341347,0.8854598815714874,0.3333333333333333,0.6666666666666666,1.0,0.5111111111111111
mr3_cross_net-recagent_netdelay_x_sasrec_cpu_x_catalog_podfail-k8s-v2-formal-r1-20260819090228,t07,triple,3,rec-agent;sasrec;catalog,delta_z,full,catalog,catalog;sasrec;host;backend;rec-agent,1.0,1.0,1.0,0.6666666666666666,0.0,0.0,1.0,1.0,0.7653606369886217,0.9469024295259745,0.3333333333333333,0.6666666666666666,1.0,0.5666666666666667
mr3_cross_net-recagent_netdelay_x_sasrec_cpu_x_catalog_podfail-k8s-v2-formal-r1-20260819090228,t07,triple,3,rec-agent;sasrec;catalog,BARO,resource,sasrec,sasrec;catalog;host;catalog-gw;search,1.0,1.0,1.0,0.6666666666666666,0.0,0.0,0.0,1.0,0.7653606369886217,0.7653606369886217,0.3333333333333333,0.6666666666666666,0.6666666666666666,0.5476190476190476
mr3_cross_net-recagent_netdelay_x_sasrec_cpu_x_catalog_podfail-k8s-v2-formal-r1-20260819090228,t07,triple,3,rec-agent;sasrec;catalog,RCD_seed0,resource,cart,cart;sasrec,0.0,1.0,1.0,0.3333333333333333,0.0,0.0,0.0,0.0,0.2960819109658652,0.2960819109658652,0.0,0.3333333333333333,0.3333333333333333,0.16666666666666666
mr3_cross_net-recagent_netdelay_x_sasrec_cpu_x_catalog_podfail-k8s-v2-formal-r1-20260819090228,t07,triple,3,rec-agent;sasrec;catalog,RCD_seed1,resource,cart,cart;sasrec;user,0.0,1.0,1.0,0.3333333333333333,0.0,0.0,0.0,0.0,0.2960819109658652,0.2960819109658652,0.0,0.3333333333333333,0.3333333333333333,0.16666666666666666
mr3_cross_net-recagent_netdelay_x_sasrec_cpu_x_catalog_podfail-k8s-v2-formal-r1-20260819090228,t07,triple,3,rec-agent;sasrec;catalog,RCD_seed2,resource,cart,cart;sasrec,0.0,1.0,1.0,0.3333333333333333,0.0,0.0,0.0,0.0,0.2960819109658652,0.2960819109658652,0.0,0.3333333333333333,0.3333333333333333,0.16666666666666666
mr3_cross_net-recagent_netdelay_x_sasrec_cpu_x_catalog_podfail-k8s-v2-formal-r1-20260819090228,t07,triple,3,rec-agent;sasrec;catalog,RCD_seed3,resource,cart,cart;sasrec;pricing,0.0,1.0,1.0,0.3333333333333333,0.0,0.0,0.0,0.0,0.2960819109658652,0.2960819109658652,0.0,0.3333333333333333,0.3333333333333333,0.16666666666666666
mr3_cross_net-recagent_netdelay_x_sasrec_cpu_x_catalog_podfail-k8s-v2-formal-r1-20260819090228,t07,triple,3,rec-agent;sasrec;catalog,RCD_seed4,resource,cart,cart;sasrec;inventory,0.0,1.0,1.0,0.3333333333333333,0.0,0.0,0.0,0.0,0.2960819109658652,0.2960819109658652,0.0,0.3333333333333333,0.3333333333333333,0.16666666666666666
mr3_cross_net-recagent_netdelay_x_sasrec_cpu_x_catalog_podfail-k8s-v2-formal-r1-20260819090228,t07,triple,3,rec-agent;sasrec;catalog,delta_ratio,resource,sasrec,sasrec;host;catalog;rec-agent;mysql,1.0,1.0,1.0,0.6666666666666666,0.0,0.0,1.0,1.0,0.7039180890341347,0.9060254355346823,0.3333333333333333,0.6666666666666666,1.0,0.5277777777777778
mr3_cross_net-recagent_netdelay_x_sasrec_cpu_x_catalog_podfail-k8s-v2-formal-r1-20260819090228,t07,triple,3,rec-agent;sasrec;catalog,delta_z,resource,catalog,catalog;sasrec;host;search;review-query,1.0,1.0,1.0,0.6666666666666666,0.0,0.0,0.0,1.0,0.7653606369886217,0.7653606369886217,0.3333333333333333,0.6666666666666666,0.6666666666666666,0.5555555555555556
mr1_single_res-service_cpu_single-k8s-v2-formal-r1-20260819091522,s20,single,1,rec-agent,BARO,full,rec-agent,rec-agent;sasrec;inventory;catalog-gw;search,1.0,1.0,1.0,1.0,1.0,1.0,1.0,1.0,1.0,1.0,1.0,1.0,1.0,1.0
mr1_single_res-service_cpu_single-k8s-v2-formal-r1-20260819091522,s20,single,1,rec-agent,RCD_seed0,full,user,user;checkout;pricing,0.0,0.0,0.0,0.0,0.0,0.0,0.0,0.0,0.0,0.0,0.0,0.0,0.0,0.0
mr1_single_res-service_cpu_single-k8s-v2-formal-r1-20260819091522,s20,single,1,rec-agent,RCD_seed1,full,user,user;review-query;pricing;sasrec,0.0,0.0,0.0,0.0,0.0,0.0,0.0,0.0,0.0,0.0,0.0,0.0,0.0,0.0
mr1_single_res-service_cpu_single-k8s-v2-formal-r1-20260819091522,s20,single,1,rec-agent,RCD_seed2,full,user,user;checkout;search;sasrec,0.0,0.0,0.0,0.0,0.0,0.0,0.0,0.0,0.0,0.0,0.0,0.0,0.0,0.0
mr1_single_res-service_cpu_single-k8s-v2-formal-r1-20260819091522,s20,single,1,rec-agent,RCD_seed3,full,user,user;checkout;pricing;mysql;inventory,0.0,0.0,0.0,0.0,0.0,0.0,0.0,0.0,0.0,0.0,0.0,0.0,0.0,0.0
mr1_single_res-service_cpu_single-k8s-v2-formal-r1-20260819091522,s20,single,1,rec-agent,RCD_seed4,full,user,user;review-query;cart;search;sasrec,0.0,0.0,0.0,0.0,0.0,0.0,0.0,0.0,0.0,0.0,0.0,0.0,0.0,0.0
mr1_single_res-service_cpu_single-k8s-v2-formal-r1-20260819091522,s20,single,1,rec-agent,delta_ratio,full,rec-agent,rec-agent;host;mysql;backend;catalog,1.0,1.0,1.0,1.0,1.0,1.0,1.0,1.0,1.0,1.0,1.0,1.0,1.0,1.0
mr1_single_res-service_cpu_single-k8s-v2-formal-r1-20260819091522,s20,single,1,rec-agent,delta_z,full,rec-agent,rec-agent;host;mysql;inventory;catalog,1.0,1.0,1.0,1.0,1.0,1.0,1.0,1.0,1.0,1.0,1.0,1.0,1.0,1.0
mr1_single_res-service_cpu_single-k8s-v2-formal-r1-20260819091522,s20,single,1,rec-agent,BARO,resource,catalog-gw,catalog-gw;rec-agent;host;catalog;user,0.0,1.0,1.0,0.0,0.0,1.0,1.0,0.0,0.6309297535714575,0.6309297535714575,0.0,1.0,1.0,0.5
mr1_single_res-service_cpu_single-k8s-v2-formal-r1-20260819091522,s20,single,1,rec-agent,RCD_seed0,resource,user,user;checkout;catalog,0.0,0.0,0.0,0.0,0.0,0.0,0.0,0.0,0.0,0.0,0.0,0.0,0.0,0.0
mr1_single_res-service_cpu_single-k8s-v2-formal-r1-20260819091522,s20,single,1,rec-agent,RCD_seed1,resource,user,user;checkout;pricing;search;sasrec,0.0,0.0,0.0,0.0,0.0,0.0,0.0,0.0,0.0,0.0,0.0,0.0,0.0,0.0
mr1_single_res-service_cpu_single-k8s-v2-formal-r1-20260819091522,s20,single,1,rec-agent,RCD_seed2,resource,user,user;order;pricing;sasrec;catalog,0.0,0.0,0.0,0.0,0.0,0.0,0.0,0.0,0.0,0.0,0.0,0.0,0.0,0.0
mr1_single_res-service_cpu_single-k8s-v2-formal-r1-20260819091522,s20,single,1,rec-agent,RCD_seed3,resource,user,user;review-query;checkout;search,0.0,0.0,0.0,0.0,0.0,0.0,0.0,0.0,0.0,0.0,0.0,0.0,0.0,0.0
mr1_single_res-service_cpu_single-k8s-v2-formal-r1-20260819091522,s20,single,1,rec-agent,RCD_seed4,resource,user,user;checkout;pricing;sasrec;search,0.0,0.0,0.0,0.0,0.0,0.0,0.0,0.0,0.0,0.0,0.0,0.0,0.0,0.0
mr1_single_res-service_cpu_single-k8s-v2-formal-r1-20260819091522,s20,single,1,rec-agent,delta_ratio,resource,rec-agent,rec-agent;host;mysql;catalog;backend,1.0,1.0,1.0,1.0,1.0,1.0,1.0,1.0,1.0,1.0,1.0,1.0,1.0,1.0
mr1_single_res-service_cpu_single-k8s-v2-formal-r1-20260819091522,s20,single,1,rec-agent,delta_z,resource,rec-agent,rec-agent;host;mysql;user;search,1.0,1.0,1.0,1.0,1.0,1.0,1.0,1.0,1.0,1.0,1.0,1.0,1.0,1.0
mr3_cross_net-net_delay_x_net_loss_x_db_lock-k8s-v2-formal-r1-20260819092324,t03,dual,2,catalog-gw;mysql,BARO,full,order,order;catalog;review-query;pricing;checkout,0.0,0.0,0.0,0.0,0.0,0.0,0.0,0.0,0.0,0.0,0.0,0.0,0.0,0.09126984126984126
mr3_cross_net-net_delay_x_net_loss_x_db_lock-k8s-v2-formal-r1-20260819092324,t03,dual,2,catalog-gw;mysql,RCD_seed0,full,review-query,review-query,0.0,0.0,0.0,0.0,0.0,0.0,0.0,0.0,0.0,0.0,0.0,0.0,0.0,0.0
mr3_cross_net-net_delay_x_net_loss_x_db_lock-k8s-v2-formal-r1-20260819092324,t03,dual,2,catalog-gw;mysql,RCD_seed1,full,review-query,review-query;checkout,0.0,0.0,0.0,0.0,0.0,0.0,0.0,0.0,0.0,0.0,0.0,0.0,0.0,0.0
mr3_cross_net-net_delay_x_net_loss_x_db_lock-k8s-v2-formal-r1-20260819092324,t03,dual,2,catalog-gw;mysql,RCD_seed2,full,pricing,pricing;checkout,0.0,0.0,0.0,0.0,0.0,0.0,0.0,0.0,0.0,0.0,0.0,0.0,0.0,0.0
mr3_cross_net-net_delay_x_net_loss_x_db_lock-k8s-v2-formal-r1-20260819092324,t03,dual,2,catalog-gw;mysql,RCD_seed3,full,checkout,checkout,0.0,0.0,0.0,0.0,0.0,0.0,0.0,0.0,0.0,0.0,0.0,0.0,0.0,0.0
mr3_cross_net-net_delay_x_net_loss_x_db_lock-k8s-v2-formal-r1-20260819092324,t03,dual,2,catalog-gw;mysql,RCD_seed4,full,pricing,pricing;review-query,0.0,0.0,0.0,0.0,0.0,0.0,0.0,0.0,0.0,0.0,0.0,0.0,0.0,0.0
mr3_cross_net-net_delay_x_net_loss_x_db_lock-k8s-v2-formal-r1-20260819092324,t03,dual,2,catalog-gw;mysql,delta_ratio,full,pricing,pricing;checkout;cart;mysql;inventory,0.0,0.0,1.0,0.0,0.0,0.0,0.0,0.0,0.0,0.2640681225725909,0.0,0.0,0.5,0.20833333333333331
mr3_cross_net-net_delay_x_net_loss_x_db_lock-k8s-v2-formal-r1-20260819092324,t03,dual,2,catalog-gw;mysql,delta_z,full,pricing,pricing;checkout;mysql;host;catalog-gw,0.0,1.0,1.0,0.0,0.0,0.0,1.0,0.0,0.3065735963827292,0.5437713091520254,0.0,0.5,1.0,0.26666666666666666
mr3_cross_net-net_delay_x_net_loss_x_db_lock-k8s-v2-formal-r1-20260819092324,t03,dual,2,catalog-gw;mysql,BARO,resource,catalog-gw,catalog-gw;review-query;checkout;search;cart,1.0,1.0,1.0,0.5,0.0,0.0,0.0,1.0,0.6131471927654584,0.6131471927654584,0.5,0.5,0.5,0.5416666666666666
mr3_cross_net-net_delay_x_net_loss_x_db_lock-k8s-v2-formal-r1-20260819092324,t03,dual,2,catalog-gw;mysql,RCD_seed0,resource,review-query,review-query,0.0,0.0,0.0,0.0,0.0,0.0,0.0,0.0,0.0,0.0,0.0,0.0,0.0,0.0
mr3_cross_net-net_delay_x_net_loss_x_db_lock-k8s-v2-formal-r1-20260819092324,t03,dual,2,catalog-gw;mysql,RCD_seed1,resource,review-query,review-query,0.0,0.0,0.0,0.0,0.0,0.0,0.0,0.0,0.0,0.0,0.0,0.0,0.0,0.0
mr3_cross_net-net_delay_x_net_loss_x_db_lock-k8s-v2-formal-r1-20260819092324,t03,dual,2,catalog-gw;mysql,RCD_seed2,resource,review-query,review-query,0.0,0.0,0.0,0.0,0.0,0.0,0.0,0.0,0.0,0.0,0.0,0.0,0.0,0.0
mr3_cross_net-net_delay_x_net_loss_x_db_lock-k8s-v2-formal-r1-20260819092324,t03,dual,2,catalog-gw;mysql,RCD_seed3,resource,review-query,review-query,0.0,0.0,0.0,0.0,0.0,0.0,0.0,0.0,0.0,0.0,0.0,0.0,0.0,0.0
mr3_cross_net-net_delay_x_net_loss_x_db_lock-k8s-v2-formal-r1-20260819092324,t03,dual,2,catalog-gw;mysql,RCD_seed4,resource,review-query,review-query,0.0,0.0,0.0,0.0,0.0,0.0,0.0,0.0,0.0,0.0,0.0,0.0,0.0,0.0
mr3_cross_net-net_delay_x_net_loss_x_db_lock-k8s-v2-formal-r1-20260819092324,t03,dual,2,catalog-gw;mysql,delta_ratio,resource,mysql,mysql;catalog;pricing;catalog-gw;checkout,1.0,1.0,1.0,0.5,0.0,0.0,1.0,1.0,0.6131471927654584,0.8772153153380493,0.5,0.5,1.0,0.625
mr3_cross_net-net_delay_x_net_loss_x_db_lock-k8s-v2-formal-r1-20260819092324,t03,dual,2,catalog-gw;mysql,delta_z,resource,mysql,mysql;host;catalog-gw;checkout;review-query,1.0,1.0,1.0,0.5,0.0,1.0,1.0,1.0,0.9197207891481876,0.9197207891481876,0.5,1.0,1.0,0.6666666666666666
mr3_cross_lif-checkout_podfail_x_cart_cpu_x_pricing_cpu-k8s-v2-formal-r1-20260819093601,t05,triple,3,checkout;cart;pricing,BARO,full,pricing,pricing;checkout;cart;host;user,1.0,1.0,1.0,1.0,0.0,1.0,1.0,1.0,1.0,1.0,0.3333333333333333,1.0,1.0,0.611111111111111
mr3_cross_lif-checkout_podfail_x_cart_cpu_x_pricing_cpu-k8s-v2-formal-r1-20260819093601,t05,triple,3,checkout;cart;pricing,RCD_seed0,full,cart,cart;pricing;search;review-query,1.0,1.0,1.0,0.6666666666666666,0.0,0.0,0.0,1.0,0.7653606369886217,0.7653606369886217,0.3333333333333333,0.6666666666666666,0.6666666666666666,0.5
mr3_cross_lif-checkout_podfail_x_cart_cpu_x_pricing_cpu-k8s-v2-formal-r1-20260819093601,t05,triple,3,checkout;cart;pricing,RCD_seed1,full,cart,cart;pricing;search;user,1.0,1.0,1.0,0.6666666666666666,0.0,0.0,0.0,1.0,0.7653606369886217,0.7653606369886217,0.3333333333333333,0.6666666666666666,0.6666666666666666,0.5
mr3_cross_lif-checkout_podfail_x_cart_cpu_x_pricing_cpu-k8s-v2-formal-r1-20260819093601,t05,triple,3,checkout;cart;pricing,RCD_seed2,full,cart,cart;pricing;backend,1.0,1.0,1.0,0.6666666666666666,0.0,0.0,0.0,1.0,0.7653606369886217,0.7653606369886217,0.3333333333333333,0.6666666666666666,0.6666666666666666,0.5
mr3_cross_lif-checkout_podfail_x_cart_cpu_x_pricing_cpu-k8s-v2-formal-r1-20260819093601,t05,triple,3,checkout;cart;pricing,RCD_seed3,full,cart,cart;search;pricing;inventory;checkout,1.0,1.0,1.0,0.6666666666666666,0.0,0.0,1.0,1.0,0.7039180890341347,0.8854598815714874,0.3333333333333333,0.6666666666666666,1.0,0.5111111111111111
mr3_cross_lif-checkout_podfail_x_cart_cpu_x_pricing_cpu-k8s-v2-formal-r1-20260819093601,t05,triple,3,checkout;cart;pricing,RCD_seed4,full,cart,cart;pricing;backend,1.0,1.0,1.0,0.6666666666666666,0.0,0.0,0.0,1.0,0.7653606369886217,0.7653606369886217,0.3333333333333333,0.6666666666666666,0.6666666666666666,0.5
mr3_cross_lif-checkout_podfail_x_cart_cpu_x_pricing_cpu-k8s-v2-formal-r1-20260819093601,t05,triple,3,checkout;cart;pricing,delta_ratio,full,cart,cart;pricing;catalog;host;checkout,1.0,1.0,1.0,0.6666666666666666,0.0,0.0,1.0,1.0,0.7653606369886217,0.9469024295259745,0.3333333333333333,0.6666666666666666,1.0,0.5666666666666667
mr3_cross_lif-checkout_podfail_x_cart_cpu_x_pricing_cpu-k8s-v2-formal-r1-20260819093601,t05,triple,3,checkout;cart;pricing,delta_z,full,checkout,checkout;cart;pricing;catalog;host,1.0,1.0,1.0,1.0,0.0,1.0,1.0,1.0,1.0,1.0,0.3333333333333333,1.0,1.0,0.611111111111111
mr3_cross_lif-checkout_podfail_x_cart_cpu_x_pricing_cpu-k8s-v2-formal-r1-20260819093601,t05,triple,3,checkout;cart;pricing,BARO,resource,checkout,checkout;pricing;cart;host;search,1.0,1.0,1.0,1.0,0.0,1.0,1.0,1.0,1.0,1.0,0.3333333333333333,1.0,1.0,0.611111111111111
mr3_cross_lif-checkout_podfail_x_cart_cpu_x_pricing_cpu-k8s-v2-formal-r1-20260819093601,t05,triple,3,checkout;cart;pricing,RCD_seed0,resource,cart,cart;pricing;order;review-query,1.0,1.0,1.0,0.6666666666666666,0.0,0.0,0.0,1.0,0.7653606369886217,0.7653606369886217,0.3333333333333333,0.6666666666666666,0.6666666666666666,0.5
mr3_cross_lif-checkout_podfail_x_cart_cpu_x_pricing_cpu-k8s-v2-formal-r1-20260819093601,t05,triple,3,checkout;cart;pricing,RCD_seed1,resource,cart,cart;pricing;inventory;catalog-gw,1.0,1.0,1.0,0.6666666666666666,0.0,0.0,0.0,1.0,0.7653606369886217,0.7653606369886217,0.3333333333333333,0.6666666666666666,0.6666666666666666,0.5
mr3_cross_lif-checkout_podfail_x_cart_cpu_x_pricing_cpu-k8s-v2-formal-r1-20260819093601,t05,triple,3,checkout;cart;pricing,RCD_seed2,resource,cart,cart;pricing;review-query,1.0,1.0,1.0,0.6666666666666666,0.0,0.0,0.0,1.0,0.7653606369886217,0.7653606369886217,0.3333333333333333,0.6666666666666666,0.6666666666666666,0.5
mr3_cross_lif-checkout_podfail_x_cart_cpu_x_pricing_cpu-k8s-v2-formal-r1-20260819093601,t05,triple,3,checkout;cart;pricing,RCD_seed3,resource,cart,cart;pricing;search,1.0,1.0,1.0,0.6666666666666666,0.0,0.0,0.0,1.0,0.7653606369886217,0.7653606369886217,0.3333333333333333,0.6666666666666666,0.6666666666666666,0.5
mr3_cross_lif-checkout_podfail_x_cart_cpu_x_pricing_cpu-k8s-v2-formal-r1-20260819093601,t05,triple,3,checkout;cart;pricing,RCD_seed4,resource,cart,cart;pricing;search,1.0,1.0,1.0,0.6666666666666666,0.0,0.0,0.0,1.0,0.7653606369886217,0.7653606369886217,0.3333333333333333,0.6666666666666666,0.6666666666666666,0.5
mr3_cross_lif-checkout_podfail_x_cart_cpu_x_pricing_cpu-k8s-v2-formal-r1-20260819093601,t05,triple,3,checkout;cart;pricing,delta_ratio,resource,cart,cart;pricing;host;checkout;catalog,1.0,1.0,1.0,0.6666666666666666,0.0,0.0,1.0,1.0,0.7653606369886217,0.9674679834891693,0.3333333333333333,0.6666666666666666,1.0,0.5833333333333334
mr3_cross_lif-checkout_podfail_x_cart_cpu_x_pricing_cpu-k8s-v2-formal-r1-20260819093601,t05,triple,3,checkout;cart;pricing,delta_z,resource,checkout,checkout;cart;pricing;host;search,1.0,1.0,1.0,1.0,0.0,1.0,1.0,1.0,1.0,1.0,0.3333333333333333,1.0,1.0,0.611111111111111
mr1_single_res-service_cpu_single-k8s-v2-formal-r1-20260819093756,s09,single,1,order,BARO,full,order,order;user;pricing;rec-agent;cart,1.0,1.0,1.0,1.0,1.0,1.0,1.0,1.0,1.0,1.0,1.0,1.0,1.0,1.0
mr1_single_res-service_cpu_single-k8s-v2-formal-r1-20260819093756,s09,single,1,order,RCD_seed0,full,search,search;inventory,0.0,0.0,0.0,0.0,0.0,0.0,0.0,0.0,0.0,0.0,0.0,0.0,0.0,0.0
mr1_single_res-service_cpu_single-k8s-v2-formal-r1-20260819093756,s09,single,1,order,RCD_seed1,full,checkout,checkout;catalog,0.0,0.0,0.0,0.0,0.0,0.0,0.0,0.0,0.0,0.0,0.0,0.0,0.0,0.0
mr1_single_res-service_cpu_single-k8s-v2-formal-r1-20260819093756,s09,single,1,order,RCD_seed2,full,catalog,catalog;backend,0.0,0.0,0.0,0.0,0.0,0.0,0.0,0.0,0.0,0.0,0.0,0.0,0.0,0.0
mr1_single_res-service_cpu_single-k8s-v2-formal-r1-20260819093756,s09,single,1,order,RCD_seed3,full,catalog-gw,catalog-gw;pricing,0.0,0.0,0.0,0.0,0.0,0.0,0.0,0.0,0.0,0.0,0.0,0.0,0.0,0.0
mr1_single_res-service_cpu_single-k8s-v2-formal-r1-20260819093756,s09,single,1,order,RCD_seed4,full,checkout,checkout,0.0,0.0,0.0,0.0,0.0,0.0,0.0,0.0,0.0,0.0,0.0,0.0,0.0,0.0
mr1_single_res-service_cpu_single-k8s-v2-formal-r1-20260819093756,s09,single,1,order,delta_ratio,full,order,order;host;search;backend;cart,1.0,1.0,1.0,1.0,1.0,1.0,1.0,1.0,1.0,1.0,1.0,1.0,1.0,1.0
mr1_single_res-service_cpu_single-k8s-v2-formal-r1-20260819093756,s09,single,1,order,delta_z,full,order,order;sasrec;pricing;checkout;host,1.0,1.0,1.0,1.0,1.0,1.0,1.0,1.0,1.0,1.0,1.0,1.0,1.0,1.0
mr1_single_res-service_cpu_single-k8s-v2-formal-r1-20260819093756,s09,single,1,order,BARO,resource,order,order;pricing;cart;host;catalog-gw,1.0,1.0,1.0,1.0,1.0,1.0,1.0,1.0,1.0,1.0,1.0,1.0,1.0,1.0
mr1_single_res-service_cpu_single-k8s-v2-formal-r1-20260819093756,s09,single,1,order,RCD_seed0,resource,user,user,0.0,0.0,0.0,0.0,0.0,0.0,0.0,0.0,0.0,0.0,0.0,0.0,0.0,0.0
mr1_single_res-service_cpu_single-k8s-v2-formal-r1-20260819093756,s09,single,1,order,RCD_seed1,resource,checkout,checkout,0.0,0.0,0.0,0.0,0.0,0.0,0.0,0.0,0.0,0.0,0.0,0.0,0.0,0.0
mr1_single_res-service_cpu_single-k8s-v2-formal-r1-20260819093756,s09,single,1,order,RCD_seed2,resource,checkout,checkout,0.0,0.0,0.0,0.0,0.0,0.0,0.0,0.0,0.0,0.0,0.0,0.0,0.0,0.0
mr1_single_res-service_cpu_single-k8s-v2-formal-r1-20260819093756,s09,single,1,order,RCD_seed3,resource,user,user;checkout,0.0,0.0,0.0,0.0,0.0,0.0,0.0,0.0,0.0,0.0,0.0,0.0,0.0,0.0
mr1_single_res-service_cpu_single-k8s-v2-formal-r1-20260819093756,s09,single,1,order,RCD_seed4,resource,inventory,inventory;backend,0.0,0.0,0.0,0.0,0.0,0.0,0.0,0.0,0.0,0.0,0.0,0.0,0.0,0.0
mr1_single_res-service_cpu_single-k8s-v2-formal-r1-20260819093756,s09,single,1,order,delta_ratio,resource,order,order;host;backend;checkout;catalog-gw,1.0,1.0,1.0,1.0,1.0,1.0,1.0,1.0,1.0,1.0,1.0,1.0,1.0,1.0
mr1_single_res-service_cpu_single-k8s-v2-formal-r1-20260819093756,s09,single,1,order,delta_z,resource,order,order;sasrec;pricing;checkout;host,1.0,1.0,1.0,1.0,1.0,1.0,1.0,1.0,1.0,1.0,1.0,1.0,1.0,1.0
mr1_single_net-net_delay_single-k8s-v2-formal-r1-20260819094725,s21,single,1,rec-agent,BARO,full,rec-agent,rec-agent;sasrec;user;catalog-gw;catalog,1.0,1.0,1.0,1.0,1.0,1.0,1.0,1.0,1.0,1.0,1.0,1.0,1.0,1.0
mr1_single_net-net_delay_single-k8s-v2-formal-r1-20260819094725,s21,single,1,rec-agent,RCD_seed0,full,user,user,0.0,0.0,0.0,0.0,0.0,0.0,0.0,0.0,0.0,0.0,0.0,0.0,0.0,0.0
mr1_single_net-net_delay_single-k8s-v2-formal-r1-20260819094725,s21,single,1,rec-agent,RCD_seed1,full,user,user;rec-agent,0.0,1.0,1.0,0.0,0.0,1.0,1.0,0.0,0.6309297535714575,0.6309297535714575,0.0,1.0,1.0,0.5
mr1_single_net-net_delay_single-k8s-v2-formal-r1-20260819094725,s21,single,1,rec-agent,RCD_seed2,full,rec-agent,rec-agent,1.0,1.0,1.0,1.0,1.0,1.0,1.0,1.0,1.0,1.0,1.0,1.0,1.0,1.0
mr1_single_net-net_delay_single-k8s-v2-formal-r1-20260819094725,s21,single,1,rec-agent,RCD_seed3,full,rec-agent,rec-agent,1.0,1.0,1.0,1.0,1.0,1.0,1.0,1.0,1.0,1.0,1.0,1.0,1.0,1.0
mr1_single_net-net_delay_single-k8s-v2-formal-r1-20260819094725,s21,single,1,rec-agent,RCD_seed4,full,rec-agent,rec-agent;user,1.0,1.0,1.0,1.0,1.0,1.0,1.0,1.0,1.0,1.0,1.0,1.0,1.0,1.0
mr1_single_net-net_delay_single-k8s-v2-formal-r1-20260819094725,s21,single,1,rec-agent,delta_ratio,full,rec-agent,rec-agent;catalog;sasrec;cart;review-query,1.0,1.0,1.0,1.0,1.0,1.0,1.0,1.0,1.0,1.0,1.0,1.0,1.0,1.0
mr1_single_net-net_delay_single-k8s-v2-formal-r1-20260819094725,s21,single,1,rec-agent,delta_z,full,backend,backend;host;rec-agent;sasrec;catalog,0.0,1.0,1.0,0.0,0.0,1.0,1.0,0.0,0.5,0.5,0.0,1.0,1.0,0.3333333333333333
mr1_single_net-net_delay_single-k8s-v2-formal-r1-20260819094725,s21,single,1,rec-agent,BARO,resource,catalog-gw,catalog-gw;catalog;rec-agent;user;review-query,0.0,1.0,1.0,0.0,0.0,1.0,1.0,0.0,0.5,0.5,0.0,1.0,1.0,0.3333333333333333
mr1_single_net-net_delay_single-k8s-v2-formal-r1-20260819094725,s21,single,1,rec-agent,RCD_seed0,resource,user,user,0.0,0.0,0.0,0.0,0.0,0.0,0.0,0.0,0.0,0.0,0.0,0.0,0.0,0.0
mr1_single_net-net_delay_single-k8s-v2-formal-r1-20260819094725,s21,single,1,rec-agent,RCD_seed1,resource,user,user,0.0,0.0,0.0,0.0,0.0,0.0,0.0,0.0,0.0,0.0,0.0,0.0,0.0,0.0
mr1_single_net-net_delay_single-k8s-v2-formal-r1-20260819094725,s21,single,1,rec-agent,RCD_seed2,resource,user,user,0.0,0.0,0.0,0.0,0.0,0.0,0.0,0.0,0.0,0.0,0.0,0.0,0.0,0.0
mr1_single_net-net_delay_single-k8s-v2-formal-r1-20260819094725,s21,single,1,rec-agent,RCD_seed3,resource,user,user,0.0,0.0,0.0,0.0,0.0,0.0,0.0,0.0,0.0,0.0,0.0,0.0,0.0,0.0
mr1_single_net-net_delay_single-k8s-v2-formal-r1-20260819094725,s21,single,1,rec-agent,RCD_seed4,resource,user,user,0.0,0.0,0.0,0.0,0.0,0.0,0.0,0.0,0.0,0.0,0.0,0.0,0.0,0.0
mr1_single_net-net_delay_single-k8s-v2-formal-r1-20260819094725,s21,single,1,rec-agent,delta_ratio,resource,rec-agent,rec-agent;sasrec;host;catalog;search,1.0,1.0,1.0,1.0,1.0,1.0,1.0,1.0,1.0,1.0,1.0,1.0,1.0,1.0
mr1_single_net-net_delay_single-k8s-v2-formal-r1-20260819094725,s21,single,1,rec-agent,delta_z,resource,host,host;rec-agent;search;review-query;inventory,0.0,1.0,1.0,0.0,0.0,1.0,1.0,0.0,0.6309297535714575,0.6309297535714575,0.0,1.0,1.0,0.5
mr3_cross_net-net_delay_x_net_loss_x_db_lock-k8s-v2-formal-r1-20260819095544,t03,dual,2,catalog-gw;mysql,BARO,full,order,order;checkout;cart;catalog;search,0.0,0.0,0.0,0.0,0.0,0.0,0.0,0.0,0.0,0.0,0.0,0.0,0.0,0.09821428571428571
mr3_cross_net-net_delay_x_net_loss_x_db_lock-k8s-v2-formal-r1-20260819095544,t03,dual,2,catalog-gw;mysql,RCD_seed0,full,cart,cart;user,0.0,0.0,0.0,0.0,0.0,0.0,0.0,0.0,0.0,0.0,0.0,0.0,0.0,0.0
mr3_cross_net-net_delay_x_net_loss_x_db_lock-k8s-v2-formal-r1-20260819095544,t03,dual,2,catalog-gw;mysql,RCD_seed1,full,cart,cart;user;pricing,0.0,0.0,0.0,0.0,0.0,0.0,0.0,0.0,0.0,0.0,0.0,0.0,0.0,0.0
mr3_cross_net-net_delay_x_net_loss_x_db_lock-k8s-v2-formal-r1-20260819095544,t03,dual,2,catalog-gw;mysql,RCD_seed2,full,pricing,pricing,0.0,0.0,0.0,0.0,0.0,0.0,0.0,0.0,0.0,0.0,0.0,0.0,0.0,0.0
mr3_cross_net-net_delay_x_net_loss_x_db_lock-k8s-v2-formal-r1-20260819095544,t03,dual,2,catalog-gw;mysql,RCD_seed3,full,cart,cart,0.0,0.0,0.0,0.0,0.0,0.0,0.0,0.0,0.0,0.0,0.0,0.0,0.0,0.0
mr3_cross_net-net_delay_x_net_loss_x_db_lock-k8s-v2-formal-r1-20260819095544,t03,dual,2,catalog-gw;mysql,RCD_seed4,full,cart,cart,0.0,0.0,0.0,0.0,0.0,0.0,0.0,0.0,0.0,0.0,0.0,0.0,0.0,0.0
mr3_cross_net-net_delay_x_net_loss_x_db_lock-k8s-v2-formal-r1-20260819095544,t03,dual,2,catalog-gw;mysql,delta_ratio,full,checkout,checkout;pricing;backend;catalog-gw;inventory,0.0,0.0,1.0,0.0,0.0,0.0,0.0,0.0,0.0,0.2640681225725909,0.0,0.0,0.5,0.15833333333333333
mr3_cross_net-net_delay_x_net_loss_x_db_lock-k8s-v2-formal-r1-20260819095544,t03,dual,2,catalog-gw;mysql,delta_z,full,checkout,checkout;pricing;inventory;host;sasrec,0.0,0.0,0.0,0.0,0.0,0.0,0.0,0.0,0.0,0.0,0.0,0.0,0.0,0.11666666666666667
mr3_cross_net-net_delay_x_net_loss_x_db_lock-k8s-v2-formal-r1-20260819095544,t03,dual,2,catalog-gw;mysql,BARO,resource,catalog-gw,catalog-gw;checkout;catalog;cart;review-query,1.0,1.0,1.0,0.5,0.0,0.0,0.0,1.0,0.6131471927654584,0.6131471927654584,0.5,0.5,0.5,0.5416666666666666
mr3_cross_net-net_delay_x_net_loss_x_db_lock-k8s-v2-formal-r1-20260819095544,t03,dual,2,catalog-gw;mysql,RCD_seed0,resource,user,user,0.0,0.0,0.0,0.0,0.0,0.0,0.0,0.0,0.0,0.0,0.0,0.0,0.0,0.0
mr3_cross_net-net_delay_x_net_loss_x_db_lock-k8s-v2-formal-r1-20260819095544,t03,dual,2,catalog-gw;mysql,RCD_seed1,resource,user,user;cart,0.0,0.0,0.0,0.0,0.0,0.0,0.0,0.0,0.0,0.0,0.0,0.0,0.0,0.0
mr3_cross_net-net_delay_x_net_loss_x_db_lock-k8s-v2-formal-r1-20260819095544,t03,dual,2,catalog-gw;mysql,RCD_seed2,resource,user,user,0.0,0.0,0.0,0.0,0.0,0.0,0.0,0.0,0.0,0.0,0.0,0.0,0.0,0.0
mr3_cross_net-net_delay_x_net_loss_x_db_lock-k8s-v2-formal-r1-20260819095544,t03,dual,2,catalog-gw;mysql,RCD_seed3,resource,cart,cart,0.0,0.0,0.0,0.0,0.0,0.0,0.0,0.0,0.0,0.0,0.0,0.0,0.0,0.0
mr3_cross_net-net_delay_x_net_loss_x_db_lock-k8s-v2-formal-r1-20260819095544,t03,dual,2,catalog-gw;mysql,RCD_seed4,resource,cart,cart,0.0,0.0,0.0,0.0,0.0,0.0,0.0,0.0,0.0,0.0,0.0,0.0,0.0,0.0
mr3_cross_net-net_delay_x_net_loss_x_db_lock-k8s-v2-formal-r1-20260819095544,t03,dual,2,catalog-gw;mysql,delta_ratio,resource,catalog-gw,catalog-gw;pricing;checkout;catalog;host,1.0,1.0,1.0,0.5,0.0,0.0,0.0,1.0,0.6131471927654584,0.6131471927654584,0.5,0.5,0.5,0.5357142857142857
mr3_cross_net-net_delay_x_net_loss_x_db_lock-k8s-v2-formal-r1-20260819095544,t03,dual,2,catalog-gw;mysql,delta_z,resource,host,host;checkout;catalog-gw;cart;review-query,0.0,1.0,1.0,0.0,0.0,0.0,0.0,0.0,0.3065735963827292,0.3065735963827292,0.0,0.5,0.5,0.20238095238095238
mr2_cross_net-net_delay_x_podfail-k8s-v2-formal-r1-20260819100355,d08,dual,2,catalog-gw;user,BARO,full,checkout,checkout;pricing;order;review-query;cart,0.0,0.0,0.0,0.0,0.0,0.0,0.0,0.0,0.0,0.0,0.0,0.0,0.0,0.10989010989010989
mr2_cross_net-net_delay_x_podfail-k8s-v2-formal-r1-20260819100355,d08,dual,2,catalog-gw;user,RCD_seed0,full,checkout,checkout;cart,0.0,0.0,0.0,0.0,0.0,0.0,0.0,0.0,0.0,0.0,0.0,0.0,0.0,0.0
mr2_cross_net-net_delay_x_podfail-k8s-v2-formal-r1-20260819100355,d08,dual,2,catalog-gw;user,RCD_seed1,full,cart,cart,0.0,0.0,0.0,0.0,0.0,0.0,0.0,0.0,0.0,0.0,0.0,0.0,0.0,0.0
mr2_cross_net-net_delay_x_podfail-k8s-v2-formal-r1-20260819100355,d08,dual,2,catalog-gw;user,RCD_seed2,full,checkout,checkout;cart,0.0,0.0,0.0,0.0,0.0,0.0,0.0,0.0,0.0,0.0,0.0,0.0,0.0,0.0
mr2_cross_net-net_delay_x_podfail-k8s-v2-formal-r1-20260819100355,d08,dual,2,catalog-gw;user,RCD_seed3,full,checkout,checkout;cart,0.0,0.0,0.0,0.0,0.0,0.0,0.0,0.0,0.0,0.0,0.0,0.0,0.0,0.0
mr2_cross_net-net_delay_x_podfail-k8s-v2-formal-r1-20260819100355,d08,dual,2,catalog-gw;user,RCD_seed4,full,checkout,checkout;cart,0.0,0.0,0.0,0.0,0.0,0.0,0.0,0.0,0.0,0.0,0.0,0.0,0.0,0.0
mr2_cross_net-net_delay_x_podfail-k8s-v2-formal-r1-20260819100355,d08,dual,2,catalog-gw;user,delta_ratio,full,pricing,pricing;checkout;catalog;user;sasrec,0.0,0.0,1.0,0.0,0.0,0.0,0.0,0.0,0.0,0.2640681225725909,0.0,0.0,0.5,0.175
mr2_cross_net-net_delay_x_podfail-k8s-v2-formal-r1-20260819100355,d08,dual,2,catalog-gw;user,delta_z,full,pricing,pricing;checkout;host;user;catalog,0.0,0.0,1.0,0.0,0.0,0.0,0.0,0.0,0.0,0.2640681225725909,0.0,0.0,0.5,0.18055555555555555
mr2_cross_net-net_delay_x_podfail-k8s-v2-formal-r1-20260819100355,d08,dual,2,catalog-gw;user,BARO,resource,user,user;pricing;review-query;cart;catalog,1.0,1.0,1.0,0.5,0.0,0.0,0.0,1.0,0.6131471927654584,0.6131471927654584,0.5,0.5,0.5,0.5625
mr2_cross_net-net_delay_x_podfail-k8s-v2-formal-r1-20260819100355,d08,dual,2,catalog-gw;user,RCD_seed0,resource,cart,cart,0.0,0.0,0.0,0.0,0.0,0.0,0.0,0.0,0.0,0.0,0.0,0.0,0.0,0.0
mr2_cross_net-net_delay_x_podfail-k8s-v2-formal-r1-20260819100355,d08,dual,2,catalog-gw;user,RCD_seed1,resource,checkout,checkout;cart,0.0,0.0,0.0,0.0,0.0,0.0,0.0,0.0,0.0,0.0,0.0,0.0,0.0,0.0
mr2_cross_net-net_delay_x_podfail-k8s-v2-formal-r1-20260819100355,d08,dual,2,catalog-gw;user,RCD_seed2,resource,cart,cart,0.0,0.0,0.0,0.0,0.0,0.0,0.0,0.0,0.0,0.0,0.0,0.0,0.0,0.0
mr2_cross_net-net_delay_x_podfail-k8s-v2-formal-r1-20260819100355,d08,dual,2,catalog-gw;user,RCD_seed3,resource,checkout,checkout;cart;inventory,0.0,0.0,0.0,0.0,0.0,0.0,0.0,0.0,0.0,0.0,0.0,0.0,0.0,0.0
mr2_cross_net-net_delay_x_podfail-k8s-v2-formal-r1-20260819100355,d08,dual,2,catalog-gw;user,RCD_seed4,resource,cart,cart,0.0,0.0,0.0,0.0,0.0,0.0,0.0,0.0,0.0,0.0,0.0,0.0,0.0,0.0
mr2_cross_net-net_delay_x_podfail-k8s-v2-formal-r1-20260819100355,d08,dual,2,catalog-gw;user,delta_ratio,resource,user,user;host;checkout;search;sasrec,1.0,1.0,1.0,0.5,0.0,0.0,0.0,1.0,0.6131471927654584,0.6131471927654584,0.5,0.5,0.5,0.5714285714285714
mr2_cross_net-net_delay_x_podfail-k8s-v2-formal-r1-20260819100355,d08,dual,2,catalog-gw;user,delta_z,resource,host,host;user;pricing;cart;checkout,0.0,1.0,1.0,0.5,0.0,0.0,0.0,0.0,0.38685280723454163,0.38685280723454163,0.0,0.5,0.5,0.3055555555555556
mr2_cross_net-net_delay_x_podfail-k8s-v2-formal-r1-20260819101214,d08,dual,2,catalog-gw;user,BARO,full,checkout,checkout;pricing;catalog-gw;catalog;order,0.0,1.0,1.0,0.0,0.0,0.0,0.0,0.0,0.3065735963827292,0.3065735963827292,0.0,0.5,0.5,0.20512820512820512
mr2_cross_net-net_delay_x_podfail-k8s-v2-formal-r1-20260819101214,d08,dual,2,catalog-gw;user,RCD_seed0,full,inventory,inventory,0.0,0.0,0.0,0.0,0.0,0.0,0.0,0.0,0.0,0.0,0.0,0.0,0.0,0.0
mr2_cross_net-net_delay_x_podfail-k8s-v2-formal-r1-20260819101214,d08,dual,2,catalog-gw;user,RCD_seed1,full,inventory,inventory,0.0,0.0,0.0,0.0,0.0,0.0,0.0,0.0,0.0,0.0,0.0,0.0,0.0,0.0
mr2_cross_net-net_delay_x_podfail-k8s-v2-formal-r1-20260819101214,d08,dual,2,catalog-gw;user,RCD_seed2,full,inventory,inventory;backend,0.0,0.0,0.0,0.0,0.0,0.0,0.0,0.0,0.0,0.0,0.0,0.0,0.0,0.0
mr2_cross_net-net_delay_x_podfail-k8s-v2-formal-r1-20260819101214,d08,dual,2,catalog-gw;user,RCD_seed3,full,backend,backend;inventory,0.0,0.0,0.0,0.0,0.0,0.0,0.0,0.0,0.0,0.0,0.0,0.0,0.0,0.0
mr2_cross_net-net_delay_x_podfail-k8s-v2-formal-r1-20260819101214,d08,dual,2,catalog-gw;user,RCD_seed4,full,backend,backend,0.0,0.0,0.0,0.0,0.0,0.0,0.0,0.0,0.0,0.0,0.0,0.0,0.0,0.0
mr2_cross_net-net_delay_x_podfail-k8s-v2-formal-r1-20260819101214,d08,dual,2,catalog-gw;user,delta_ratio,full,pricing,pricing;checkout;catalog;inventory;cart,0.0,0.0,0.0,0.0,0.0,0.0,0.0,0.0,0.0,0.0,0.0,0.0,0.0,0.14583333333333331
mr2_cross_net-net_delay_x_podfail-k8s-v2-formal-r1-20260819101214,d08,dual,2,catalog-gw;user,delta_z,full,checkout,checkout;pricing;host;sasrec;inventory,0.0,0.0,0.0,0.0,0.0,0.0,0.0,0.0,0.0,0.0,0.0,0.0,0.0,0.12179487179487179
mr2_cross_net-net_delay_x_podfail-k8s-v2-formal-r1-20260819101214,d08,dual,2,catalog-gw;user,BARO,resource,catalog-gw,catalog-gw;catalog;order;search;pricing,1.0,1.0,1.0,0.5,0.0,0.0,0.0,1.0,0.6131471927654584,0.6131471927654584,0.5,0.5,0.5,0.5384615384615384
mr2_cross_net-net_delay_x_podfail-k8s-v2-formal-r1-20260819101214,d08,dual,2,catalog-gw;user,RCD_seed0,resource,backend,backend,0.0,0.0,0.0,0.0,0.0,0.0,0.0,0.0,0.0,0.0,0.0,0.0,0.0,0.0
mr2_cross_net-net_delay_x_podfail-k8s-v2-formal-r1-20260819101214,d08,dual,2,catalog-gw;user,RCD_seed1,resource,backend,backend,0.0,0.0,0.0,0.0,0.0,0.0,0.0,0.0,0.0,0.0,0.0,0.0,0.0,0.0
mr2_cross_net-net_delay_x_podfail-k8s-v2-formal-r1-20260819101214,d08,dual,2,catalog-gw;user,RCD_seed2,resource,backend,backend,0.0,0.0,0.0,0.0,0.0,0.0,0.0,0.0,0.0,0.0,0.0,0.0,0.0,0.0
mr2_cross_net-net_delay_x_podfail-k8s-v2-formal-r1-20260819101214,d08,dual,2,catalog-gw;user,RCD_seed3,resource,backend,backend;inventory,0.0,0.0,0.0,0.0,0.0,0.0,0.0,0.0,0.0,0.0,0.0,0.0,0.0,0.0
mr2_cross_net-net_delay_x_podfail-k8s-v2-formal-r1-20260819101214,d08,dual,2,catalog-gw;user,RCD_seed4,resource,backend,backend;inventory,0.0,0.0,0.0,0.0,0.0,0.0,0.0,0.0,0.0,0.0,0.0,0.0,0.0,0.0
mr2_cross_net-net_delay_x_podfail-k8s-v2-formal-r1-20260819101214,d08,dual,2,catalog-gw;user,delta_ratio,resource,user,user;host;pricing;backend;order,1.0,1.0,1.0,0.5,0.0,0.0,0.0,1.0,0.6131471927654584,0.6131471927654584,0.5,0.5,0.5,0.5714285714285714
mr2_cross_net-net_delay_x_podfail-k8s-v2-formal-r1-20260819101214,d08,dual,2,catalog-gw;user,delta_z,resource,host,host;sasrec;catalog-gw;order;backend,0.0,1.0,1.0,0.0,0.0,0.0,0.0,0.0,0.3065735963827292,0.3065735963827292,0.0,0.5,0.5,0.2121212121212121
mr1_single_lif-pod_failure_single-k8s-v2-formal-r1-20260819101515,s03,single,1,catalog,BARO,full,checkout,checkout;pricing;cart;review-query;search,0.0,0.0,0.0,0.0,0.0,0.0,0.0,0.0,0.0,0.0,0.0,0.0,0.0,0.16666666666666666
mr1_single_lif-pod_failure_single-k8s-v2-formal-r1-20260819101515,s03,single,1,catalog,RCD_seed0,full,backend,backend;sasrec,0.0,0.0,0.0,0.0,0.0,0.0,0.0,0.0,0.0,0.0,0.0,0.0,0.0,0.0
mr1_single_lif-pod_failure_single-k8s-v2-formal-r1-20260819101515,s03,single,1,catalog,RCD_seed1,full,inventory,inventory;catalog-gw,0.0,0.0,0.0,0.0,0.0,0.0,0.0,0.0,0.0,0.0,0.0,0.0,0.0,0.0
mr1_single_lif-pod_failure_single-k8s-v2-formal-r1-20260819101515,s03,single,1,catalog,RCD_seed2,full,catalog,catalog;order,1.0,1.0,1.0,1.0,1.0,1.0,1.0,1.0,1.0,1.0,1.0,1.0,1.0,1.0
mr1_single_lif-pod_failure_single-k8s-v2-formal-r1-20260819101515,s03,single,1,catalog,RCD_seed3,full,sasrec,sasrec,0.0,0.0,0.0,0.0,0.0,0.0,0.0,0.0,0.0,0.0,0.0,0.0,0.0,0.0
mr1_single_lif-pod_failure_single-k8s-v2-formal-r1-20260819101515,s03,single,1,catalog,RCD_seed4,full,user,user;order,0.0,0.0,0.0,0.0,0.0,0.0,0.0,0.0,0.0,0.0,0.0,0.0,0.0,0.0
mr1_single_lif-pod_failure_single-k8s-v2-formal-r1-20260819101515,s03,single,1,catalog,delta_ratio,full,pricing,pricing;catalog;search;review-query;checkout,0.0,1.0,1.0,0.0,0.0,1.0,1.0,0.0,0.6309297535714575,0.6309297535714575,0.0,1.0,1.0,0.5
mr1_single_lif-pod_failure_single-k8s-v2-formal-r1-20260819101515,s03,single,1,catalog,delta_z,full,catalog,catalog;pricing;order;search;inventory,1.0,1.0,1.0,1.0,1.0,1.0,1.0,1.0,1.0,1.0,1.0,1.0,1.0,1.0
mr1_single_lif-pod_failure_single-k8s-v2-formal-r1-20260819101515,s03,single,1,catalog,BARO,resource,cart,cart;pricing;review-query;search;catalog,0.0,0.0,1.0,0.0,0.0,0.0,1.0,0.0,0.0,0.38685280723454163,0.0,0.0,1.0,0.2
mr1_single_lif-pod_failure_single-k8s-v2-formal-r1-20260819101515,s03,single,1,catalog,RCD_seed0,resource,user,user;inventory;order,0.0,0.0,0.0,0.0,0.0,0.0,0.0,0.0,0.0,0.0,0.0,0.0,0.0,0.0
mr1_single_lif-pod_failure_single-k8s-v2-formal-r1-20260819101515,s03,single,1,catalog,RCD_seed1,resource,order,order;pricing,0.0,0.0,0.0,0.0,0.0,0.0,0.0,0.0,0.0,0.0,0.0,0.0,0.0,0.0
mr1_single_lif-pod_failure_single-k8s-v2-formal-r1-20260819101515,s03,single,1,catalog,RCD_seed2,resource,sasrec,sasrec;order,0.0,0.0,0.0,0.0,0.0,0.0,0.0,0.0,0.0,0.0,0.0,0.0,0.0,0.0
mr1_single_lif-pod_failure_single-k8s-v2-formal-r1-20260819101515,s03,single,1,catalog,RCD_seed3,resource,checkout,checkout;cart,0.0,0.0,0.0,0.0,0.0,0.0,0.0,0.0,0.0,0.0,0.0,0.0,0.0,0.0
mr1_single_lif-pod_failure_single-k8s-v2-formal-r1-20260819101515,s03,single,1,catalog,RCD_seed4,resource,inventory,inventory;pricing,0.0,0.0,0.0,0.0,0.0,0.0,0.0,0.0,0.0,0.0,0.0,0.0,0.0,0.0
mr1_single_lif-pod_failure_single-k8s-v2-formal-r1-20260819101515,s03,single,1,catalog,delta_ratio,resource,catalog,catalog;search;catalog-gw;user;host,1.0,1.0,1.0,1.0,1.0,1.0,1.0,1.0,1.0,1.0,1.0,1.0,1.0,1.0
mr1_single_lif-pod_failure_single-k8s-v2-formal-r1-20260819101515,s03,single,1,catalog,delta_z,resource,catalog,catalog;order;search;inventory;checkout,1.0,1.0,1.0,1.0,1.0,1.0,1.0,1.0,1.0,1.0,1.0,1.0,1.0,1.0
mr1_single_res-service_cpu_single-k8s-v2-formal-r1-20260819101727,s12,single,1,backend,BARO,full,backend,backend;search;host;checkout;user,1.0,1.0,1.0,1.0,1.0,1.0,1.0,1.0,1.0,1.0,1.0,1.0,1.0,1.0
mr1_single_res-service_cpu_single-k8s-v2-formal-r1-20260819101727,s12,single,1,backend,RCD_seed0,full,review-query,review-query,0.0,0.0,0.0,0.0,0.0,0.0,0.0,0.0,0.0,0.0,0.0,0.0,0.0,0.0
mr1_single_res-service_cpu_single-k8s-v2-formal-r1-20260819101727,s12,single,1,backend,RCD_seed1,full,sasrec,sasrec;inventory,0.0,0.0,0.0,0.0,0.0,0.0,0.0,0.0,0.0,0.0,0.0,0.0,0.0,0.0
mr1_single_res-service_cpu_single-k8s-v2-formal-r1-20260819101727,s12,single,1,backend,RCD_seed2,full,review-query,review-query,0.0,0.0,0.0,0.0,0.0,0.0,0.0,0.0,0.0,0.0,0.0,0.0,0.0,0.0
mr1_single_res-service_cpu_single-k8s-v2-formal-r1-20260819101727,s12,single,1,backend,RCD_seed3,full,pricing,pricing;catalog,0.0,0.0,0.0,0.0,0.0,0.0,0.0,0.0,0.0,0.0,0.0,0.0,0.0,0.0
mr1_single_res-service_cpu_single-k8s-v2-formal-r1-20260819101727,s12,single,1,backend,RCD_seed4,full,catalog-gw,catalog-gw;checkout,0.0,0.0,0.0,0.0,0.0,0.0,0.0,0.0,0.0,0.0,0.0,0.0,0.0,0.0
mr1_single_res-service_cpu_single-k8s-v2-formal-r1-20260819101727,s12,single,1,backend,delta_ratio,full,backend,backend;host;review-query;catalog;checkout,1.0,1.0,1.0,1.0,1.0,1.0,1.0,1.0,1.0,1.0,1.0,1.0,1.0,1.0
mr1_single_res-service_cpu_single-k8s-v2-formal-r1-20260819101727,s12,single,1,backend,delta_z,full,backend,backend;host;user;sasrec;search,1.0,1.0,1.0,1.0,1.0,1.0,1.0,1.0,1.0,1.0,1.0,1.0,1.0,1.0
mr1_single_res-service_cpu_single-k8s-v2-formal-r1-20260819101727,s12,single,1,backend,BARO,resource,backend,backend;search;host;user;pricing,1.0,1.0,1.0,1.0,1.0,1.0,1.0,1.0,1.0,1.0,1.0,1.0,1.0,1.0
mr1_single_res-service_cpu_single-k8s-v2-formal-r1-20260819101727,s12,single,1,backend,RCD_seed0,resource,sasrec,sasrec;user,0.0,0.0,0.0,0.0,0.0,0.0,0.0,0.0,0.0,0.0,0.0,0.0,0.0,0.0
mr1_single_res-service_cpu_single-k8s-v2-formal-r1-20260819101727,s12,single,1,backend,RCD_seed1,resource,order,order;checkout,0.0,0.0,0.0,0.0,0.0,0.0,0.0,0.0,0.0,0.0,0.0,0.0,0.0,0.0
mr1_single_res-service_cpu_single-k8s-v2-formal-r1-20260819101727,s12,single,1,backend,RCD_seed2,resource,checkout,checkout,0.0,0.0,0.0,0.0,0.0,0.0,0.0,0.0,0.0,0.0,0.0,0.0,0.0,0.0
mr1_single_res-service_cpu_single-k8s-v2-formal-r1-20260819101727,s12,single,1,backend,RCD_seed3,resource,user,user;sasrec,0.0,0.0,0.0,0.0,0.0,0.0,0.0,0.0,0.0,0.0,0.0,0.0,0.0,0.0
mr1_single_res-service_cpu_single-k8s-v2-formal-r1-20260819101727,s12,single,1,backend,RCD_seed4,resource,backend,backend,1.0,1.0,1.0,1.0,1.0,1.0,1.0,1.0,1.0,1.0,1.0,1.0,1.0,1.0
mr1_single_res-service_cpu_single-k8s-v2-formal-r1-20260819101727,s12,single,1,backend,delta_ratio,resource,backend,backend;host;checkout;cart;review-query,1.0,1.0,1.0,1.0,1.0,1.0,1.0,1.0,1.0,1.0,1.0,1.0,1.0,1.0
mr1_single_res-service_cpu_single-k8s-v2-formal-r1-20260819101727,s12,single,1,backend,delta_z,resource,backend,backend;host;user;sasrec;search,1.0,1.0,1.0,1.0,1.0,1.0,1.0,1.0,1.0,1.0,1.0,1.0,1.0,1.0
mr1_single_lif-pod_failure_single-k8s-v2-formal-r1-20260819102035,s22,single,1,rec-agent,BARO,full,rec-agent,rec-agent;inventory;cart;order;checkout,1.0,1.0,1.0,1.0,1.0,1.0,1.0,1.0,1.0,1.0,1.0,1.0,1.0,1.0
mr1_single_lif-pod_failure_single-k8s-v2-formal-r1-20260819102035,s22,single,1,rec-agent,RCD_seed0,full,order,order;catalog,0.0,0.0,0.0,0.0,0.0,0.0,0.0,0.0,0.0,0.0,0.0,0.0,0.0,0.0
mr1_single_lif-pod_failure_single-k8s-v2-formal-r1-20260819102035,s22,single,1,rec-agent,RCD_seed1,full,catalog-gw,catalog-gw;catalog;order,0.0,0.0,0.0,0.0,0.0,0.0,0.0,0.0,0.0,0.0,0.0,0.0,0.0,0.0
mr1_single_lif-pod_failure_single-k8s-v2-formal-r1-20260819102035,s22,single,1,rec-agent,RCD_seed2,full,pricing,pricing;sasrec;catalog,0.0,0.0,0.0,0.0,0.0,0.0,0.0,0.0,0.0,0.0,0.0,0.0,0.0,0.0
mr1_single_lif-pod_failure_single-k8s-v2-formal-r1-20260819102035,s22,single,1,rec-agent,RCD_seed3,full,sasrec,sasrec;order,0.0,0.0,0.0,0.0,0.0,0.0,0.0,0.0,0.0,0.0,0.0,0.0,0.0,0.0
mr1_single_lif-pod_failure_single-k8s-v2-formal-r1-20260819102035,s22,single,1,rec-agent,RCD_seed4,full,order,order;pricing;catalog,0.0,0.0,0.0,0.0,0.0,0.0,0.0,0.0,0.0,0.0,0.0,0.0,0.0,0.0
mr1_single_lif-pod_failure_single-k8s-v2-formal-r1-20260819102035,s22,single,1,rec-agent,delta_ratio,full,rec-agent,rec-agent;catalog-gw;pricing;checkout;review-query,1.0,1.0,1.0,1.0,1.0,1.0,1.0,1.0,1.0,1.0,1.0,1.0,1.0,1.0
mr1_single_lif-pod_failure_single-k8s-v2-formal-r1-20260819102035,s22,single,1,rec-agent,delta_z,full,rec-agent,rec-agent;sasrec;review-query;cart;search,1.0,1.0,1.0,1.0,1.0,1.0,1.0,1.0,1.0,1.0,1.0,1.0,1.0,1.0
mr1_single_lif-pod_failure_single-k8s-v2-formal-r1-20260819102035,s22,single,1,rec-agent,BARO,resource,rec-agent,rec-agent;cart;checkout;user;pricing,1.0,1.0,1.0,1.0,1.0,1.0,1.0,1.0,1.0,1.0,1.0,1.0,1.0,1.0
mr1_single_lif-pod_failure_single-k8s-v2-formal-r1-20260819102035,s22,single,1,rec-agent,RCD_seed0,resource,rec-agent,rec-agent;sasrec,1.0,1.0,1.0,1.0,1.0,1.0,1.0,1.0,1.0,1.0,1.0,1.0,1.0,1.0
mr1_single_lif-pod_failure_single-k8s-v2-formal-r1-20260819102035,s22,single,1,rec-agent,RCD_seed1,resource,catalog,catalog;cart;sasrec,0.0,0.0,0.0,0.0,0.0,0.0,0.0,0.0,0.0,0.0,0.0,0.0,0.0,0.0
mr1_single_lif-pod_failure_single-k8s-v2-formal-r1-20260819102035,s22,single,1,rec-agent,RCD_seed2,resource,catalog-gw,catalog-gw;catalog,0.0,0.0,0.0,0.0,0.0,0.0,0.0,0.0,0.0,0.0,0.0,0.0,0.0,0.0
mr1_single_lif-pod_failure_single-k8s-v2-formal-r1-20260819102035,s22,single,1,rec-agent,RCD_seed3,resource,checkout,checkout;cart;sasrec,0.0,0.0,0.0,0.0,0.0,0.0,0.0,0.0,0.0,0.0,0.0,0.0,0.0,0.0
mr1_single_lif-pod_failure_single-k8s-v2-formal-r1-20260819102035,s22,single,1,rec-agent,RCD_seed4,resource,order,order;sasrec;catalog-gw,0.0,0.0,0.0,0.0,0.0,0.0,0.0,0.0,0.0,0.0,0.0,0.0,0.0,0.0
mr1_single_lif-pod_failure_single-k8s-v2-formal-r1-20260819102035,s22,single,1,rec-agent,delta_ratio,resource,rec-agent,rec-agent;host;backend;mysql;order,1.0,1.0,1.0,1.0,1.0,1.0,1.0,1.0,1.0,1.0,1.0,1.0,1.0,1.0
mr1_single_lif-pod_failure_single-k8s-v2-formal-r1-20260819102035,s22,single,1,rec-agent,delta_z,resource,rec-agent,rec-agent;sasrec;cart;search;order,1.0,1.0,1.0,1.0,1.0,1.0,1.0,1.0,1.0,1.0,1.0,1.0,1.0,1.0
mr1_single_net-net_delay_single-k8s-v2-formal-r1-20260819102259,s01,single,1,catalog-gw,BARO,full,checkout,checkout;pricing;sasrec;user;order,0.0,0.0,0.0,0.0,0.0,0.0,0.0,0.0,0.0,0.0,0.0,0.0,0.0,0.09090909090909091
mr1_single_net-net_delay_single-k8s-v2-formal-r1-20260819102259,s01,single,1,catalog-gw,RCD_seed0,full,order,order;sasrec,0.0,0.0,0.0,0.0,0.0,0.0,0.0,0.0,0.0,0.0,0.0,0.0,0.0,0.0
mr1_single_net-net_delay_single-k8s-v2-formal-r1-20260819102259,s01,single,1,catalog-gw,RCD_seed1,full,pricing,pricing;cart,0.0,0.0,0.0,0.0,0.0,0.0,0.0,0.0,0.0,0.0,0.0,0.0,0.0,0.0
mr1_single_net-net_delay_single-k8s-v2-formal-r1-20260819102259,s01,single,1,catalog-gw,RCD_seed2,full,user,user,0.0,0.0,0.0,0.0,0.0,0.0,0.0,0.0,0.0,0.0,0.0,0.0,0.0,0.0
mr1_single_net-net_delay_single-k8s-v2-formal-r1-20260819102259,s01,single,1,catalog-gw,RCD_seed3,full,catalog,catalog;checkout,0.0,0.0,0.0,0.0,0.0,0.0,0.0,0.0,0.0,0.0,0.0,0.0,0.0,0.0
mr1_single_net-net_delay_single-k8s-v2-formal-r1-20260819102259,s01,single,1,catalog-gw,RCD_seed4,full,cart,cart;checkout,0.0,0.0,0.0,0.0,0.0,0.0,0.0,0.0,0.0,0.0,0.0,0.0,0.0,0.0
mr1_single_net-net_delay_single-k8s-v2-formal-r1-20260819102259,s01,single,1,catalog-gw,delta_ratio,full,mysql,mysql;pricing;checkout;backend;search,0.0,0.0,0.0,0.0,0.0,0.0,0.0,0.0,0.0,0.0,0.0,0.0,0.0,0.125
mr1_single_net-net_delay_single-k8s-v2-formal-r1-20260819102259,s01,single,1,catalog-gw,delta_z,full,backend,backend;sasrec;mysql;user;cart,0.0,0.0,0.0,0.0,0.0,0.0,0.0,0.0,0.0,0.0,0.0,0.0,0.0,0.06666666666666667
mr1_single_net-net_delay_single-k8s-v2-formal-r1-20260819102259,s01,single,1,catalog-gw,BARO,resource,checkout,checkout;order;inventory;backend;search,0.0,0.0,0.0,0.0,0.0,0.0,0.0,0.0,0.0,0.0,0.0,0.0,0.0,0.125
mr1_single_net-net_delay_single-k8s-v2-formal-r1-20260819102259,s01,single,1,catalog-gw,RCD_seed0,resource,pricing,pricing,0.0,0.0,0.0,0.0,0.0,0.0,0.0,0.0,0.0,0.0,0.0,0.0,0.0,0.0
mr1_single_net-net_delay_single-k8s-v2-formal-r1-20260819102259,s01,single,1,catalog-gw,RCD_seed1,resource,inventory,inventory;checkout,0.0,0.0,0.0,0.0,0.0,0.0,0.0,0.0,0.0,0.0,0.0,0.0,0.0,0.0
mr1_single_net-net_delay_single-k8s-v2-formal-r1-20260819102259,s01,single,1,catalog-gw,RCD_seed2,resource,checkout,checkout,0.0,0.0,0.0,0.0,0.0,0.0,0.0,0.0,0.0,0.0,0.0,0.0,0.0,0.0
mr1_single_net-net_delay_single-k8s-v2-formal-r1-20260819102259,s01,single,1,catalog-gw,RCD_seed3,resource,order,order;review-query,0.0,0.0,0.0,0.0,0.0,0.0,0.0,0.0,0.0,0.0,0.0,0.0,0.0,0.0
mr1_single_net-net_delay_single-k8s-v2-formal-r1-20260819102259,s01,single,1,catalog-gw,RCD_seed4,resource,search,search;catalog-gw,0.0,1.0,1.0,0.0,0.0,1.0,1.0,0.0,0.6309297535714575,0.6309297535714575,0.0,1.0,1.0,0.5
mr1_single_net-net_delay_single-k8s-v2-formal-r1-20260819102259,s01,single,1,catalog-gw,delta_ratio,resource,mysql,mysql;catalog-gw;catalog;host;order,0.0,1.0,1.0,0.0,0.0,1.0,1.0,0.0,0.6309297535714575,0.6309297535714575,0.0,1.0,1.0,0.5
mr1_single_net-net_delay_single-k8s-v2-formal-r1-20260819102259,s01,single,1,catalog-gw,delta_z,resource,sasrec,sasrec;mysql;user;cart;checkout,0.0,0.0,0.0,0.0,0.0,0.0,0.0,0.0,0.0,0.0,0.0,0.0,0.0,0.07692307692307693
mr2_cross_lif-user_podfail_x_backend_cpu-k8s-v2-formal-r1-20260819103551,d21,dual,2,user;backend,BARO,full,backend,backend;user;checkout;catalog-gw;host,1.0,1.0,1.0,1.0,0.0,1.0,1.0,1.0,1.0,1.0,0.5,1.0,1.0,0.75
mr2_cross_lif-user_podfail_x_backend_cpu-k8s-v2-formal-r1-20260819103551,d21,dual,2,user;backend,RCD_seed0,full,pricing,pricing,0.0,0.0,0.0,0.0,0.0,0.0,0.0,0.0,0.0,0.0,0.0,0.0,0.0,0.0
mr2_cross_lif-user_podfail_x_backend_cpu-k8s-v2-formal-r1-20260819103551,d21,dual,2,user;backend,RCD_seed1,full,pricing,pricing,0.0,0.0,0.0,0.0,0.0,0.0,0.0,0.0,0.0,0.0,0.0,0.0,0.0,0.0
mr2_cross_lif-user_podfail_x_backend_cpu-k8s-v2-formal-r1-20260819103551,d21,dual,2,user;backend,RCD_seed2,full,pricing,pricing,0.0,0.0,0.0,0.0,0.0,0.0,0.0,0.0,0.0,0.0,0.0,0.0,0.0,0.0
mr2_cross_lif-user_podfail_x_backend_cpu-k8s-v2-formal-r1-20260819103551,d21,dual,2,user;backend,RCD_seed3,full,pricing,pricing,0.0,0.0,0.0,0.0,0.0,0.0,0.0,0.0,0.0,0.0,0.0,0.0,0.0,0.0
mr2_cross_lif-user_podfail_x_backend_cpu-k8s-v2-formal-r1-20260819103551,d21,dual,2,user;backend,RCD_seed4,full,pricing,pricing,0.0,0.0,0.0,0.0,0.0,0.0,0.0,0.0,0.0,0.0,0.0,0.0,0.0,0.0
mr2_cross_lif-user_podfail_x_backend_cpu-k8s-v2-formal-r1-20260819103551,d21,dual,2,user;backend,delta_ratio,full,backend,backend;host;user;mysql;review-query,1.0,1.0,1.0,0.5,0.0,1.0,1.0,1.0,0.9197207891481876,0.9197207891481876,0.5,1.0,1.0,0.6666666666666666
mr2_cross_lif-user_podfail_x_backend_cpu-k8s-v2-formal-r1-20260819103551,d21,dual,2,user;backend,delta_z,full,user,user;backend;mysql;host;review-query,1.0,1.0,1.0,1.0,0.0,1.0,1.0,1.0,1.0,1.0,0.5,1.0,1.0,0.75
mr2_cross_lif-user_podfail_x_backend_cpu-k8s-v2-formal-r1-20260819103551,d21,dual,2,user;backend,BARO,resource,backend,backend;user;catalog-gw;host;catalog,1.0,1.0,1.0,1.0,0.0,1.0,1.0,1.0,1.0,1.0,0.5,1.0,1.0,0.75
mr2_cross_lif-user_podfail_x_backend_cpu-k8s-v2-formal-r1-20260819103551,d21,dual,2,user;backend,RCD_seed0,resource,pricing,pricing,0.0,0.0,0.0,0.0,0.0,0.0,0.0,0.0,0.0,0.0,0.0,0.0,0.0,0.0
mr2_cross_lif-user_podfail_x_backend_cpu-k8s-v2-formal-r1-20260819103551,d21,dual,2,user;backend,RCD_seed1,resource,pricing,pricing,0.0,0.0,0.0,0.0,0.0,0.0,0.0,0.0,0.0,0.0,0.0,0.0,0.0,0.0
mr2_cross_lif-user_podfail_x_backend_cpu-k8s-v2-formal-r1-20260819103551,d21,dual,2,user;backend,RCD_seed2,resource,pricing,pricing,0.0,0.0,0.0,0.0,0.0,0.0,0.0,0.0,0.0,0.0,0.0,0.0,0.0,0.0
mr2_cross_lif-user_podfail_x_backend_cpu-k8s-v2-formal-r1-20260819103551,d21,dual,2,user;backend,RCD_seed3,resource,pricing,pricing,0.0,0.0,0.0,0.0,0.0,0.0,0.0,0.0,0.0,0.0,0.0,0.0,0.0,0.0
mr2_cross_lif-user_podfail_x_backend_cpu-k8s-v2-formal-r1-20260819103551,d21,dual,2,user;backend,RCD_seed4,resource,pricing,pricing,0.0,0.0,0.0,0.0,0.0,0.0,0.0,0.0,0.0,0.0,0.0,0.0,0.0,0.0
mr2_cross_lif-user_podfail_x_backend_cpu-k8s-v2-formal-r1-20260819103551,d21,dual,2,user;backend,delta_ratio,resource,backend,backend;host;user;mysql;order,1.0,1.0,1.0,0.5,0.0,1.0,1.0,1.0,0.9197207891481876,0.9197207891481876,0.5,1.0,1.0,0.6666666666666666
mr2_cross_lif-user_podfail_x_backend_cpu-k8s-v2-formal-r1-20260819103551,d21,dual,2,user;backend,delta_z,resource,user,user;backend;mysql;host;checkout,1.0,1.0,1.0,1.0,0.0,1.0,1.0,1.0,1.0,1.0,0.5,1.0,1.0,0.75
mr2_cross_res-host_cpu_x_cfg_timeout-k8s-v2-formal-r1-20260819103947,d06,dual,2,host;catalog-gw,BARO,full,checkout,checkout;review-query;cart;order;catalog,0.0,0.0,0.0,0.0,0.0,0.0,0.0,0.0,0.0,0.0,0.0,0.0,0.0,0.07417582417582418
mr2_cross_res-host_cpu_x_cfg_timeout-k8s-v2-formal-r1-20260819103947,d06,dual,2,host;catalog-gw,RCD_seed0,full,review-query,review-query;search,0.0,0.0,0.0,0.0,0.0,0.0,0.0,0.0,0.0,0.0,0.0,0.0,0.0,0.0
mr2_cross_res-host_cpu_x_cfg_timeout-k8s-v2-formal-r1-20260819103947,d06,dual,2,host;catalog-gw,RCD_seed1,full,review-query,review-query;search,0.0,0.0,0.0,0.0,0.0,0.0,0.0,0.0,0.0,0.0,0.0,0.0,0.0,0.0
mr2_cross_res-host_cpu_x_cfg_timeout-k8s-v2-formal-r1-20260819103947,d06,dual,2,host;catalog-gw,RCD_seed2,full,search,search;review-query,0.0,0.0,0.0,0.0,0.0,0.0,0.0,0.0,0.0,0.0,0.0,0.0,0.0,0.0
mr2_cross_res-host_cpu_x_cfg_timeout-k8s-v2-formal-r1-20260819103947,d06,dual,2,host;catalog-gw,RCD_seed3,full,cart,cart;search,0.0,0.0,0.0,0.0,0.0,0.0,0.0,0.0,0.0,0.0,0.0,0.0,0.0,0.0
mr2_cross_res-host_cpu_x_cfg_timeout-k8s-v2-formal-r1-20260819103947,d06,dual,2,host;catalog-gw,RCD_seed4,full,search,search,0.0,0.0,0.0,0.0,0.0,0.0,0.0,0.0,0.0,0.0,0.0,0.0,0.0,0.0
mr2_cross_res-host_cpu_x_cfg_timeout-k8s-v2-formal-r1-20260819103947,d06,dual,2,host;catalog-gw,delta_ratio,full,pricing,pricing;host;checkout;catalog;order,0.0,1.0,1.0,0.5,0.0,0.0,0.0,0.0,0.38685280723454163,0.38685280723454163,0.0,0.5,0.5,0.28846153846153844
mr2_cross_res-host_cpu_x_cfg_timeout-k8s-v2-formal-r1-20260819103947,d06,dual,2,host;catalog-gw,delta_z,full,pricing,pricing;host;order;sasrec;backend,0.0,1.0,1.0,0.5,0.0,0.0,0.0,0.0,0.38685280723454163,0.38685280723454163,0.0,0.5,0.5,0.2857142857142857
mr2_cross_res-host_cpu_x_cfg_timeout-k8s-v2-formal-r1-20260819103947,d06,dual,2,host;catalog-gw,BARO,resource,cart,cart;pricing;review-query;catalog;search,0.0,0.0,0.0,0.0,0.0,0.0,0.0,0.0,0.0,0.0,0.0,0.0,0.0,0.11805555555555555
mr2_cross_res-host_cpu_x_cfg_timeout-k8s-v2-formal-r1-20260819103947,d06,dual,2,host;catalog-gw,RCD_seed0,resource,cart,cart;review-query,0.0,0.0,0.0,0.0,0.0,0.0,0.0,0.0,0.0,0.0,0.0,0.0,0.0,0.0
mr2_cross_res-host_cpu_x_cfg_timeout-k8s-v2-formal-r1-20260819103947,d06,dual,2,host;catalog-gw,RCD_seed1,resource,review-query,review-query;cart,0.0,0.0,0.0,0.0,0.0,0.0,0.0,0.0,0.0,0.0,0.0,0.0,0.0,0.0
mr2_cross_res-host_cpu_x_cfg_timeout-k8s-v2-formal-r1-20260819103947,d06,dual,2,host;catalog-gw,RCD_seed2,resource,search,search;cart,0.0,0.0,0.0,0.0,0.0,0.0,0.0,0.0,0.0,0.0,0.0,0.0,0.0,0.0
mr2_cross_res-host_cpu_x_cfg_timeout-k8s-v2-formal-r1-20260819103947,d06,dual,2,host;catalog-gw,RCD_seed3,resource,search,search;cart,0.0,0.0,0.0,0.0,0.0,0.0,0.0,0.0,0.0,0.0,0.0,0.0,0.0,0.0
mr2_cross_res-host_cpu_x_cfg_timeout-k8s-v2-formal-r1-20260819103947,d06,dual,2,host;catalog-gw,RCD_seed4,resource,review-query,review-query;cart,0.0,0.0,0.0,0.0,0.0,0.0,0.0,0.0,0.0,0.0,0.0,0.0,0.0,0.0
mr2_cross_res-host_cpu_x_cfg_timeout-k8s-v2-formal-r1-20260819103947,d06,dual,2,host;catalog-gw,delta_ratio,resource,host,host;inventory;catalog-gw;checkout;pricing,1.0,1.0,1.0,0.5,0.0,1.0,1.0,1.0,0.9197207891481876,0.9197207891481876,0.5,1.0,1.0,0.6666666666666666
mr2_cross_res-host_cpu_x_cfg_timeout-k8s-v2-formal-r1-20260819103947,d06,dual,2,host;catalog-gw,delta_z,resource,host,host;order;sasrec;backend;checkout,1.0,1.0,1.0,0.5,0.0,0.0,0.0,1.0,0.6131471927654584,0.6131471927654584,0.5,0.5,0.5,0.55
mr2_cross_res-host_cpu_x_cfg_timeout-k8s-v2-formal-r1-20260819104337,d06,dual,2,host;catalog-gw,BARO,full,review-query,review-query;catalog;inventory;user;backend,0.0,0.0,0.0,0.0,0.0,0.0,0.0,0.0,0.0,0.0,0.0,0.0,0.0,0.09126984126984126
mr2_cross_res-host_cpu_x_cfg_timeout-k8s-v2-formal-r1-20260819104337,d06,dual,2,host;catalog-gw,RCD_seed0,full,search,search;user;review-query;order,0.0,0.0,0.0,0.0,0.0,0.0,0.0,0.0,0.0,0.0,0.0,0.0,0.0,0.0
mr2_cross_res-host_cpu_x_cfg_timeout-k8s-v2-formal-r1-20260819104337,d06,dual,2,host;catalog-gw,RCD_seed1,full,search,search,0.0,0.0,0.0,0.0,0.0,0.0,0.0,0.0,0.0,0.0,0.0,0.0,0.0,0.0
mr2_cross_res-host_cpu_x_cfg_timeout-k8s-v2-formal-r1-20260819104337,d06,dual,2,host;catalog-gw,RCD_seed2,full,inventory,inventory;pricing;search,0.0,0.0,0.0,0.0,0.0,0.0,0.0,0.0,0.0,0.0,0.0,0.0,0.0,0.0
mr2_cross_res-host_cpu_x_cfg_timeout-k8s-v2-formal-r1-20260819104337,d06,dual,2,host;catalog-gw,RCD_seed3,full,review-query,review-query;checkout;search,0.0,0.0,0.0,0.0,0.0,0.0,0.0,0.0,0.0,0.0,0.0,0.0,0.0,0.0
mr2_cross_res-host_cpu_x_cfg_timeout-k8s-v2-formal-r1-20260819104337,d06,dual,2,host;catalog-gw,RCD_seed4,full,search,search;inventory,0.0,0.0,0.0,0.0,0.0,0.0,0.0,0.0,0.0,0.0,0.0,0.0,0.0,0.0
mr2_cross_res-host_cpu_x_cfg_timeout-k8s-v2-formal-r1-20260819104337,d06,dual,2,host;catalog-gw,delta_ratio,full,pricing,pricing;host;checkout;order;catalog,0.0,1.0,1.0,0.5,0.0,0.0,0.0,0.0,0.38685280723454163,0.38685280723454163,0.0,0.5,0.5,0.2857142857142857
mr2_cross_res-host_cpu_x_cfg_timeout-k8s-v2-formal-r1-20260819104337,d06,dual,2,host;catalog-gw,delta_z,full,pricing,pricing;host;checkout;review-query;catalog,0.0,1.0,1.0,0.5,0.0,0.0,0.0,0.0,0.38685280723454163,0.38685280723454163,0.0,0.5,0.5,0.2857142857142857
mr2_cross_res-host_cpu_x_cfg_timeout-k8s-v2-formal-r1-20260819104337,d06,dual,2,host;catalog-gw,BARO,resource,catalog-gw,catalog-gw;pricing;order;cart;review-query,1.0,1.0,1.0,0.5,0.0,0.0,0.0,1.0,0.6131471927654584,0.6131471927654584,0.5,0.5,0.5,0.5833333333333334
mr2_cross_res-host_cpu_x_cfg_timeout-k8s-v2-formal-r1-20260819104337,d06,dual,2,host;catalog-gw,RCD_seed0,resource,search,search;user,0.0,0.0,0.0,0.0,0.0,0.0,0.0,0.0,0.0,0.0,0.0,0.0,0.0,0.0
mr2_cross_res-host_cpu_x_cfg_timeout-k8s-v2-formal-r1-20260819104337,d06,dual,2,host;catalog-gw,RCD_seed1,resource,inventory,inventory;checkout,0.0,0.0,0.0,0.0,0.0,0.0,0.0,0.0,0.0,0.0,0.0,0.0,0.0,0.0
mr2_cross_res-host_cpu_x_cfg_timeout-k8s-v2-formal-r1-20260819104337,d06,dual,2,host;catalog-gw,RCD_seed2,resource,search,search,0.0,0.0,0.0,0.0,0.0,0.0,0.0,0.0,0.0,0.0,0.0,0.0,0.0,0.0
mr2_cross_res-host_cpu_x_cfg_timeout-k8s-v2-formal-r1-20260819104337,d06,dual,2,host;catalog-gw,RCD_seed3,resource,order,order;user,0.0,0.0,0.0,0.0,0.0,0.0,0.0,0.0,0.0,0.0,0.0,0.0,0.0,0.0
mr2_cross_res-host_cpu_x_cfg_timeout-k8s-v2-formal-r1-20260819104337,d06,dual,2,host;catalog-gw,RCD_seed4,resource,order,order;pricing,0.0,0.0,0.0,0.0,0.0,0.0,0.0,0.0,0.0,0.0,0.0,0.0,0.0,0.0
mr2_cross_res-host_cpu_x_cfg_timeout-k8s-v2-formal-r1-20260819104337,d06,dual,2,host;catalog-gw,delta_ratio,resource,host,host;catalog-gw;catalog;cart;inventory,1.0,1.0,1.0,1.0,0.0,1.0,1.0,1.0,1.0,1.0,0.5,1.0,1.0,0.75
mr2_cross_res-host_cpu_x_cfg_timeout-k8s-v2-formal-r1-20260819104337,d06,dual,2,host;catalog-gw,delta_z,resource,host,host;checkout;review-query;order;search,1.0,1.0,1.0,0.5,0.0,0.0,0.0,1.0,0.6131471927654584,0.6131471927654584,0.5,0.5,0.5,0.5555555555555556
mr2_cross_res-host_cpu_x_cfg_timeout-k8s-v2-formal-r1-20260819104725,d06,dual,2,host;catalog-gw,BARO,full,pricing,pricing;catalog;inventory;search;checkout,0.0,0.0,0.0,0.0,0.0,0.0,0.0,0.0,0.0,0.0,0.0,0.0,0.0,0.07417582417582418
mr2_cross_res-host_cpu_x_cfg_timeout-k8s-v2-formal-r1-20260819104725,d06,dual,2,host;catalog-gw,RCD_seed0,full,inventory,inventory;checkout,0.0,0.0,0.0,0.0,0.0,0.0,0.0,0.0,0.0,0.0,0.0,0.0,0.0,0.0
mr2_cross_res-host_cpu_x_cfg_timeout-k8s-v2-formal-r1-20260819104725,d06,dual,2,host;catalog-gw,RCD_seed1,full,inventory,inventory,0.0,0.0,0.0,0.0,0.0,0.0,0.0,0.0,0.0,0.0,0.0,0.0,0.0,0.0
mr2_cross_res-host_cpu_x_cfg_timeout-k8s-v2-formal-r1-20260819104725,d06,dual,2,host;catalog-gw,RCD_seed2,full,checkout,checkout;search,0.0,0.0,0.0,0.0,0.0,0.0,0.0,0.0,0.0,0.0,0.0,0.0,0.0,0.0
mr2_cross_res-host_cpu_x_cfg_timeout-k8s-v2-formal-r1-20260819104725,d06,dual,2,host;catalog-gw,RCD_seed3,full,pricing,pricing,0.0,0.0,0.0,0.0,0.0,0.0,0.0,0.0,0.0,0.0,0.0,0.0,0.0,0.0
mr2_cross_res-host_cpu_x_cfg_timeout-k8s-v2-formal-r1-20260819104725,d06,dual,2,host;catalog-gw,RCD_seed4,full,checkout,checkout;order,0.0,0.0,0.0,0.0,0.0,0.0,0.0,0.0,0.0,0.0,0.0,0.0,0.0,0.0
mr2_cross_res-host_cpu_x_cfg_timeout-k8s-v2-formal-r1-20260819104725,d06,dual,2,host;catalog-gw,delta_ratio,full,catalog,catalog;pricing;host;checkout;inventory,0.0,1.0,1.0,0.0,0.0,0.0,0.0,0.0,0.3065735963827292,0.3065735963827292,0.0,0.5,0.5,0.20512820512820512
mr2_cross_res-host_cpu_x_cfg_timeout-k8s-v2-formal-r1-20260819104725,d06,dual,2,host;catalog-gw,delta_z,full,catalog,catalog;pricing;host;checkout;order,0.0,1.0,1.0,0.0,0.0,0.0,0.0,0.0,0.3065735963827292,0.3065735963827292,0.0,0.5,0.5,0.20512820512820512
mr2_cross_res-host_cpu_x_cfg_timeout-k8s-v2-formal-r1-20260819104725,d06,dual,2,host;catalog-gw,BARO,resource,catalog,catalog;checkout;review-query;cart;host,0.0,0.0,1.0,0.0,0.0,0.0,0.0,0.0,0.0,0.23719771276929622,0.0,0.0,0.5,0.18333333333333335
mr2_cross_res-host_cpu_x_cfg_timeout-k8s-v2-formal-r1-20260819104725,d06,dual,2,host;catalog-gw,RCD_seed0,resource,pricing,pricing,0.0,0.0,0.0,0.0,0.0,0.0,0.0,0.0,0.0,0.0,0.0,0.0,0.0,0.0
mr2_cross_res-host_cpu_x_cfg_timeout-k8s-v2-formal-r1-20260819104725,d06,dual,2,host;catalog-gw,RCD_seed1,resource,pricing,pricing,0.0,0.0,0.0,0.0,0.0,0.0,0.0,0.0,0.0,0.0,0.0,0.0,0.0,0.0
mr2_cross_res-host_cpu_x_cfg_timeout-k8s-v2-formal-r1-20260819104725,d06,dual,2,host;catalog-gw,RCD_seed2,resource,pricing,pricing,0.0,0.0,0.0,0.0,0.0,0.0,0.0,0.0,0.0,0.0,0.0,0.0,0.0,0.0
mr2_cross_res-host_cpu_x_cfg_timeout-k8s-v2-formal-r1-20260819104725,d06,dual,2,host;catalog-gw,RCD_seed3,resource,pricing,pricing,0.0,0.0,0.0,0.0,0.0,0.0,0.0,0.0,0.0,0.0,0.0,0.0,0.0,0.0
mr2_cross_res-host_cpu_x_cfg_timeout-k8s-v2-formal-r1-20260819104725,d06,dual,2,host;catalog-gw,RCD_seed4,resource,pricing,pricing,0.0,0.0,0.0,0.0,0.0,0.0,0.0,0.0,0.0,0.0,0.0,0.0,0.0,0.0
mr2_cross_res-host_cpu_x_cfg_timeout-k8s-v2-formal-r1-20260819104725,d06,dual,2,host;catalog-gw,delta_ratio,resource,host,host;checkout;catalog-gw;backend;search,1.0,1.0,1.0,0.5,0.0,1.0,1.0,1.0,0.9197207891481876,0.9197207891481876,0.5,1.0,1.0,0.6666666666666666
mr2_cross_res-host_cpu_x_cfg_timeout-k8s-v2-formal-r1-20260819104725,d06,dual,2,host;catalog-gw,delta_z,resource,host,host;pricing;checkout;sasrec;catalog-gw,1.0,1.0,1.0,0.5,0.0,0.0,1.0,1.0,0.6131471927654584,0.8503449055347546,0.5,0.5,1.0,0.6
mr2_cross_res-host_cpu_x_cfg_timeout-k8s-v2-formal-r1-20260819105852,d06,dual,2,host;catalog-gw,BARO,full,review-query,review-query;checkout;catalog;cart;rec-agent,0.0,0.0,0.0,0.0,0.0,0.0,0.0,0.0,0.0,0.0,0.0,0.0,0.0,0.07417582417582418
mr2_cross_res-host_cpu_x_cfg_timeout-k8s-v2-formal-r1-20260819105852,d06,dual,2,host;catalog-gw,RCD_seed0,full,search,search;checkout,0.0,0.0,0.0,0.0,0.0,0.0,0.0,0.0,0.0,0.0,0.0,0.0,0.0,0.0
mr2_cross_res-host_cpu_x_cfg_timeout-k8s-v2-formal-r1-20260819105852,d06,dual,2,host;catalog-gw,RCD_seed1,full,checkout,checkout,0.0,0.0,0.0,0.0,0.0,0.0,0.0,0.0,0.0,0.0,0.0,0.0,0.0,0.0
mr2_cross_res-host_cpu_x_cfg_timeout-k8s-v2-formal-r1-20260819105852,d06,dual,2,host;catalog-gw,RCD_seed2,full,order,order;search,0.0,0.0,0.0,0.0,0.0,0.0,0.0,0.0,0.0,0.0,0.0,0.0,0.0,0.0
mr2_cross_res-host_cpu_x_cfg_timeout-k8s-v2-formal-r1-20260819105852,d06,dual,2,host;catalog-gw,RCD_seed3,full,search,search,0.0,0.0,0.0,0.0,0.0,0.0,0.0,0.0,0.0,0.0,0.0,0.0,0.0,0.0
mr2_cross_res-host_cpu_x_cfg_timeout-k8s-v2-formal-r1-20260819105852,d06,dual,2,host;catalog-gw,RCD_seed4,full,checkout,checkout,0.0,0.0,0.0,0.0,0.0,0.0,0.0,0.0,0.0,0.0,0.0,0.0,0.0,0.0
mr2_cross_res-host_cpu_x_cfg_timeout-k8s-v2-formal-r1-20260819105852,d06,dual,2,host;catalog-gw,delta_ratio,full,pricing,pricing;host;checkout;order;review-query,0.0,1.0,1.0,0.5,0.0,0.0,0.0,0.0,0.38685280723454163,0.38685280723454163,0.0,0.5,0.5,0.28846153846153844
mr2_cross_res-host_cpu_x_cfg_timeout-k8s-v2-formal-r1-20260819105852,d06,dual,2,host;catalog-gw,delta_z,full,pricing,pricing;host;sasrec;search;checkout,0.0,1.0,1.0,0.5,0.0,0.0,0.0,0.0,0.38685280723454163,0.38685280723454163,0.0,0.5,0.5,0.3
mr2_cross_res-host_cpu_x_cfg_timeout-k8s-v2-formal-r1-20260819105852,d06,dual,2,host;catalog-gw,BARO,resource,review-query,review-query;search;backend;pricing;order,0.0,0.0,0.0,0.0,0.0,0.0,0.0,0.0,0.0,0.0,0.0,0.0,0.0,0.10795454545454546
mr2_cross_res-host_cpu_x_cfg_timeout-k8s-v2-formal-r1-20260819105852,d06,dual,2,host;catalog-gw,RCD_seed0,resource,order,order;inventory;review-query,0.0,0.0,0.0,0.0,0.0,0.0,0.0,0.0,0.0,0.0,0.0,0.0,0.0,0.0
mr2_cross_res-host_cpu_x_cfg_timeout-k8s-v2-formal-r1-20260819105852,d06,dual,2,host;catalog-gw,RCD_seed1,resource,cart,cart;user;review-query;inventory,0.0,0.0,0.0,0.0,0.0,0.0,0.0,0.0,0.0,0.0,0.0,0.0,0.0,0.0
mr2_cross_res-host_cpu_x_cfg_timeout-k8s-v2-formal-r1-20260819105852,d06,dual,2,host;catalog-gw,RCD_seed2,resource,order,order;checkout,0.0,0.0,0.0,0.0,0.0,0.0,0.0,0.0,0.0,0.0,0.0,0.0,0.0,0.0
mr2_cross_res-host_cpu_x_cfg_timeout-k8s-v2-formal-r1-20260819105852,d06,dual,2,host;catalog-gw,RCD_seed3,resource,inventory,inventory;review-query;cart;user,0.0,0.0,0.0,0.0,0.0,0.0,0.0,0.0,0.0,0.0,0.0,0.0,0.0,0.0
mr2_cross_res-host_cpu_x_cfg_timeout-k8s-v2-formal-r1-20260819105852,d06,dual,2,host;catalog-gw,RCD_seed4,resource,inventory,inventory;review-query;search;user,0.0,0.0,0.0,0.0,0.0,0.0,0.0,0.0,0.0,0.0,0.0,0.0,0.0,0.0
mr2_cross_res-host_cpu_x_cfg_timeout-k8s-v2-formal-r1-20260819105852,d06,dual,2,host;catalog-gw,delta_ratio,resource,host,host;catalog-gw;backend;cart;order,1.0,1.0,1.0,1.0,0.0,1.0,1.0,1.0,1.0,1.0,0.5,1.0,1.0,0.75
mr2_cross_res-host_cpu_x_cfg_timeout-k8s-v2-formal-r1-20260819105852,d06,dual,2,host;catalog-gw,delta_z,resource,host,host;search;sasrec;pricing;checkout,1.0,1.0,1.0,0.5,0.0,0.0,0.0,1.0,0.6131471927654584,0.6131471927654584,0.5,0.5,0.5,0.55
